Image Name,Invoice Number,Invoice Date,Vendor Name,Total Amount,Item Number,Description,Quantity,Unit Price,Net Worth,VAT,Gross Worth,Calculated Net Worth,Net Worth Valid,Calculated Gross Worth,Gross Worth Valid,Validation Result,Prediction,Anomaly Score,IsAnomaly,AnomalyReason
batch1-0001.jpg,51109338,04/13/2013,"Andrews, Kirby and Valdez",6204.19,1,CLEARANCE! Fast Dell Desktop,3.0,209.0,627.0,10.0,689.7,627.0,True,689.7,True,True,-1,-0.03991484400783596,True,Unusual pattern detected by Isolation Forest
batch1-0001.jpg,51109338,04/13/2013,"Andrews, Kirby and Valdez",6204.19,2,HP T520 Thin Client Computer,5.0,37.75,188.75,10.0,207.63,188.75,True,207.62500000000003,True,True,-1,-0.007213275683154441,True,Unusual pattern detected by Isolation Forest
batch1-0001.jpg,51109338,04/13/2013,"Andrews, Kirby and Valdez",6204.19,3,gaming pc desktop computer,1.0,400.0,400.0,10.0,440.0,400.0,True,440.00000000000006,True,True,-1,-0.07818840880715894,True,Unusual pattern detected by Isolation Forest
batch1-0001.jpg,51109338,04/13/2013,"Andrews, Kirby and Valdez",6204.19,4,12-Core Gaming Computer,3.0,464.89,1394.67,10.0,1534.14,1394.67,True,1534.1370000000002,True,True,-1,-0.06013533346044686,True,Unusual pattern detected by Isolation Forest
batch1-0001.jpg,51109338,04/13/2013,"Andrews, Kirby and Valdez",6204.19,5,Custom Build Dell Optiplex 9020,5.0,221.99,1109.95,10.0,1220.95,1109.95,True,1220.9450000000002,True,True,-1,-0.07152295280111964,True,Unusual pattern detected by Isolation Forest
batch1-0001.jpg,51109338,04/13/2013,"Andrews, Kirby and Valdez",6204.19,6,Del! Optiplex 990 MT Computer,4.0,269.95,1079.8,10.0,1187.78,1079.8,True,1187.78,True,True,-1,-0.04835744309136181,True,Unusual pattern detected by Isolation Forest
batch1-0001.jpg,51109338,04/13/2013,"Andrews, Kirby and Valdez",6204.19,7,Dell Core 2 Duo Desktop,5.0,168.0,840.0,10.0,924.0,840.0,True,924.0000000000001,True,True,-1,-0.06642995860073375,True,Unusual pattern detected by Isolation Forest
batch1-0002.jpg,12847181,03/03/2012,Fitzpatrick and Sons Duncan PLC,6860.45,1,HP Desktop Computer PC J,4.0,139.95,559.8,10.0,615.78,559.8,True,615.78,True,True,-1,-0.03261838829189223,True,Unusual pattern detected by Isolation Forest
batch1-0002.jpg,12847181,03/03/2012,Fitzpatrick and Sons Duncan PLC,6860.45,2,CUSTOM BUILT AMD RYZEN,3.0,1400.0,4200.0,10.0,4620.0,4200.0,True,4620.0,True,True,-1,-0.14236173952478437,True,Unusual pattern detected by Isolation Forest
batch1-0002.jpg,12847181,03/03/2012,Fitzpatrick and Sons Duncan PLC,6860.45,3,Fast Dell Optiplex Desktop PC,1.0,217.0,217.0,10.0,238.7,217.0,True,238.70000000000002,True,True,-1,-0.04061785326048939,True,Unusual pattern detected by Isolation Forest
batch1-0002.jpg,12847181,03/03/2012,Fitzpatrick and Sons Duncan PLC,6860.45,4,Dell Optiplex 790 Computer i7,3.0,159.99,479.97,10.0,527.97,479.97,True,527.9670000000001,True,True,-1,-0.034175036015426596,True,Unusual pattern detected by Isolation Forest
batch1-0002.jpg,12847181,03/03/2012,Fitzpatrick and Sons Duncan PLC,6860.45,5,Vintage Microsolutions Pentium,2.0,390.0,780.0,10.0,858.0,780.0,True,858.0000000000001,True,True,-1,-0.06796704645074059,True,Unusual pattern detected by Isolation Forest
batch1-0003.jpg,19471831,04/09/2014,Palmer Ltd,44745.59,1,"15""x15"" White Decorative Coffee Table Top Lapis Lazuli Marquetery Patio Décor",3.0,645.77,1937.31,10.0,2131.04,1937.31,True,2131.041,True,True,-1,-0.0913133919760748,True,Unusual pattern detected by Isolation Forest
batch1-0003.jpg,19471831,04/09/2014,Palmer Ltd,44745.59,2,4'x2' Marble Dining Table Top Pietra Dura Birds Inlay Art Furniture Decors B444,5.0,1840.1,9200.5,10.0,10120.55,9200.5,True,10120.550000000001,True,True,-1,-0.17018848074107717,True,Unusual pattern detected by Isolation Forest
batch1-0003.jpg,19471831,04/09/2014,Palmer Ltd,44745.59,3,60 Inches Marble Dinning Table Top Hand Inlaid Garden Table with Gemstones,5.0,5908.0,29540.0,10.0,32494.0,29540.0,True,32494.000000000004,True,True,-1,-0.21598907261077038,True,Unusual pattern detected by Isolation Forest
batch1-0005.jpg,89969473,10/29/2016,"Johnson-Martin Deleon, Davila and Allen",797.91,1,Wild West Wine,2.0,27.0,54.0,10.0,59.4,54.0,True,59.400000000000006,True,True,1,0.03192959284021757,False,Normal
batch1-0005.jpg,89969473,10/29/2016,"Johnson-Martin Deleon, Davila and Allen",797.91,2,Press Wine 15L Fruit Cider,2.0,279.0,558.0,10.0,613.8,558.0,True,613.8000000000001,True,True,-1,-0.053595737554853806,True,Unusual pattern detected by Isolation Forest
batch1-0005.jpg,89969473,10/29/2016,"Johnson-Martin Deleon, Davila and Allen",797.91,3,Wine Rack Holder Iron Art,3.0,18.75,56.25,10.0,61.87,56.25,True,61.87500000000001,True,True,1,0.03283711529837374,False,Normal
batch1-0005.jpg,89969473,10/29/2016,"Johnson-Martin Deleon, Davila and Allen",797.91,4,Rust Proof Three Rows Tool,2.0,11.56,23.12,10.0,25.43,23.12,True,25.432000000000002,True,True,1,0.042297862325718694,False,Normal
batch1-0005.jpg,89969473,10/29/2016,"Johnson-Martin Deleon, Davila and Allen",797.91,5,VTG 1970s MCM Brown Steel,1.0,34.0,34.0,10.0,37.4,34.0,True,37.400000000000006,True,True,1,0.011637446755814573,False,Normal
batch1-0006.jpg,72128555,12/25/2013,Obrien Group,732.34,1,Fatawa Islamiyah (tslamic Verdicts) (8 Volume Set),3.0,,,,,,False,,False,False,1,0.09996470912184524,False,Normal
batch1-0006.jpg,72128555,12/25/2013,Obrien Group,732.34,2,Sasinowski M-Legacy Of Ra BOOK NEW,3.0,,,,,,False,,False,False,1,0.09996470912184524,False,Normal
batch1-0006.jpg,72128555,12/25/2013,Obrien Group,732.34,3,Time Life Books: The Old West Series ~ Complete 26 Volumes + Master Index mn853 4 Tumbling by Caela Carter,2.0,,,,,,False,,False,False,1,0.08969061827656727,False,Normal
batch1-0006.jpg,72128555,12/25/2013,Obrien Group,732.34,5,How to Win Friends & Influence People,,,,,,,False,,False,False,1,0.015377551514200227,False,Normal
batch1-0007.jpg,11580833,1/24/2019,"Wood, Simpson and Summers",5138.35,1,Dell Optiplex SFF Desktop Computer Windows 10 4GB 160GB,1.0,89.99,89.99,10.0,98.99,89.99,True,98.989,True,True,-1,-0.00767051889166015,True,Unusual pattern detected by Isolation Forest
batch1-0007.jpg,11580833,1/24/2019,"Wood, Simpson and Summers",5138.35,2,"Dell Desktop Computer{]intel Core 2 Duo 8GB 1TB HD DWindows 10 PC 22"" LCD Wifi",3.0,69.95,209.85,10.0,230.84,209.85000000000002,True,230.835,True,True,1,0.0004614896986945838,False,Normal
batch1-0007.jpg,11580833,1/24/2019,"Wood, Simpson and Summers",5138.35,3,HP 6200 Pro Core i? 3.4GHz Quad Core 16GB 500GB Computer,5.0,256.68,1283.4,10.0,1411.74,1283.4,True,1411.7400000000002,True,True,-1,-0.06726169692832729,True,Unusual pattern detected by Isolation Forest
batch1-0007.jpg,11580833,1/24/2019,"Wood, Simpson and Summers",5138.35,4,Vintage Microsolutions Pentium 133mhz Desktop Tower PC Windows 95,5.25,390.0,1170.0,10.0,1287.0,2047.5,False,1287.0,True,False,-1,-0.08546888890942916,True,Unusual pattern detected by Isolation Forest
batch1-0007.jpg,11580833,1/24/2019,"Wood, Simpson and Summers",5138.35,5,"Dell OptiPlex 7060 SFF Computer, 8th Gen Core i5, 8GB ODOR, New 240GB SSD, DVD",4.0,202.5,810.0,10.0,891.0,810.0,True,891.0000000000001,True,True,-1,-0.04498432525144114,True,Unusual pattern detected by Isolation Forest
batch1-0007.jpg,11580833,1/24/2019,"Wood, Simpson and Summers",5138.35,6,Custom Gaming PC Computer FX-6300 3.5GHz 8GB RAM 128GB SSD 1 TB HDD RX 580 4GB,1.0,449.99,449.99,10.0,494.99,449.99,True,494.98900000000003,True,True,-1,-0.08713837960645854,True,Unusual pattern detected by Isolation Forest
batch1-0007.jpg,11580833,1/24/2019,"Wood, Simpson and Summers",5138.35,7,Custom Build HP Desktop Computer 16GB | 2TB | SSD | Windows 10 Windows 7 PC WiFi,2.0,329.0,658.0,10.0,723.8,658.0,True,723.8000000000001,True,True,-1,-0.05473015547973514,True,Unusual pattern detected by Isolation Forest
batch1-0008.jpg,74589240,12/08/2013,Hall-Boyd,12973.88,1,3D Printed Mat Vortex Illusion Living room Rug Carpet Floors Doors Round Mat,3.0,,,,,,False,,False,False,1,0.09996470912184524,False,Normal
batch1-0008.jpg,74589240,12/08/2013,Hall-Boyd,12973.88,2,New Golden Brown Oriental Rug 4X6 Oushak Chobi Floral Hand-Knotted Foyer Carpet,5.0,,,,,,False,,False,False,1,0.07862962768810455,False,Normal
batch1-0008.jpg,74589240,12/08/2013,Hall-Boyd,12973.88,3,YILONG 5.5'x8' Handknotted Silk Area Rugs Home Decor Classic Blue Carpet 0790,1.0,,,,,,False,,False,False,1,0.06889057152290301,False,Normal
batch1-0008.jpg,74589240,12/08/2013,Hall-Boyd,12973.88,4,Pretty Woman Small Large Long Floor Carpet Area Rugs Various Size Soft Rug,1.0,,,,,,False,,False,False,1,0.06889057152290301,False,Normal
batch1-0009.jpg,81978187,01/17/2013,Padilla-Miller,124.79,1,Wine Bottle Holder,5.0,,,,,,False,,False,False,1,0.07862962768810455,False,Normal
batch1-0009.jpg,81978187,01/17/2013,Padilla-Miller,124.79,2,Cuisinart Stainless Steel Electric,3.0,,,,,,False,,False,False,1,0.09996470912184524,False,Normal
batch1-0010.jpg,99314100,06/25/2014,"Michael, Farrell and Lee",6573.33,1,Real Madrid Inflatable Chair,5.0,,,,,,False,,False,False,1,0.07862962768810455,False,Normal
batch1-0010.jpg,99314100,06/25/2014,"Michael, Farrell and Lee",6573.33,2,60 Inches Marble Dinning Table,1.0,,,,,,False,,False,False,1,0.06889057152290301,False,Normal
batch1-0011.jpg,68688408,03/20/2016,Torres and Sons,91.27,1,Nike 747998-401 Team Hustle,3.0,,,,,,False,,False,False,1,0.09996470912184524,False,Normal
batch1-0011.jpg,68688408,03/20/2016,Torres and Sons,91.27,2,Jordan Nike Kid Air 1 Retro High,1.0,,,,,,False,,False,False,1,0.06889057152290301,False,Normal
batch1-0012.jpg,13407985,11/22/2013,,5459.75,1,Adult Kids Pokemon Pikachu Kigurumi Pajama Cosplay Christmas Costume Sleepwear,5.0,,,,,,False,,False,False,1,0.07862962768810455,False,Normal
batch1-0012.jpg,13407985,11/22/2013,,5459.75,2,Vintage 90s Sostanza Plus Size Dress 22W Floral Cottagecore,3.0,,,,,,False,,False,False,1,0.09996470912184524,False,Normal
batch1-0012.jpg,13407985,11/22/2013,,5459.75,3,balmain dress 36,3.0,,,,,,False,,False,False,1,0.09996470912184524,False,Normal
batch1-0012.jpg,13407985,11/22/2013,,5459.75,4,Lilly Pulitzer 8 Sunkissed with Glow Janice Shift Dress,2.0,,,,,,False,,False,False,1,0.08969061827656727,False,Normal
batch1-0013.jpg,57986024,0/17/2015,Schmidt LLC,237.29,1,"Straw Dogs : Thoughts on Humans and Other Animals, Paperback by Gray, John, L...",5.0,,,,,,False,,False,False,1,0.07862962768810455,False,Normal
batch1-0013.jpg,57986024,0/17/2015,Schmidt LLC,237.29,2,Quilts of Illusion,5.0,,,,,,False,,False,False,1,0.07862962768810455,False,Normal
batch1-0013.jpg,57986024,0/17/2015,Schmidt LLC,237.29,3,Selected poetry of W H Auden 4 In the Footsteps of the Russian Snowman (Paperback or Softback),1.0,,,,,,False,,False,False,1,0.06889057152290301,False,Normal
batch1-0013.jpg,57986024,0/17/2015,Schmidt LLC,237.29,5,"Steam Yacht Varuna, Brand New, Free shipping in the US",4.0,,,,,,False,,False,False,1,0.09500330356536002,False,Normal
batch1-0014.jpg,77596491,01/31/2021,,24.95,1,Earl Scruggs and the 5-String,1.0,,,,,,False,,False,False,1,0.06889057152290301,False,Normal
batch1-0015.jpg,46506594,03/12/2012,Porter-Perkins,1469.45,1,Nintendo 3DS Handheld Console Purple,5.0,,,,,,False,,False,False,1,0.07862962768810455,False,Normal
batch1-0015.jpg,46506594,03/12/2012,Porter-Perkins,1469.45,2,PocketGo Bittboy v2 White Retro Video Game Portable Console - 3.5 IPS display,4.0,,,,,,False,,False,False,1,0.09500330356536002,False,Normal
batch1-0015.jpg,46506594,03/12/2012,Porter-Perkins,1469.45,3,Sony PlayStation 3 Slim 120GB Black Console,4.0,,,,,,False,,False,False,1,0.09500330356536002,False,Normal
batch1-0015.jpg,46506594,03/12/2012,Porter-Perkins,1469.45,4,"Microsoft Xbox 360 - White - Console, Power Supply, AV Cables *Tested, Working*",1.0,,,,,,False,,False,False,1,0.06889057152290301,False,Normal
batch1-0015.jpg,46506594,03/12/2012,Porter-Perkins,1469.45,5,"SONY Playstation2 Console SCPH-39000 "" Aqua Color * / TESTED 11181",1.0,,,,,,False,,False,False,1,0.06889057152290301,False,Normal
batch1-0015.jpg,46506594,03/12/2012,Porter-Perkins,1469.45,6,"Nintendo 64 Console “Perfect"" + Lot Games ""6 Games“",1.0,,,,,,False,,False,False,1,0.06889057152290301,False,Normal
batch1-0016.jpg,44456646,03/21/2015,Austin and Sons,316.1,1,crewcuts shoes,4.0,,,,,,False,,False,False,1,0.09500330356536002,False,Normal
batch1-0016.jpg,44456646,03/21/2015,Austin and Sons,316.1,2,nickelodeon TMNT Teenage,2.0,,,,,,False,,False,False,1,0.08969061827656727,False,Normal
batch1-0016.jpg,44456646,03/21/2015,Austin and Sons,316.1,3,Lands’ End Kids Boys Snow,3.0,,,,,,False,,False,False,1,0.09996470912184524,False,Normal
batch1-0016.jpg,44456646,03/21/2015,Austin and Sons,316.1,4,Under Armour KIDS’ LOCKDOWN,5.0,,,,,,False,,False,False,1,0.07862962768810455,False,Normal
batch1-0016.jpg,44456646,03/21/2015,Austin and Sons,316.1,5,SEVENTEEN Semicolon Special,5.0,,,,,,False,,False,False,1,0.07862962768810455,False,Normal
batch1-0017.jpg,98858130,01/28/2021,"Dominguez, Jackson and Steele",442.07,1,Wine Glasses Set Of 4,2.0,,,,,,False,,False,False,1,0.08969061827656727,False,Normal
batch1-0017.jpg,98858130,01/28/2021,"Dominguez, Jackson and Steele",442.07,2,Uncork New York rolling vineryards Wine glass set of 2,5.0,,,,,,False,,False,False,1,0.07862962768810455,False,Normal
batch1-0017.jpg,98858130,01/28/2021,"Dominguez, Jackson and Steele",442.07,3,Anthropologie Gold Elegant Swan Decorative Metal Bottle Stopper Wine Saver,1.0,,,,,,False,,False,False,1,0.06889057152290301,False,Normal
batch1-0017.jpg,98858130,01/28/2021,"Dominguez, Jackson and Steele",442.07,4,Moonshine Still 8Gal/30L Water Alcohol Distiller Home Brew Wine Making Kit 3 Pot,3.0,,,,,,False,,False,False,1,0.09996470912184524,False,Normal
batch1-0017.jpg,98858130,01/28/2021,"Dominguez, Jackson and Steele",442.07,5,4 Tupperware Wine Stemless Cups Set Acrylic Plastic Shatter Proof Beverages New,2.0,,,,,,False,,False,False,1,0.08969061827656727,False,Normal
batch1-0018.jpg,36187296,01/05/2017,"Lopez, Murray and Johnston",518.8,1,Nike Kids KD Trey 5 / Nike Black Size 4.5aY,5.0,,,,,,False,,False,False,1,0.07862962768810455,False,Normal
batch1-0018.jpg,36187296,01/05/2017,"Lopez, Murray and Johnston",518.8,2,Lego Star Wars Minifigures Stormtrooper Darth Vader Yoda Obi Van Mandalorian New,1.0,,,,,,False,,False,False,1,0.06889057152290301,False,Normal
batch1-0018.jpg,36187296,01/05/2017,"Lopez, Murray and Johnston",518.8,3,Nike Air Jordan 1 Mid Obsidian 640735-174 Toddler Kids Children Size 8C Blue,5.0,,,,,,False,,False,False,1,0.07862962768810455,False,Normal
batch1-0018.jpg,36187296,01/05/2017,"Lopez, Murray and Johnston",518.8,4,Oomphies Boys Ankle Boots Shoes Gray Green Kids Size 2 Euc,4.0,,,,,,False,,False,False,1,0.09500330356536002,False,Normal
batch1-0018.jpg,36187296,01/05/2017,"Lopez, Murray and Johnston",518.8,5,Jordan 10 Retro Fusion Red Size 6Y,3.0,,,,,,False,,False,False,1,0.09996470912184524,False,Normal
batch1-0018.jpg,36187296,01/05/2017,"Lopez, Murray and Johnston",518.8,6,Jordan Hydro 2 (TD)-Child Size 10¢,1.0,,,,,,False,,False,False,1,0.06889057152290301,False,Normal
batch1-0019.jpg,56908352,01/11/2015,"Lozano, Wang and Smith",188.11,1,Rage By Bob Woodward - Oonald Trump NEW HARDCOVER Sept 2020,5.0,,,,,,False,,False,False,1,0.07862962768810455,False,Normal
batch1-0019.jpg,56908352,01/11/2015,"Lozano, Wang and Smith",188.11,2,Spectacular Ireland Coffee Table Book - very large,4.0,,,,,,False,,False,False,1,0.09500330356536002,False,Normal
batch1-0019.jpg,56908352,01/11/2015,"Lozano, Wang and Smith",188.11,3,"The Complete Life's Littie Instruction Book by Brown, H. Jackson, Jr.",4.0,,,,,,False,,False,False,1,0.09500330356536002,False,Normal
batch1-0020.jpg,15001300,02/18/2014,"Kerr, Ryan and Gomez Mason Ltd",327.08,1,100Pcs Wail Stickers Home,1.0,1.7,1.7,10.0,1.87,1.7,True,1.87,True,True,-1,-0.0015453066054165188,True,Unusual pattern detected by Isolation Forest
batch1-0020.jpg,15001300,02/18/2014,"Kerr, Ryan and Gomez Mason Ltd",327.08,2,PUMA Boys Kids Athletic Shoes,3.0,19.0,57.0,10.0,62.7,57.0,True,62.7,True,True,1,0.03272466200638535,False,Normal
batch1-0020.jpg,15001300,02/18/2014,"Kerr, Ryan and Gomez Mason Ltd",327.08,3,Joma Youth Boys Gol 205 Piso,5.0,19.99,99.95,10.0,109.94,99.94999999999999,True,109.94500000000001,True,True,1,0.01064504643535319,False,Normal
batch1-0020.jpg,15001300,02/18/2014,"Kerr, Ryan and Gomez Mason Ltd",327.08,4,Fila Boys Skele-Toes Bay RNR 3,3.0,10.25,30.75,10.0,33.83,30.75,True,33.825,True,True,1,0.028914778118913742,False,Normal
batch1-0020.jpg,15001300,02/18/2014,"Kerr, Ryan and Gomez Mason Ltd",327.08,5,Kid Connection Kids Winter,5.0,21.59,107.95,10.0,118.75,107.95,True,118.74500000000002,True,True,1,0.009152628882701741,False,Normal
batch1-0021.jpg,96430839,01/13/2019,,4958.16,1,Dell Optiplex 990 MT Computer PC Quad Core i? 3.4GHz 16GB 2TB HD Windows 10 Pro,4.0,,,,,,False,,False,False,1,0.09500330356536002,False,Normal
batch1-0021.jpg,96430839,01/13/2019,,4958.16,2,Open Box: Dell XPS 8930 Desktop Computer Intel Core i7 8GB RAM 1TB HDD Black - 8,1.0,,,,,,False,,False,False,1,0.06889057152290301,False,Normal
batch1-0021.jpg,96430839,01/13/2019,,4958.16,3,Dell 9020 15-4570 | 16GB | 2TB | SSD Windows 10 Pro Desktop Computer PC WiFi DVD,5.0,,,,,,False,,False,False,1,0.07862962768810455,False,Normal
batch1-0021.jpg,96430839,01/13/2019,,4958.16,4,Dell Optiplex 7040 SFF PC Computer Intel Core i5-6500 3.2GHz 4GB RAM S00GB HDD,4.0,,,,,,False,,False,False,1,0.09500330356536002,False,Normal
batch1-0021.jpg,96430839,01/13/2019,,4958.16,5,HP Desktop Computer PC J Core i5 16GB 2TB HD 256GB SSD 22° LCD Q Windows 10,4.0,,,,,,False,,False,False,1,0.09500330356536002,False,Normal
batch1-0022.jpg,37877758,07/02/2014,,47320.32,1,"12""x18* White Marble Coffee",4.0,,,,,,False,,False,False,1,0.09500330356536002,False,Normal
batch1-0022.jpg,37877758,07/02/2014,,47320.32,2,"24x24"" Top Marble White Table",5.0,,,,,,False,,False,False,1,0.07862962768810455,False,Normal
batch1-0022.jpg,37877758,07/02/2014,,47320.32,3,"24""x24° Marbie Black Top",3.0,,,,,,False,,False,False,1,0.09996470912184524,False,Normal
batch1-0022.jpg,37877758,07/02/2014,,47320.32,4,48 Inches Marble Coffee Table,1.0,,,,,,False,,False,False,1,0.06889057152290301,False,Normal
batch1-0022.jpg,37877758,07/02/2014,,47320.32,5,7'x4' Blue Random Marble,3.0,,,,,,False,,False,False,1,0.09996470912184524,False,Normal
batch1-0023.jpg,33102457,09/18/2018,Harris LLC,18281.24,1,Blue Shiny Stone Floral Art,4.0,,,,,,False,,False,False,1,0.09500330356536002,False,Normal
batch1-0023.jpg,33102457,09/18/2018,Harris LLC,18281.24,2,"12"" Marble Side Coffee Table",3.0,,,,,,False,,False,False,1,0.09996470912184524,False,Normal
batch1-0024.jpg,65028137,01/03/2014,"Johnson, Barrett and King",98.95,1,Fast Dell Optiplex Windows 10,1.0,,,,,,False,,False,False,1,0.06889057152290301,False,Normal
batch1-0026.jpg,51295021,01/05/2017,,9256.59,1,4'x2' Black Center Top Table,2.0,,,,,,False,,False,False,1,0.08969061827656727,False,Normal
batch1-0026.jpg,51295021,01/05/2017,,9256.59,2,"12"" Marble Side Coffee Table",4.0,,,,,,False,,False,False,1,0.09500330356536002,False,Normal
batch1-0027.jpg,44848471,03/26/2021,"Proctor, Levy and Willis",838.68,1,Adidas Baseball Youth Cleats Spikes Kids Shoes Black White Size 12K,2.0,,,,,,False,,False,False,1,0.08969061827656727,False,Normal
batch1-0027.jpg,44848471,03/26/2021,"Proctor, Levy and Willis",838.68,2,PUMA RS DREAMER SUPER MARIO 64 NINTENDO Little Kids US 2.5,5.0,,,,,,False,,False,False,1,0.07862962768810455,False,Normal
batch1-0027.jpg,44848471,03/26/2021,"Proctor, Levy and Willis",838.68,3,Boys Black Dress Shoes,3.0,,,,,,False,,False,False,1,0.09996470912184524,False,Normal
batch1-0027.jpg,44848471,03/26/2021,"Proctor, Levy and Willis",838.68,4,NWT VANS BOYS/YOUTH SK8-HI MTE SNEAKERS/SHOES SIZE 13.BRAND NEW FOR 2020! wow!,4.0,,,,,,False,,False,False,1,0.09500330356536002,False,Normal
batch1-0028.jpg,32830026,12/20/2014,"George, Casey and Harris",1140.24,1,"SONY Playstation2 Console SCPH-50000 * Peal Color "" / TESTED 11176",5.0,,,,,,False,,False,False,1,0.07862962768810455,False,Normal
batch1-0028.jpg,32830026,12/20/2014,"George, Casey and Harris",1140.24,2,Nintendo Switch Lite Gray CONSOLE ONLY - No Accessories or Charger (B5-2] Nintendo Wii Console RVL-001 Complete Hookups W/ Mario&Sonic; Tested / Working B351 Nintendo new 3DS console White Japan w/stylus pen Sega Saturn Console Gray HST-3200 HST-3210 Japanese,1.0,,,,,,False,,False,False,1,0.06889057152290301,False,Normal
batch1-0029.jpg,54661411,07/29/2020,Fitzgerald Group,7920.58,1,Bohemia Style Round Morocco,3.0,46.89,140.67,10.0,154.74,140.67000000000002,True,154.737,True,True,1,0.00980758531394832,False,Normal
batch1-0029.jpg,54661411,07/29/2020,Fitzgerald Group,7920.58,2,Color Skull Series Small Large,3.0,36.3,108.9,10.0,119.79,108.89999999999999,True,119.79000000000002,True,True,1,0.021144117283572572,False,Normal
batch1-0029.jpg,54661411,07/29/2020,Fitzgerald Group,7920.58,3,30 Swirl Print Optical Illusion,1.0,,,,,,False,,False,False,1,0.06889057152290301,False,Normal
batch1-0029.jpg,54661411,07/29/2020,Fitzgerald Group,7920.58,4,Rug Area Hand Knotted Wool,3.0,,,,,,False,,False,False,1,0.09996470912184524,False,Normal
batch1-0029.jpg,54661411,07/29/2020,Fitzgerald Group,7920.58,5,YILONG 1.2x1.7' 300L Tree And,3.0,,,,,,False,,False,False,1,0.09996470912184524,False,Normal
batch1-0029.jpg,54661411,07/29/2020,Fitzgerald Group,7920.58,6,Indian Green Red Color 2.6'x4',3.0,,,,,,False,,False,False,1,0.09996470912184524,False,Normal
batch1-0029.jpg,54661411,07/29/2020,Fitzgerald Group,7920.58,7,Yilong 3°x5' Blue HandKnotted,5.0,,,,,,False,,False,False,1,0.07862962768810455,False,Normal
batch1-0030.jpg,58379529,05/31/2011,"Dalton, Chambers and Howard",2934.7,1,AMD Custom Ryzen 5 Quad Core Gaming PC 4.2GHZ Computer 8GB 1TB AM4 DDR4 Vega 11,4.0,,,,,,False,,False,False,1,0.09500330356536002,False,Normal
batch1-0030.jpg,58379529,05/31/2011,"Dalton, Chambers and Howard",2934.7,2,WS Pro Mini Pocket PC Windows 10 Computer Stick Intel 28350 Quad Core,2.0,,,,,,False,,False,False,1,0.08969061827656727,False,Normal
batch1-0030.jpg,58379529,05/31/2011,"Dalton, Chambers and Howard",2934.7,3,Dell Desktop Computer]16GB 2TB HD OR 512GB SSO Quad Core iSQWindows 10 22” LCD,1.0,,,,,,False,,False,False,1,0.06889057152290301,False,Normal
batch1-0031.jpg,20434959,12/20/2011,"Garrett, Gonzales and Hurley",29.67,1,Wine Things Unlimited - Tipsy Wine Elf - Pewter Wine Bottle Stopper/Cork,3.0,,,,,,False,,False,False,1,0.09996470912184524,False,Normal
batch1-0032.jpg,10942693,06/13/2018,Coleman Inc Lopez-Garcia,21151.66,1,Yilong 2°x3' Traditional,1.0,1200.0,1200.0,10.0,1320.0,1200.0,True,1320.0,True,True,-1,-0.132488081135699,True,Unusual pattern detected by Isolation Forest
batch1-0032.jpg,10942693,06/13/2018,Coleman Inc Lopez-Garcia,21151.66,2,YILONG 4'x6' All over,5.0,3600.0,18000.0,10.0,19800.0,18000.0,True,19800.0,True,True,-1,-0.1881547392917804,True,Unusual pattern detected by Isolation Forest
batch1-0032.jpg,10942693,06/13/2018,Coleman Inc Lopez-Garcia,21151.66,3,Watercolor Butterfly Carpets,2.0,14.39,28.78,10.0,31.66,28.78,True,31.658000000000005,True,True,1,0.037693303793770006,False,Normal
batch1-0033.jpg,97388190,12/13/2016,Cook Ltd Pierce Inc,329.84,1,Oell Optiplex 760 Windows 10,3.0,99.95,299.85,10.0,329.84,299.85,True,329.83500000000004,True,True,-1,-0.01231449824827835,True,Unusual pattern detected by Isolation Forest
batch1-0034.jpg,60456703,09/01/2016,Hines Ltd,373.98,1,Nintendo Gameboy Color,1.0,,,,,,False,,False,False,1,0.06889057152290301,False,Normal
batch1-0034.jpg,60456703,09/01/2016,Hines Ltd,373.98,2,Sony PlayStation 3 12 GB,2.0,,,,,,False,,False,False,1,0.08969061827656727,False,Normal
batch1-0035.jpg,78605417,08/07/2017,Campos LLC,722.11,1,Description Nike Pre School Kids Size 12C Jordan Jumpman Team II (PS) AQ2797-300 Nike Air Force 1 Low 314192-117 Triple White Youth Boys Size SY Adult Girl Version Hermione Granger Cosplay Costume Gryffindor Kid size In Stock Adidas Baseball Youth Cleats Spikes Kids Shoes Black White Size 12K Harry Potter Hogwarts Adult Child Robe Cloak Halloween COS Costumes Party Xmas. Sperry Infant Size 6 Boat Shoes OC Kids Pixie 3 Sneaker {Toddler/Little Kid/Big Kid) Color WHITE/BATTLESHIP,3.0,,,,,,False,,False,False,1,0.09996470912184524,False,Normal
batch1-0036.jpg,94786467,11/19/2013,Campbell-Thomas Gordon PLC,8479.08,1,36 Inches Marble Office Tabie,1.0,,,,,,False,,False,False,1,0.06889057152290301,False,Normal
batch1-0036.jpg,94786467,11/19/2013,Campbell-Thomas Gordon PLC,8479.08,2,25 Inches Black Marble Center,2.0,,,,,,False,,False,False,1,0.08969061827656727,False,Normal
batch1-0036.jpg,94786467,11/19/2013,Campbell-Thomas Gordon PLC,8479.08,3,SOFA SET,4.0,,,,,,False,,False,False,1,0.09500330356536002,False,Normal
batch1-0036.jpg,94786467,11/19/2013,Campbell-Thomas Gordon PLC,8479.08,4,15 Inches Marble Bed Side Table,4.0,,,,,,False,,False,False,1,0.09500330356536002,False,Normal
batch1-0036.jpg,94786467,11/19/2013,Campbell-Thomas Gordon PLC,8479.08,5,"26""x26"" Black Marble Round",2.0,,,,,,False,,False,False,1,0.08969061827656727,False,Normal
batch1-0037.jpg,61669642,11/12/2013,Carter Inc,151.38,1,Jesus (Hardback or Cased Book),4.0,,,,,,False,,False,False,1,0.09500330356536002,False,Normal
batch1-0037.jpg,61669642,11/12/2013,Carter Inc,151.38,2,Haida: Their Art and Culture,2.0,,,,,,False,,False,False,1,0.08969061827656727,False,Normal
batch1-0038.jpg,37060863,01/30/2021,Floyd-Figueroa,2022.82,1,"VTech Game Console Bundle- Console, Art Studio, Games, 2 Controllers- TESTED!",2.0,,,,,,False,,False,False,1,0.08969061827656727,False,Normal
batch1-0038.jpg,37060863,01/30/2021,Floyd-Figueroa,2022.82,2,NEW Microsoft Xbox 360 Slim 4GB Black Console W/2 Games And Kinect Bundle +EXTRA,2.0,,,,,,False,,False,False,1,0.08969061827656727,False,Normal
batch1-0038.jpg,37060863,01/30/2021,Floyd-Figueroa,2022.82,3,Retro Arcade Game Console All In One 128G Raspberry Pt 4 Model B 4GB Plug Play,1.0,,,,,,False,,False,False,1,0.06889057152290301,False,Normal
batch1-0038.jpg,37060863,01/30/2021,Floyd-Figueroa,2022.82,4,8451 Nintendo DSi console Pink Japan NOS x,4.0,,,,,,False,,False,False,1,0.09500330356536002,False,Normal
batch1-0038.jpg,37060863,01/30/2021,Floyd-Figueroa,2022.82,5,Nintendo Gameboy Pocket Console Clear Purple with Box MGB-001 Japan Tested 53,5.0,,,,,,False,,False,False,1,0.07862962768810455,False,Normal
batch1-0038.jpg,37060863,01/30/2021,Floyd-Figueroa,2022.82,6,sega cdx console with original power supply (laser info-read description),1.0,,,,,,False,,False,False,1,0.06889057152290301,False,Normal
batch1-0038.jpg,37060863,01/30/2021,Floyd-Figueroa,2022.82,7,Nintendo Wii U WUP-101(02) 32GB Console - Black - US Model,1.0,,,,,,False,,False,False,1,0.06889057152290301,False,Normal
batch1-0039.jpg,35593328,06/08/2011,Cruz-Carter,3004.96,1,hp all in one desktop computer,4.0,,,,,,False,,False,False,1,0.09500330356536002,False,Normal
batch1-0039.jpg,35593328,06/08/2011,Cruz-Carter,3004.96,2,WS Pro Mini Pocket PC Windows,3.0,,,,,,False,,False,False,1,0.09996470912184524,False,Normal
batch1-0039.jpg,35593328,06/08/2011,Cruz-Carter,3004.96,3,Gaming PC Desktop Computer,1.0,,,,,,False,,False,False,1,0.06889057152290301,False,Normal
batch1-0039.jpg,35593328,06/08/2011,Cruz-Carter,3004.96,4,Lenovo C20-00...all in one,2.0,,,,,,False,,False,False,1,0.08969061827656727,False,Normal
batch1-0040.jpg,74980573,09/27/2015,West Group,191.26,1,"Teva Hurricane 1019390 All Black Sandals with Hook and Loop Closure, Youth's 5",2.0,,,,,,False,,False,False,1,0.08969061827656727,False,Normal
batch1-0040.jpg,74980573,09/27/2015,West Group,191.26,2,Keen Waterproof Hiking Shoes Kids Boys Size 12 Brown Black Outdoor Sneakers,3.0,,,,,,False,,False,False,1,0.09996470912184524,False,Normal
batch1-0040.jpg,74980573,09/27/2015,West Group,191.26,3,"KushyShoo Children Kid Rain Boot Shoes Rubber, Monkey, Size Youth 1",2.0,,,,,,False,,False,False,1,0.08969061827656727,False,Normal
batch1-0041.jpg,69875170,07/18/2014,"Davis, Thomas and Larson Romero Inc",194521.7,1,Antique Vintage style hand,5.0,,,,,,False,,False,False,1,0.07862962768810455,False,Normal
batch1-0041.jpg,69875170,07/18/2014,"Davis, Thomas and Larson Romero Inc",194521.7,2,Floral two seater fabric sofa,2.0,,,,,,False,,False,False,1,0.08969061827656727,False,Normal
batch1-0041.jpg,69875170,07/18/2014,"Davis, Thomas and Larson Romero Inc",194521.7,3,6'x3' White Marble Living Room,3.0,,,,,,False,,False,False,1,0.09996470912184524,False,Normal
batch1-0041.jpg,69875170,07/18/2014,"Davis, Thomas and Larson Romero Inc",194521.7,4,6'x3' Black Marble Top Dining,4.0,,,,,,False,,False,False,1,0.09500330356536002,False,Normal
batch1-0041.jpg,69875170,07/18/2014,"Davis, Thomas and Larson Romero Inc",194521.7,5,7'x4' Buy Marble Dining Table,5.0,,,,,,False,,False,False,1,0.07862962768810455,False,Normal
batch1-0042.jpg,86736203,05/20/2013,Potter-Gordon,15574.11,1,Cartoon Rabbit Printed Round,2.0,177.08,354.16,10.0,389.58,354.16,True,389.5760000000001,True,True,-1,-0.0304526670463936,True,Unusual pattern detected by Isolation Forest
batch1-0042.jpg,86736203,05/20/2013,Potter-Gordon,15574.11,2,Muted Vegetable Dye Khootan,4.0,2015.64,8062.56,10.0,8868.82,8062.56,True,8868.816,True,True,-1,-0.1683902690293022,True,Unusual pattern detected by Isolation Forest
batch1-0042.jpg,86736203,05/20/2013,Potter-Gordon,15574.11,3,Abstract Living Room Carpet,5.0,24.01,120.05,10.0,132.06,120.05000000000001,True,132.055,True,True,1,0.005730047263341309,False,Normal
batch1-0042.jpg,86736203,05/20/2013,Potter-Gordon,15574.11,4,Yilong 8x10ft Hand knotted,1.0,5040.0,5040.0,10.0,5544.0,5040.0,True,5544.0,True,True,-1,-0.17754046705219095,True,Unusual pattern detected by Isolation Forest
batch1-0042.jpg,86736203,05/20/2013,Potter-Gordon,15574.11,5,Romantic Rose Flowers Area,1.0,13.37,13.37,10.0,14.71,13.37,True,14.707,True,True,1,0.028326781594397665,False,Normal
batch1-0042.jpg,86736203,05/20/2013,Potter-Gordon,15574.11,6,World Map Round Carpets Room,5.0,83.78,418.9,10.0,460.79,418.9,True,460.79,True,True,-1,-0.03810475776208666,True,Unusual pattern detected by Isolation Forest
batch1-0042.jpg,86736203,05/20/2013,Potter-Gordon,15574.11,7,Xmas Christmas Rug Carpet,4.0,37.31,149.24,10.0,164.16,149.24,True,164.16400000000002,True,True,1,0.008897542767969446,False,Normal
batch1-0043.jpg,37107781,07/29/2012,Williamson-Hernandez,2804.92,1,CLEARANCE!!! Fast HP Desktop,3.0,,,,,,False,,False,False,1,0.09996470912184524,False,Normal
batch1-0043.jpg,37107781,07/29/2012,Williamson-Hernandez,2804.92,2,GAMING PC Desktop Computer,4.0,,,,,,False,,False,False,1,0.09500330356536002,False,Normal
batch1-0044.jpg,12323459,08/04/2013,"Wright, Gonzalez and Gomez",81.68,1,Zara Yellow Shift Oress XS,3.0,,,,,,False,,False,False,1,0.09996470912184524,False,Normal
batch1-0045.jpg,34967709,01/16/2018,"Burns, King and Serrano",549.98,1,Nintendo 64 console complete,2.0,,,,,,False,,False,False,1,0.08969061827656727,False,Normal
batch1-0046.jpg,76778037,03/15/2021,Wilson-Todd,759.03,1,Florsheim kid’s boys Lace Up,4.0,,,,,,False,,False,False,1,0.09500330356536002,False,Normal
batch1-0046.jpg,76778037,03/15/2021,Wilson-Todd,759.03,2,Youth Kids Boys New Balance,1.0,,,,,,False,,False,False,1,0.06889057152290301,False,Normal
batch1-0046.jpg,76778037,03/15/2021,Wilson-Todd,759.03,3,PUMA RS DREAMER SUPER,4.0,,,,,,False,,False,False,1,0.09500330356536002,False,Normal
batch1-0046.jpg,76778037,03/15/2021,Wilson-Todd,759.03,4,Kid's Unicorn Sunglasses Girls,2.0,,,,,,False,,False,False,1,0.08969061827656727,False,Normal
batch1-0046.jpg,76778037,03/15/2021,Wilson-Todd,759.03,5,Beybiade Burst B-163 Superking,2.0,,,,,,False,,False,False,1,0.08969061827656727,False,Normal
batch1-0047.jpg,24342647,05/07/2020,"Davis, Evans and Cooper",4524.28,1,"15""x15"" White Marble Coffee Table Top With 15° Tail Stand Semi Precious Art Deco",4.0,,,,,,False,,False,False,1,0.09500330356536002,False,Normal
batch1-0047.jpg,24342647,05/07/2020,"Davis, Evans and Cooper",4524.28,2,"12” Marble Lapis Inlay Chess Table Top With 2“ Pieces & 15"" Wooden Stand W537",3.0,,,,,,False,,False,False,1,0.09996470912184524,False,Normal
batch1-0047.jpg,24342647,05/07/2020,"Davis, Evans and Cooper",4524.28,3,"18""x18"" White Hand Curved Top Coffee Table Inlay Decorative Gift For Her Wedding",1.0,,,,,,False,,False,False,1,0.06889057152290301,False,Normal
batch1-0048.jpg,96947403,10/09/2011,Frazier-Rose,529.78,1,Lolita Happy Retirement Wine,2.0,,,,,,False,,False,False,1,0.08969061827656727,False,Normal
batch1-0048.jpg,96947403,10/09/2011,Frazier-Rose,529.78,2,Wine Glass European Style Wine,4.0,,,,,,False,,False,False,1,0.09500330356536002,False,Normal
batch1-0048.jpg,96947403,10/09/2011,Frazier-Rose,529.78,3,Libbey Classic White Wine,2.0,,,,,,False,,False,False,1,0.08969061827656727,False,Normal
batch1-0048.jpg,96947403,10/09/2011,Frazier-Rose,529.78,4,Cuisinart Stainless Steel Electric,5.0,,,,,,False,,False,False,1,0.07862962768810455,False,Normal
batch1-0048.jpg,96947403,10/09/2011,Frazier-Rose,529.78,5,Double Lever Wine Corker Used,4.0,,,,,,False,,False,False,1,0.09500330356536002,False,Normal
batch1-0048.jpg,96947403,10/09/2011,Frazier-Rose,529.78,6,Electric Automatic Wine Bottle,1.0,,,,,,False,,False,False,1,0.06889057152290301,False,Normal
batch1-0048.jpg,96947403,10/09/2011,Frazier-Rose,529.78,7,VTG 1970s MCM Brown Steel,5.0,,,,,,False,,False,False,1,0.07862962768810455,False,Normal
batch1-0049.jpg,26700559,01/11/2018,Martinez PLC,342.87,1,"My Life in and Out of the Rough by John Daly (2006, Hardcover) FREE SHIPPING",3.0,,,,,,False,,False,False,1,0.09996470912184524,False,Normal
batch1-0049.jpg,26700559,01/11/2018,Martinez PLC,342.87,2,0365 Days + This Day + Another 365 days by Blanka Lipinska (English version)D,3.0,,,,,,False,,False,False,1,0.09996470912184524,False,Normal
batch1-0049.jpg,26700559,01/11/2018,Martinez PLC,342.87,3,Book: The Lee-Enfield by lan Skennerton- Signed Edition,3.0,,,,,,False,,False,False,1,0.09996470912184524,False,Normal
batch1-0050.jpg,53553822,07/24/2012,Lee-Brown,25738.94,1,"24"" Marble White Coffee Top Table Inlay Lapis Stone Furniture Indoor Decor W045",3.0,,,,,,False,,False,False,1,0.09996470912184524,False,Normal
batch1-0050.jpg,53553822,07/24/2012,Lee-Brown,25738.94,2,6'x3' Marvelous Marble Living Room Table Top Inlay Scagliola Inlay Decor H602C,4.0,,,,,,False,,False,False,1,0.09500330356536002,False,Normal
batch1-0050.jpg,53553822,07/24/2012,Lee-Brown,25738.94,3,"12"" White Marble Coffee Table Top Lapis Turquoise Floral inlay Home Decors W538",1.0,,,,,,False,,False,False,1,0.06889057152290301,False,Normal
batch1-0051.jpg,12590251,01/17/2016,"Harrison, Tucker and Choi",2237.95,1,Lilly Pulitzer 8 Sunkissed with Glow Janice Shift Dress,4.0,56.89,227.56,10.0,250.32,227.56,True,250.31600000000003,True,True,-1,-0.004134418775385673,True,Unusual pattern detected by Isolation Forest
batch1-0051.jpg,12590251,01/17/2016,"Harrison, Tucker and Choi",2237.95,2,db Yellow Link Print Fit and Flare Sleeveless Dress Sz M/L,1.0,14.99,14.99,10.0,16.49,14.99,True,16.489,True,True,1,0.027747613269903604,False,Normal
batch1-0051.jpg,12590251,01/17/2016,"Harrison, Tucker and Choi",2237.95,3,FashionNova “Forecasting You” MAXI DRESS TAUPE SZ M,4.0,25.0,100.0,10.0,110.0,100.0,True,110.00000000000001,True,True,1,0.02732092034631234,False,Normal
batch1-0051.jpg,12590251,01/17/2016,"Harrison, Tucker and Choi",2237.95,4,balmain dress 36,1.0,1550.0,1550.0,10.0,1705.0,1550.0,True,1705.0000000000002,True,True,-1,-0.1409488713825201,True,Unusual pattern detected by Isolation Forest
batch1-0051.jpg,12590251,01/17/2016,"Harrison, Tucker and Choi",2237.95,5,Women Dress Gradient Color Long Sleeve Sexy Club Bodycon Mini Dresses Casual,5.0,7.59,37.95,10.0,41.75,37.95,True,41.745000000000005,True,True,-1,-0.0004957087538937088,True,Unusual pattern detected by Isolation Forest
batch1-0051.jpg,12590251,01/17/2016,"Harrison, Tucker and Choi",2237.95,6,J crew mercantile Knitted Tweed Dress Size 4 Black And White,4.0,26.0,104.0,10.0,114.4,104.0,True,114.4,True,True,1,0.024364263867062252,False,Normal
batch1-0052.jpg,36033621,04/18/2017,Walton PLC,243.71,1,OC Kids Turbo Skate Shoe (Little,4.0,,,,,,False,,False,False,1,0.09500330356536002,False,Normal
batch1-0052.jpg,36033621,04/18/2017,Walton PLC,243.71,2,Easy No Tie Rubber Shoe Laces,1.0,,,,,,False,,False,False,1,0.06889057152290301,False,Normal
batch1-0053.jpg,32283117,11/05/2015,Chapman-Johnson Diaz and Sons,73.76,1,SCOTTISH FOLKLORE LEGENDS -,3.0,10.95,32.85,10.0,36.13,32.849999999999994,True,36.135000000000005,True,True,1,0.026131882909676885,False,Normal
batch1-0053.jpg,32283117,11/05/2015,Chapman-Johnson Diaz and Sons,73.76,2,Pornhub PREMIUM LIFETIME,4.0,3.99,15.96,10.0,17.56,15.96,True,17.556,True,True,1,0.02361897258119966,False,Normal
batch1-0053.jpg,32283117,11/05/2015,Chapman-Johnson Diaz and Sons,73.76,3,Straw Dogs : Thoughts on,1.0,13.99,13.99,10.0,15.39,13.99,True,15.389000000000001,True,True,1,0.028515569327703882,False,Normal
batch1-0053.jpg,32283117,11/05/2015,Chapman-Johnson Diaz and Sons,73.76,4,Care & Repair of Furniture,1.0,4.25,4.25,10.0,4.68,4.25,True,4.675000000000001,True,True,1,0.008114104767028507,False,Normal
batch1-0054.jpg,69703455,02/06/2014,Anderson Group,4007.31,1,"Intel Compute Stick (32GB, intel",4.0,45.0,180.0,10.0,198.0,180.0,True,198.00000000000003,True,True,1,0.006470026430026199,False,Normal
batch1-0054.jpg,69703455,02/06/2014,Anderson Group,4007.31,2,| AMD Dual Core 3.9Ghz 4GB,5.0,249.99,1249.95,10.0,1374.95,1249.95,True,1374.9450000000002,True,True,-1,-0.07042580421845845,True,Unusual pattern detected by Isolation Forest
batch1-0054.jpg,69703455,02/06/2014,Anderson Group,4007.31,3,Desktop Computer Super,3.0,22.71,68.13,10.0,74.94,68.13,True,74.943,True,True,1,0.03141950139981292,False,Normal
batch1-0054.jpg,69703455,02/06/2014,Anderson Group,4007.31,4,GAMING PC Desktop Computer,2.0,549.99,1099.98,10.0,1209.98,1099.98,True,1209.978,True,True,-1,-0.07384971966869602,True,Unusual pattern detected by Isolation Forest
batch1-0054.jpg,69703455,02/06/2014,Anderson Group,4007.31,5,Fast HP Desktop Computer intel,1.0,99.95,99.95,10.0,109.95,99.95,True,109.94500000000001,True,True,-1,-0.018561621951900253,True,Unusual pattern detected by Isolation Forest
batch1-0054.jpg,69703455,02/06/2014,Anderson Group,4007.31,6,Computer Desktop Gaming i5,3.0,315.0,945.0,10.0,1039.5,945.0,True,1039.5,True,True,-1,-0.0517111090613348,True,Unusual pattern detected by Isolation Forest
batch1-0055.jpg,17290430,05/27/2013,Hodge-Stokes,14832.92,1,Abstract Blue Gray Gradient Bedside Area Rugs Bedroom Decor Carpets Non-Slip Mat,5.0,36.98,184.9,10.0,203.39,184.89999999999998,True,203.39000000000001,True,True,-1,-0.007213275683154441,True,Unusual pattern detected by Isolation Forest
batch1-0055.jpg,17290430,05/27/2013,Hodge-Stokes,14832.92,2,Yilong 5'x7.3' Hand Knotted Silk Rug Home Decor Traditional Raindrop Carpet 1549,4.0,2800.0,11200.0,10.0,12320.0,11200.0,True,12320.000000000002,True,True,-1,-0.17807153000784026,True,Unusual pattern detected by Isolation Forest
batch1-0055.jpg,17290430,05/27/2013,Hodge-Stokes,14832.92,3,Romantic Rose Flowers Area Rugs Kitchen Living Room Fiocor Mat Non-slip Carpets,1.0,13.37,13.37,10.0,14.71,13.37,True,14.707,True,True,1,0.028326781594397665,False,Normal
batch1-0055.jpg,17290430,05/27/2013,Hodge-Stokes,14832.92,4,Checkered Gabbeh Kashkoli Oriental Area Rug Contemporary Hand-knotted 6x8 Carpet,5.0,417.24,2086.2,10.0,2294.82,2086.2,True,2294.82,True,True,-1,-0.10082885290002086,True,Unusual pattern detected by Isolation Forest
batch1-0056.jpg,13367493,02/21/2012,"Terry, Crawford and Vega",494.89,1,Escada Long Black Dress SZ 40,4.0,,,,,,False,,False,False,1,0.09500330356536002,False,Normal
batch1-0056.jpg,13367493,02/21/2012,"Terry, Crawford and Vega",494.89,2,Boden Size 8 US Green & Navy,2.0,,,,,,False,,False,False,1,0.08969061827656727,False,Normal
batch1-0056.jpg,13367493,02/21/2012,"Terry, Crawford and Vega",494.89,3,J crew mercantile Knitted Tweed,1.0,,,,,,False,,False,False,1,0.06889057152290301,False,Normal
batch1-0056.jpg,13367493,02/21/2012,"Terry, Crawford and Vega",494.89,4,NEW NWT OPEN BACK,5.0,,,,,,False,,False,False,1,0.07862962768810455,False,Normal
batch1-0056.jpg,13367493,02/21/2012,"Terry, Crawford and Vega",494.89,5,Bcbgeneration Black Sleeveless,1.0,,,,,,False,,False,False,1,0.06889057152290301,False,Normal
batch1-0056.jpg,13367493,02/21/2012,"Terry, Crawford and Vega",494.89,6,Papaya Floral Dress Medium,4.0,,,,,,False,,False,False,1,0.09500330356536002,False,Normal
batch1-0057.jpg,89299747,04/14/2018,"Jones, Davis and Moses",389.0,1,Vintage Crystal Red Wine,5.0,,,,,,False,,False,False,1,0.07862962768810455,False,Normal
batch1-0057.jpg,89299747,04/14/2018,"Jones, Davis and Moses",389.0,2,Wine Bottle Holder From Costa,5.0,,,,,,False,,False,False,1,0.07862962768810455,False,Normal
batch1-0057.jpg,89299747,04/14/2018,"Jones, Davis and Moses",389.0,3,Birthday Girl Wine Glass by,2.0,,,,,,False,,False,False,1,0.08969061827656727,False,Normal
batch1-0057.jpg,89299747,04/14/2018,"Jones, Davis and Moses",389.0,4,Metal Storage Shelf Wine Glass,2.0,,,,,,False,,False,False,1,0.08969061827656727,False,Normal
batch1-0057.jpg,89299747,04/14/2018,"Jones, Davis and Moses",389.0,5,Unicorn Wine Bottle Display,3.0,,,,,,False,,False,False,1,0.09996470912184524,False,Normal
batch1-0057.jpg,89299747,04/14/2018,"Jones, Davis and Moses",389.0,6,100pcs Heat Shrink Capsules,2.0,,,,,,False,,False,False,1,0.08969061827656727,False,Normal
batch1-0058.jpg,80489404,38/40/42,Gonzalez LLC,470.92,1,New Fully Automatic Red Wine,1.0,,,,,,False,,False,False,1,0.06889057152290301,False,Normal
batch1-0058.jpg,80489404,38/40/42,Gonzalez LLC,470.92,2,38/40/42/44mm Silicone Sport,2.0,,,,,,False,,False,False,1,0.08969061827656727,False,Normal
batch1-0058.jpg,80489404,38/40/42,Gonzalez LLC,470.92,3,Vintage Crystal Red Wine,4.0,,,,,,False,,False,False,1,0.09500330356536002,False,Normal
batch1-0058.jpg,80489404,38/40/42,Gonzalez LLC,470.92,4,Anthropologie Gold Elegant,2.0,,,,,,False,,False,False,1,0.08969061827656727,False,Normal
batch1-0058.jpg,80489404,38/40/42,Gonzalez LLC,470.92,5,QcoQce Wine Bottle Opener,4.0,,,,,,False,,False,False,1,0.09500330356536002,False,Normal
batch1-0058.jpg,80489404,38/40/42,Gonzalez LLC,470.92,6,9.5 Inch Dinosaur Bones Wine,2.0,,,,,,False,,False,False,1,0.08969061827656727,False,Normal
batch1-0058.jpg,80489404,38/40/42,Gonzalez LLC,470.92,7,Wine Rack,5.0,,,,,,False,,False,False,1,0.07862962768810455,False,Normal
batch1-0059.jpg,93219493,05/16/2019,James PLC,1255.0,1,Microsoft Xbox 360 Console 49 Game Bundle 250GB Black,3.0,,,,,,False,,False,False,1,0.09996470912184524,False,Normal
batch1-0059.jpg,93219493,05/16/2019,James PLC,1255.0,2,N64 Nintendo System Console Lot Bundle W/ 2 Games 1 Controller Tested Working,4.0,,,,,,False,,False,False,1,0.09500330356536002,False,Normal
batch1-0059.jpg,93219493,05/16/2019,James PLC,1255.0,3,Nintendo Switch Lite Turquoise Biue CONSOLE ONLY - No Charger (B4-1],2.0,,,,,,False,,False,False,1,0.08969061827656727,False,Normal
batch1-0059.jpg,93219493,05/16/2019,James PLC,1255.0,4,SEGA Dreamcast White Console Uapan Import] HKT-3000,4.0,,,,,,False,,False,False,1,0.09500330356536002,False,Normal
batch1-0059.jpg,93219493,05/16/2019,James PLC,1255.0,5,8451 Nintendo DSi console Pink Japan NDS x,5.0,,,,,,False,,False,False,1,0.07862962768810455,False,Normal
batch1-0061.jpg,99106655,06/12/2017,Harris and Sons,5743.69,1,Dell Precision Workstation Computer intel Xeon Quad Core 16GB 1TB Windows 10 Pro,3.0,,,,,,False,,False,False,1,0.09996470912184524,False,Normal
batch1-0061.jpg,99106655,06/12/2017,Harris and Sons,5743.69,2,gaming pc desktop computer intel iS,2.0,,,,,,False,,False,False,1,0.08969061827656727,False,Normal
batch1-0061.jpg,99106655,06/12/2017,Harris and Sons,5743.69,3,Sentry Gaming Computer | Ryzen 3 3200G | 16 GB Ram | Build-to-Order,3.0,,,,,,False,,False,False,1,0.09996470912184524,False,Normal
batch1-0061.jpg,99106655,06/12/2017,Harris and Sons,5743.69,4,"Del! Desktop Computer{]intel Core 2 Duo 8GB 1T8 HD DWindows 10 PC 22"" LCD Wifi",3.0,,,,,,False,,False,False,1,0.09996470912184524,False,Normal
batch1-0061.jpg,99106655,06/12/2017,Harris and Sons,5743.69,5,Dell Desktop Computer Tower Quad Intel Core iS 8GB 1TB HD OVD Wifi Windows 10 PC,5.0,,,,,,False,,False,False,1,0.07862962768810455,False,Normal
batch1-0061.jpg,99106655,06/12/2017,Harris and Sons,5743.69,6,Quality Dell Windows XP Pro Desktop PC Computer Core 2 vPro 4Gb 250Gb DVD WiFi,3.0,,,,,,False,,False,False,1,0.09996470912184524,False,Normal
batch1-0062.jpg,60665075,01/15/2018,,84314.78,1,Marble Top Side Table Tiger Eye,2.0,341.48,682.96,10.0,751.26,682.96,True,751.2560000000001,True,True,-1,-0.05755360545856447,True,Unusual pattern detected by Isolation Forest
batch1-0062.jpg,60665075,01/15/2018,,84314.78,2,7’x4' Buy Marble Dining Table,3.0,14721.08,44163.24,10.0,48579.56,44163.24,True,48579.564,True,True,-1,-0.2194002230655392,True,Unusual pattern detected by Isolation Forest
batch1-0062.jpg,60665075,01/15/2018,,84314.78,3,"18""x18"" White Hand Curved Top",5.0,475.22,2376.1,10.0,2613.71,2376.1000000000004,True,2613.71,True,True,-1,-0.12027342965903987,True,Unusual pattern detected by Isolation Forest
batch1-0062.jpg,60665075,01/15/2018,,84314.78,4,"15""x15"" White Marble Coffee",3.0,685.0,2055.0,10.0,2260.5,2055.0,True,2260.5,True,True,-1,-0.09545326008817168,True,Unusual pattern detected by Isolation Forest
batch1-0062.jpg,60665075,01/15/2018,,84314.78,5,48 Inches Marble Reception,2.0,5756.0,23024.0,10.0,4783.35,11512.0,False,25326.4,False,False,-1,-0.19921252973912296,True,Unusual pattern detected by Isolation Forest
batch1-0062.jpg,60665075,01/15/2018,,84314.78,6,60 Inches Marble Dinning Table,4.0,76649.8,7664.98,10.0,25326.4,306599.2,False,8431.478000000001,False,False,-1,-0.23129300659311214,True,Unusual pattern detected by Isolation Forest
batch1-0063.jpg,18975369,05/26/2021,"Padilla, Mccarthy and Gonzales",154.0,1,Nintendo Gameboy Pocket,2.0,70.0,140.0,10.0,154.0,140.0,True,154.0,True,True,1,0.009667247462870676,False,Normal
batch1-0064.jpg,16773532,04/30/2020,,5411.82,1,GAMING PC Desktop Computer,1.0,,,,,,False,,False,False,1,0.06889057152290301,False,Normal
batch1-0064.jpg,16773532,04/30/2020,,5411.82,2,Dell Optiplex Desktop Computer,3.0,,,,,,False,,False,False,1,0.09996470912184524,False,Normal
batch1-0064.jpg,16773532,04/30/2020,,5411.82,3,2 Gaming Computers,3.0,,,,,,False,,False,False,1,0.09996470912184524,False,Normal
batch1-0065.jpg,25194747,05/19/2018,Castillo-Jones,152.87,1,Cherokee Boys Grayton Skate Shoes 12 Surf Skate Casual 12K Black Extra Laces 12Y,3.0,19.99,59.97,10.0,65.97,59.97,True,65.967,True,True,1,0.03628216713640553,False,Normal
batch1-0065.jpg,25194747,05/19/2018,Castillo-Jones,152.87,2,jordan 4 kids Size 8,3.0,23.0,69.0,10.0,75.9,69.0,True,75.9,True,True,1,0.031877265280765676,False,Normal
batch1-0065.jpg,25194747,05/19/2018,Castillo-Jones,152.87,3,Timbedand brown slip on shoes size 4.5 juniors,5.0,2.0,10.0,10.0,11.0,10.0,True,11.0,True,True,-1,-0.015279664879812804,True,Unusual pattern detected by Isolation Forest
batch1-0066.jpg,77668740,01/02/2016,"Ryan, Garcia and Gregory",2.19,1,LuLaRoe Nicole Dress Size Medium 11,1.0,,,,,,False,,False,False,1,0.06889057152290301,False,Normal
batch1-0068.jpg,55149610,02/23/2012,King PLC Parker-Williams,2779.7,1,Desktop Computer Gaming PC,3.0,,,,,,False,,False,False,1,0.09996470912184524,False,Normal
batch1-0068.jpg,55149610,02/23/2012,King PLC Parker-Williams,2779.7,2,Fast i? RGB Gaming Desktop PC,1.0,,,,,,False,,False,False,1,0.06889057152290301,False,Normal
batch1-0069.jpg,12459784,08/19/2020,"Smith, Johnson and Ramsey",162.79,1,The Great One: The Complete,4.0,,,,,,False,,False,False,1,0.09500330356536002,False,Normal
batch1-0069.jpg,12459784,08/19/2020,"Smith, Johnson and Ramsey",162.79,2,return to virgin river by robyn,4.0,,,,,,False,,False,False,1,0.09500330356536002,False,Normal
batch1-0069.jpg,12459784,08/19/2020,"Smith, Johnson and Ramsey",162.79,3,Michael Jackson: A Life in Music,2.0,,,,,,False,,False,False,1,0.08969061827656727,False,Normal
batch1-0069.jpg,12459784,08/19/2020,"Smith, Johnson and Ramsey",162.79,4,Luke s Fate Star Wars,3.0,,,,,,False,,False,False,1,0.09996470912184524,False,Normal
batch1-0069.jpg,12459784,08/19/2020,"Smith, Johnson and Ramsey",162.79,5,Little Women by Louisa May,5.0,,,,,,False,,False,False,1,0.07862962768810455,False,Normal
batch1-0069.jpg,12459784,08/19/2020,"Smith, Johnson and Ramsey",162.79,6,The Blooding by Joseph,1.0,,,,,,False,,False,False,1,0.06889057152290301,False,Normal
batch1-0070.jpg,48190115,02/15/2013,,1250.75,1,6'8 x 5' Handwoven Afghan Kilim Wool Area Rug Kelim Tapis Oriental Carpet #4434,3.0,,,,,,False,,False,False,1,0.09996470912184524,False,Normal
batch1-0070.jpg,48190115,02/15/2013,,1250.75,2,Sun Series Modern Small Large Long Floor Carpet Area Rugs Various Size Soft Rug,3.0,,,,,,False,,False,False,1,0.09996470912184524,False,Normal
batch1-0070.jpg,48190115,02/15/2013,,1250.75,3,Bohemia Style Round Morocco Area Rug Tassel Carpet Mat Floor Blanket Room Decor,4.0,,,,,,False,,False,False,1,0.09500330356536002,False,Normal
batch1-0070.jpg,48190115,02/15/2013,,1250.75,4,Soft Sheepskin Mat Faux Fur Rug Small Shaggy Non Slip Floor Carpet Yellow,4.0,,,,,,False,,False,False,1,0.09500330356536002,False,Normal
batch1-0070.jpg,48190115,02/15/2013,,1250.75,5,Chindi Rug Carpet Beautifull Bohemian Garden Yoga Mat Braided Foyer Indian Kilim,1.0,,,,,,False,,False,False,1,0.06889057152290301,False,Normal
batch1-0072.jpg,72929361,06/29/2020,Dawson-Strickland,324.5,1,NWT $1200 J.Crew Silk Chiffon,1.0,,,,,,False,,False,False,1,0.06889057152290301,False,Normal
batch1-0073.jpg,58051696,11/05/2019,,53.96,1,Care & Repair of Furniture,1.0,4.25,4.25,10.0,4.68,4.25,True,4.675000000000001,True,True,1,0.008114104767028507,False,Normal
batch1-0073.jpg,58051696,11/05/2019,,53.96,2,Lot of 3 - Major Genealogical,1.0,7.98,7.95,10.0,8.75,7.98,False,8.745000000000001,True,False,1,0.023252774019488442,False,Normal
batch1-0073.jpg,58051696,11/05/2019,,53.96,3,The Fifty Greatest Conspiracies,1.0,4.49,4.49,10.0,4.94,4.49,True,4.939000000000001,True,True,1,0.010823871999727008,False,Normal
batch1-0073.jpg,58051696,11/05/2019,,53.96,4,The Elf on the Shelf: A,4.0,8.09,32.36,10.0,35.6,32.36,True,35.596000000000004,True,True,1,0.02158771016302652,False,Normal
batch1-0074.jpg,98852451,09/02/2019,,4151.23,1,New Design Rectangular Hand Woven Chindi Rag Rug Floor Handmade Carpet Aztec Mat,1.0,,,,,,False,,False,False,1,0.06889057152290301,False,Normal
batch1-0074.jpg,98852451,09/02/2019,,4151.23,2,Bedroom Decor Carpets Living Room Line Pattern Green Rug Modern Simple Area Rugs,1.0,,,,,,False,,False,False,1,0.06889057152290301,False,Normal
batch1-0074.jpg,98852451,09/02/2019,,4151.23,3,YILONG 2.5'x4’ Small Hand Knotted Silk Carpets Antistatic Floor Area Rug 844B,1.0,,,,,,False,,False,False,1,0.06889057152290301,False,Normal
batch1-0074.jpg,98852451,09/02/2019,,4151.23,4,"Moroccan Amazigh Handmade Carpet 14'2"" x 7'5”",5.0,,,,,,False,,False,False,1,0.07862962768810455,False,Normal
batch1-0075.jpg,72024579,01/25/2021,,179.75,1,Refinery Wine Opener,1.0,,,,,,False,,False,False,1,0.06889057152290301,False,Normal
batch1-0075.jpg,72024579,01/25/2021,,179.75,2,Wine Rack,1.0,,,,,,False,,False,False,1,0.06889057152290301,False,Normal
batch1-0075.jpg,72024579,01/25/2021,,179.75,3,a pair of wine glasses drawer 1 e,5.0,,,,,,False,,False,False,1,0.07862962768810455,False,Normal
batch1-0075.jpg,72024579,01/25/2021,,179.75,4,THE ORIGINAL NIB WINE-DOWN REDNEK 16 02. WINE GLASS x2 - NR,1.0,,,,,,False,,False,False,1,0.06889057152290301,False,Normal
batch1-0075.jpg,72024579,01/25/2021,,179.75,5,Wall Mounted Upside Down Wine Bottle Rack Goblet Giass Holder Storage Organizer,1.0,,,,,,False,,False,False,1,0.06889057152290301,False,Normal
batch1-0075.jpg,72024579,01/25/2021,,179.75,6,HOME ESSENTIALS GRADIENT STEMLESS WINE GLASSES SET OF 4 20 FL OZ (591 ml) NEW,4.0,,,,,,False,,False,False,1,0.09500330356536002,False,Normal
batch1-0075.jpg,72024579,01/25/2021,,179.75,7,White Wine Brewing+( Red Wine Brewing )Active Dry Wine Yeast Alcohol 2Packs,2.0,,,,,,False,,False,False,1,0.08969061827656727,False,Normal
batch1-0076.jpg,32530472,08/27/2015,Cooper-Fox,187.0,1,Nintendo Gameboy Pocket,2.0,,,,,,False,,False,False,1,0.08969061827656727,False,Normal
batch1-0077.jpg,22132714,05/08/2020,Jordan-Cohen,5295.73,1,Fast Detel Desktop Computer,3.0,119.95,359.85,10.0,395.84,359.85,True,395.83500000000004,True,True,-1,-0.0158672873008312,True,Unusual pattern detected by Isolation Forest
batch1-0077.jpg,22132714,05/08/2020,Jordan-Cohen,5295.73,2,Desktop Computer Gaming PC,4.0,579.0,2316.0,10.0,2547.6,2316.0,True,2547.6000000000004,True,True,-1,-0.11023327040072295,True,Unusual pattern detected by Isolation Forest
batch1-0077.jpg,22132714,05/08/2020,Jordan-Cohen,5295.73,3,Dell Optiplex Core i7 Desktop,4.0,229.95,919.8,10.0,1011.78,919.8,True,1011.7800000000001,True,True,-1,-0.04972269800434581,True,Unusual pattern detected by Isolation Forest
batch1-0077.jpg,22132714,05/08/2020,Jordan-Cohen,5295.73,4,Dell Optiplex Desktop Computer,2.0,159.95,319.9,10.0,351.89,319.9,True,351.89,True,True,-1,-0.0282112753174405,True,Unusual pattern detected by Isolation Forest
batch1-0077.jpg,22132714,05/08/2020,Jordan-Cohen,5295.73,5,HP Desktop Computer 400 G1,3.0,139.95,419.85,10.0,461.83,419.84999999999997,True,461.83500000000004,True,True,-1,-0.025542097651910844,True,Unusual pattern detected by Isolation Forest
batch1-0077.jpg,22132714,05/08/2020,Jordan-Cohen,5295.73,6,Dell Precision Workstation,1.0,139.0,139.0,10.0,152.9,139.0,True,152.9,True,True,-1,-0.04391668856312958,True,Unusual pattern detected by Isolation Forest
batch1-0077.jpg,22132714,05/08/2020,Jordan-Cohen,5295.73,7,Dell Optiplex 7020 Desktop,2.0,169.95,339.9,10.0,373.89,339.9,True,373.89,True,True,-1,-0.02635898553687699,True,Unusual pattern detected by Isolation Forest
batch1-0078.jpg,61874671,07/26/2018,Gonzales-Faulkner,312.93,1,fire los angeles dress Medium,3.0,,,,,,False,,False,False,1,0.09996470912184524,False,Normal
batch1-0078.jpg,61874671,07/26/2018,Gonzales-Faulkner,312.93,2,Tommy Bahama Women's V Neck Linen Floral Dress Size M Beige Short Sleeve Tan,2.0,,,,,,False,,False,False,1,0.08969061827656727,False,Normal
batch1-0078.jpg,61874671,07/26/2018,Gonzales-Faulkner,312.93,3,Jams World Hawaiian 9 Oress Rayon sz.L,3.0,,,,,,False,,False,False,1,0.09996470912184524,False,Normal
batch1-0079.jpg,32357396,04/19/2020,Obrien Inc,62778.56,1,"18"" Marble White Top Chess",3.0,561.0,1683.0,10.0,1851.3,1683.0,True,1851.3000000000002,True,True,-1,-0.0760497234594637,True,Unusual pattern detected by Isolation Forest
batch1-0079.jpg,32357396,04/19/2020,Obrien Inc,62778.56,2,Antique Vintage style hand,3.0,13000.0,39000.0,10.0,42900.0,39000.0,True,42900.0,True,True,-1,-0.2357508774342092,True,Unusual pattern detected by Isolation Forest
batch1-0079.jpg,32357396,04/19/2020,Obrien Inc,62778.56,3,Multi Color Stones Inlay Art,3.0,517.5,1552.5,10.0,1707.75,1552.5,True,1707.7500000000002,True,True,-1,-0.06864570620989474,True,Unusual pattern detected by Isolation Forest
batch1-0079.jpg,32357396,04/19/2020,Obrien Inc,62778.56,4,"25""x25"" White Marble Top",5.0,2728.0,13640.0,10.0,15004.0,13640.0,True,15004.000000000002,True,True,-1,-0.19456514200144004,True,Unusual pattern detected by Isolation Forest
batch1-0079.jpg,32357396,04/19/2020,Obrien Inc,62778.56,5,"18"" White Marbie Corner Coffee",3.0,398.64,1195.92,10.0,1315.51,1195.92,True,1315.5120000000002,True,True,-1,-0.05894533734506724,True,Unusual pattern detected by Isolation Forest
batch1-0080.jpg,66389180,07/30/2016,Mercer-Donovan,291.92,1,Hot Toys COSB748 Mandalorian & The Child COSBABY Mini Figure Model Collection,2.0,,,,,,False,,False,False,1,0.08969061827656727,False,Normal
batch1-0080.jpg,66389180,07/30/2016,Mercer-Donovan,291.92,2,Jordan B’Loyal Boys Grade School Sneakers US 3Y,1.0,,,,,,False,,False,False,1,0.06889057152290301,False,Normal
batch1-0080.jpg,66389180,07/30/2016,Mercer-Donovan,291.92,3,Nike 7y Black,1.0,,,,,,False,,False,False,1,0.06889057152290301,False,Normal
batch1-0080.jpg,66389180,07/30/2016,Mercer-Donovan,291.92,4,Joma Youth Boys Gol 205 Piso Multitaco Soccer Cleats 3.5 White Blue Yellow NEW,4.0,,,,,,False,,False,False,1,0.09500330356536002,False,Normal
batch1-0080.jpg,66389180,07/30/2016,Mercer-Donovan,291.92,5,Star Wars 100% 925 sterling silver BB8 Darth Vader Charm R2-D2 Fiit Pandora Gift,3.0,,,,,,False,,False,False,1,0.09996470912184524,False,Normal
batch1-0080.jpg,66389180,07/30/2016,Mercer-Donovan,291.92,6,Toddler Kids Monster Jam Shoes Size 11¢ Grave Digger,4.0,,,,,,False,,False,False,1,0.09500330356536002,False,Normal
batch1-0081.jpg,15288019,09/07/2014,Fernandez Ltd,1.71,1,Easy No Tie Rubber Shoe Laces,1.0,,,,,,False,,False,False,1,0.06889057152290301,False,Normal
batch1-0082.jpg,31293737,12/15/2020,Nunez Inc,408.66,1,"Women’s black cocktail dress, size 4",3.0,,,,,,False,,False,False,1,0.09996470912184524,False,Normal
batch1-0082.jpg,31293737,12/15/2020,Nunez Inc,408.66,2,Christmas Dress Grace Karin Sleeveless Christmas dress Red Black size Large,1.0,,,,,,False,,False,False,1,0.06889057152290301,False,Normal
batch1-0082.jpg,31293737,12/15/2020,Nunez Inc,408.66,3,"Windsor womens black and Pink Bodycon Sleeveless Dress, Womens Size Small",1.0,,,,,,False,,False,False,1,0.06889057152290301,False,Normal
batch1-0082.jpg,31293737,12/15/2020,Nunez Inc,408.66,4,Lumiere Large Multicolored Orange Short Dress NWT,4.0,,,,,,False,,False,False,1,0.09500330356536002,False,Normal
batch1-0082.jpg,31293737,12/15/2020,Nunez Inc,408.66,5,Xhilaration Womens L Burgandy Boho Embroidered Festival Mini Oress NEW,4.0,,,,,,False,,False,False,1,0.09500330356536002,False,Normal
batch1-0082.jpg,31293737,12/15/2020,Nunez Inc,408.66,6,Johnny Was Medium Linen Wrap Dress Dessert Rose Embroiderd Bohemian,2.0,,,,,,False,,False,False,1,0.08969061827656727,False,Normal
batch1-0082.jpg,31293737,12/15/2020,Nunez Inc,408.66,7,Pre-Owned Women's Nah Nah Dress Size 8 Black Sheer Formal Sexy,2.0,,,,,,False,,False,False,1,0.08969061827656727,False,Normal
batch1-0083.jpg,69556867,02/14/2017,Houston Group,1190.54,1,Sony PlayStation 3 PS3 CECH-2501A Slim 150GB Black Console TESTED,5.0,,,,,,False,,False,False,1,0.07862962768810455,False,Normal
batch1-0083.jpg,69556867,02/14/2017,Houston Group,1190.54,2,Sony PlayStation Gray PS1 Console! CONSOLE ONLY! Tested Working!,4.0,,,,,,False,,False,False,1,0.09500330356536002,False,Normal
batch1-0083.jpg,69556867,02/14/2017,Houston Group,1190.54,3,Nintendo Wii Console RVL-001 Complete Hookups W/ Mario&Sonic; Tested / Working,5.0,,,,,,False,,False,False,1,0.07862962768810455,False,Normal
batch1-0084.jpg,69062791,02/16/2021,Torres Group,2322.84,1,HP Desktop Computer PC J Core iS 16GB 2TB HD 256GB SSD 22” LCD Q Windows 10,5.0,,,,,,False,,False,False,1,0.07862962768810455,False,Normal
batch1-0084.jpg,69062791,02/16/2021,Torres Group,2322.84,2,Lenovo C20-00...all in one desktop computer ...with Wireless Mouse.....,3.0,,,,,,False,,False,False,1,0.09996470912184524,False,Normal
batch1-0084.jpg,69062791,02/16/2021,Torres Group,2322.84,3,Desktop Computer Gaming PC Build Your Own Ryzen 3000G 3200G 3.5Ghz+ Vega or GTX,1.0,,,,,,False,,False,False,1,0.06889057152290301,False,Normal
batch1-0085.jpg,62256280,11/08/2020,Myers Inc Cook-Smith,2970.0,1,Yilong 1°x1.5' 400Lines Area,5.0,540.0,2700.0,10.0,2970.0,2700.0,True,2970.0000000000005,True,True,-1,-0.12560045272064957,True,Unusual pattern detected by Isolation Forest
batch1-0086.jpg,25687531,01/10/2012,"Moore, Gallagher and Villanueva",1237.5,1,Custom Build Dell Desktop,5.0,,,,,,False,,False,False,1,0.07862962768810455,False,Normal
batch1-0086.jpg,25687531,01/10/2012,"Moore, Gallagher and Villanueva",1237.5,2,Computer Desktop Gaming i5,2.0,,,,,,False,,False,False,1,0.08969061827656727,False,Normal
batch1-0087.jpg,87734908,12/19/2019,,6.58,1,"the invisible life of addie larue,",2.0,2.99,5.98,10.0,6.58,5.98,True,6.578000000000001,True,True,1,0.020512546822197553,False,Normal
batch1-0088.jpg,10060256,12/22/2013,Kim-Davenport Baker-Dixon,500.24,1,Story of a Soul: The,2.0,9.35,18.7,10.0,20.57,18.7,True,20.57,True,True,1,0.04128512706005405,False,Normal
batch1-0088.jpg,10060256,12/22/2013,Kim-Davenport Baker-Dixon,500.24,2,Poor Charlie’s Almanack The Wit,2.0,64.95,129.9,10.0,142.89,129.9,True,142.89000000000001,True,True,1,0.011845927212770224,False,Normal
batch1-0088.jpg,10060256,12/22/2013,Kim-Davenport Baker-Dixon,500.24,3,The Last Kings of Shanghai by,5.0,2.99,14.95,10.0,16.45,14.950000000000001,True,16.445,True,True,-1,-0.0073045823854096525,True,Unusual pattern detected by Isolation Forest
batch1-0088.jpg,10060256,12/22/2013,Kim-Davenport Baker-Dixon,500.24,4,That Quail Robert,2.0,4.89,9.78,10.0,10.76,9.78,True,10.758000000000001,True,True,1,0.03332422279381453,False,Normal
batch1-0088.jpg,10060256,12/22/2013,Kim-Davenport Baker-Dixon,500.24,5,Day Trading Joe Ross New Hard,2.0,125.0,250.0,10.0,275.0,250.0,True,275.0,True,True,-1,-0.017839425601826497,True,Unusual pattern detected by Isolation Forest
batch1-0088.jpg,10060256,12/22/2013,Kim-Davenport Baker-Dixon,500.24,6,Our Family Tree A History of Our,4.0,4.49,17.96,10.0,19.76,17.96,True,19.756000000000004,True,True,1,0.022358066647857555,False,Normal
batch1-0088.jpg,10060256,12/22/2013,Kim-Davenport Baker-Dixon,500.24,7,A Million Little Bricks The,3.0,4.49,13.47,10.0,14.82,13.47,True,14.817000000000002,True,True,1,0.03322557780898494,False,Normal
batch1-0089.jpg,40259650,06/08/2019,Medina Inc,154.1,1,Double Lever Wine Corker Used,5.0,,,,,,False,,False,False,1,0.07862962768810455,False,Normal
batch1-0089.jpg,40259650,06/08/2019,Medina Inc,154.1,2,Wine Bottle Opener Corkscrew,1.0,,,,,,False,,False,False,1,0.06889057152290301,False,Normal
batch1-0089.jpg,40259650,06/08/2019,Medina Inc,154.1,3,500g Active Dry Yeast for,2.0,,,,,,False,,False,False,1,0.08969061827656727,False,Normal
batch1-0089.jpg,40259650,06/08/2019,Medina Inc,154.1,4,HAND PAINTED WINE GLASSES,4.0,,,,,,False,,False,False,1,0.09500330356536002,False,Normal
batch1-0090.jpg,25532811,07/07/2016,Sandoval-Mckenzie,3541.78,1,8408 Nintendo Gameboy Color,5.0,,,,,,False,,False,False,1,0.07862962768810455,False,Normal
batch1-0090.jpg,25532811,07/07/2016,Sandoval-Mckenzie,3541.78,2,Microsoft Xbox One X 1TB 4k,5.0,,,,,,False,,False,False,1,0.07862962768810455,False,Normal
batch1-0090.jpg,25532811,07/07/2016,Sandoval-Mckenzie,3541.78,3,Sony PlayStation 2 Console -,4.0,,,,,,False,,False,False,1,0.09500330356536002,False,Normal
batch1-0090.jpg,25532811,07/07/2016,Sandoval-Mckenzie,3541.78,4,"8GB 4.3"" Retro Handheld Game",3.0,,,,,,False,,False,False,1,0.09996470912184524,False,Normal
batch1-0090.jpg,25532811,07/07/2016,Sandoval-Mckenzie,3541.78,5,Sega Saturn Console Gray,4.0,,,,,,False,,False,False,1,0.09500330356536002,False,Normal
batch1-0090.jpg,25532811,07/07/2016,Sandoval-Mckenzie,3541.78,6,Xbox One X 1 TB Console w/,2.0,,,,,,False,,False,False,1,0.08969061827656727,False,Normal
batch1-0090.jpg,25532811,07/07/2016,Sandoval-Mckenzie,3541.78,7,Magnavox Odyssey 2,2.0,,,,,,False,,False,False,1,0.08969061827656727,False,Normal
batch1-0091.jpg,54212825,05/01/2015,Hutchinson PLC Chapman-Long,551.54,1,Aicoholmeter Alcohol Meter,3.0,14.08,42.24,10.0,46.46,42.24,True,46.464000000000006,True,True,1,0.027638196877573407,False,Normal
batch1-0091.jpg,54212825,05/01/2015,Hutchinson PLC Chapman-Long,551.54,2,Vintage Wine Basket Holder - 3,2.0,32.99,65.98,10.0,72.58,65.98,True,72.57800000000002,True,True,1,0.03197321029564082,False,Normal
batch1-0091.jpg,54212825,05/01/2015,Hutchinson PLC Chapman-Long,551.54,3,Wagner Vineyards uncork new,2.0,3.99,7.98,10.0,8.78,7.98,True,8.778,True,True,1,0.0280516683280172,False,Normal
batch1-0091.jpg,54212825,05/01/2015,Hutchinson PLC Chapman-Long,551.54,4,Press Wine 15L Fruit Cider,1.0,279.0,279.0,10.0,306.9,279.0,True,306.90000000000003,True,True,-1,-0.07074402674948677,True,Unusual pattern detected by Isolation Forest
batch1-0091.jpg,54212825,05/01/2015,Hutchinson PLC Chapman-Long,551.54,5,100pcs Heat Shrink Capsules,4.0,5.75,23.0,10.0,25.3,23.0,True,25.3,True,True,1,0.021452431158210605,False,Normal
batch1-0091.jpg,54212825,05/01/2015,Hutchinson PLC Chapman-Long,551.54,6,Cuisinart Stainless Steel Electric,4.0,19.9,79.6,10.0,87.56,79.6,True,87.56,True,True,1,0.027767103275199323,False,Normal
batch1-0091.jpg,54212825,05/01/2015,Hutchinson PLC Chapman-Long,551.54,7,Stainless Steel Reusable,3.0,1.2,3.6,10.0,3.96,3.5999999999999996,True,3.9600000000000004,True,True,1,0.016103104452302452,False,Normal
batch1-0092.jpg,41884162,12/21/2016,Weaver Ltd,32.83,1,Adult Kids Pokemon Pikachu,3.0,,,,,,False,,False,False,1,0.09996470912184524,False,Normal
batch1-0093.jpg,57696752,10/03/2017,"Lopez-Smith Rodriguez, Grant and Green",2235.2,1,Nautica Kids Boys Navy & Red,4.0,500.0,2000.0,10.0,2200.0,2000.0,True,2200.0,True,True,-1,-0.09124420224266305,True,Unusual pattern detected by Isolation Forest
batch1-0093.jpg,57696752,10/03/2017,"Lopez-Smith Rodriguez, Grant and Green",2235.2,2,Nike Kids KD Trey 5 / Nike Black,1.0,22.0,22.0,10.0,24.2,22.0,True,24.200000000000003,True,True,1,0.027196461530275384,False,Normal
batch1-0093.jpg,57696752,10/03/2017,"Lopez-Smith Rodriguez, Grant and Green",2235.2,3,Timbediand brown slip on shoes,5.0,2.0,10.0,10.0,11.0,10.0,True,11.0,True,True,-1,-0.015279664879812804,True,Unusual pattern detected by Isolation Forest
batch1-0094.jpg,49360354,05/03/2017,"Armstrong Inc Yu, Williams and Barry",394.19,1,Lotto Youth Boys Fuerzapura,3.0,19.99,59.97,10.0,65.97,59.97,True,65.967,True,True,1,0.03628216713640553,False,Normal
batch1-0094.jpg,49360354,05/03/2017,"Armstrong Inc Yu, Williams and Barry",394.19,2,Skechers Kids‘ Snap Sprints,5.0,29.99,149.95,10.0,164.94,149.95,True,164.945,True,True,1,0.002778088828273906,False,Normal
batch1-0094.jpg,49360354,05/03/2017,"Armstrong Inc Yu, Williams and Barry",394.19,3,Joma Boys Youth Super Copa,5.0,19.99,99.95,10.0,109.94,99.94999999999999,True,109.94500000000001,True,True,1,0.01064504643535319,False,Normal
batch1-0094.jpg,49360354,05/03/2017,"Armstrong Inc Yu, Williams and Barry",394.19,4,Joma Youth Boys Gol 205 Piso,2.0,19.99,39.98,10.0,43.98,39.98,True,43.978,True,True,1,0.03651119622011417,False,Normal
batch1-0094.jpg,49360354,05/03/2017,"Armstrong Inc Yu, Williams and Barry",394.19,5,100Pcs Wail Stickers Home,5.0,1.7,8.5,10.0,9.35,8.5,True,9.350000000000001,True,True,-1,-0.014519650865463585,True,Unusual pattern detected by Isolation Forest
batch1-0095.jpg,61479635,07/02/2018,Kelley-Thomas,32.95,1,Executive style,5.0,,,,,,False,,False,False,1,0.07862962768810455,False,Normal
batch1-0096.jpg,76229289,12/04/2018,Rodriguez and Sons Lucero-Brown,5664.9,1,Gaming PC Computer RX 580,3.0,400.0,1200.0,10.0,1320.0,1200.0,True,1320.0,True,True,-1,-0.06039079296482519,True,Unusual pattern detected by Isolation Forest
batch1-0096.jpg,76229289,12/04/2018,Rodriguez and Sons Lucero-Brown,5664.9,2,GAMING PC Desktop Computer,5.0,549.99,2749.95,10.0,3024.95,2749.95,True,3024.945,True,True,-1,-0.12560045272064957,True,Unusual pattern detected by Isolation Forest
batch1-0096.jpg,76229289,12/04/2018,Rodriguez and Sons Lucero-Brown,5664.9,3,computer,4.0,299.99,1199.96,10.0,1319.96,1199.96,True,1319.9560000000001,True,True,-1,-0.0523558816415457,True,Unusual pattern detected by Isolation Forest
batch1-0097.jpg,38173030,12/17/2018,Short-Dixon,6208.38,1,Yilong 5°x7.5' Hand Knotted Silk,2.0,,,,,,False,,False,False,1,0.08969061827656727,False,Normal
batch1-0097.jpg,38173030,12/17/2018,Short-Dixon,6208.38,2,3pcs Faux Fur Seat Pads 30cm,3.0,,,,,,False,,False,False,1,0.09996470912184524,False,Normal
batch1-0098.jpg,92395596,10/03/2011,"Rodriguez, White and Hernandez",2.19,1,LuLaRoe Nicole Dress Size Medium 11,1.0,,,,,,False,,False,False,1,0.06889057152290301,False,Normal
batch1-0099.jpg,73459321,11/19/2013,"Hernandez, English and Yoder",495.3,3,Lego Star Wars Minifigures Stormtrooper Darth Vader Yoda Obi Van Mandalorian New,3.0,60.0,180.0,10.0,198.0,180.0,True,198.00000000000003,True,True,1,0.003463590557866103,False,Normal
batch1-0099.jpg,73459321,11/19/2013,"Hernandez, English and Yoder",495.3,4,Kids Jordan 7 Retro Sz 2y,3.0,22.99,68.97,10.0,75.87,68.97,True,75.867,True,True,1,0.031877265280765676,False,Normal
batch1-0099.jpg,73459321,11/19/2013,"Hernandez, English and Yoder",495.3,5,crewcuts shoes,2.0,2.98,5.96,10.0,6.56,5.96,True,6.556,True,True,1,0.020512546822197553,False,Normal
batch1-0099.jpg,73459321,11/19/2013,"Hernandez, English and Yoder",495.3,6,Stacy Adams 43373-221 Kids 2M Classic Cognac Oxford,1.0,72.0,72.0,10.0,79.2,72.0,True,79.2,True,True,-1,-0.0035232778981656443,True,Unusual pattern detected by Isolation Forest
batch1-0099.jpg,73459321,11/19/2013,"Hernandez, English and Yoder",495.3,7,"Nike Oncore High Jr 6.0 (Kids) Size 4Y Black, Red, White",2.0,12.0,24.0,10.0,26.4,24.0,True,26.400000000000002,True,True,1,0.04199239491936102,False,Normal
batch1-0100.jpg,22393723,05/22/2018,Henderson Group,235.79,1,NEW Oak Barrel Wooden Barrel for Storage Aging Wine Whiskey Spirits Wine Barrel,4.0,27.9,111.6,10.0,122.76,111.6,True,122.76,True,True,1,0.02265682702328875,False,Normal
batch1-0100.jpg,22393723,05/22/2018,Henderson Group,235.79,2,New Never Used CROFTON CHEFS COLLECTION WINE COOLING STICK IN PACKAGE,27.9,3.0,3.0,10.0,3.3,83.69999999999999,False,3.3000000000000003,True,False,-1,-0.0796743799808074,True,Unusual pattern detected by Isolation Forest
batch1-0100.jpg,22393723,05/22/2018,Henderson Group,235.79,3,NEW 6 Pcs Rabbit Wine Opener Set With Accessories Tools Gift Box #A16,111.6,19.95,99.75,10.0,109.73,2226.4199999999996,False,109.72500000000001,True,False,-1,-0.07098606914024697,True,Unusual pattern detected by Isolation Forest
batch1-0101.jpg,72761554,1/12/2014,Phillips-Bailey,5439.26,1,Intel NUC MINI PC i7-6770HQ,3.0,,,,,,False,,False,False,1,0.09996470912184524,False,Normal
batch1-0101.jpg,72761554,1/12/2014,Phillips-Bailey,5439.26,2,CAD Solidworks Video Photo,2.0,,,,,,False,,False,False,1,0.08969061827656727,False,Normal
batch1-0101.jpg,72761554,1/12/2014,Phillips-Bailey,5439.26,3,AMD Custom Ryzen 5 Quad,4.0,,,,,,False,,False,False,1,0.09500330356536002,False,Normal
batch1-0101.jpg,72761554,1/12/2014,Phillips-Bailey,5439.26,4,Dell Desktop Computer 3020,3.0,,,,,,False,,False,False,1,0.09996470912184524,False,Normal
batch1-0102.jpg,35312696,05/11/2017,"Parker, Khan and Parker",321.95,1,Liza Byrd Dress Sz L- Coral Green Medallion Print Short Sleeve 100% Cotton Line Bcbgeneration Black Sleeveless Lace Back Cut Out Dress Sz 2 Tommy Bahama Women's V Neck Linen Floral Dress Size M Beige Short Sleeve Tan Lands End Womens 3/4 Sleeve Dress Plus 3X Navy Blue Flora! Cotton Knit 482038 Fashion Sexy Backless Tight-fitting Halter Dress Cocktail Party Weeding Elegant Lumiere Large Multicolored Orange Short Dress NWT SCOTT McCINTOCK SIZE 12 BLACK PARTY DRESS WITH SPARKLIND TOP,2.0,,,,,,False,,False,False,1,0.08969061827656727,False,Normal
batch1-0103.jpg,60605668,09/27/2017,Foster-Beard Henderson and Sons,6097.29,1,"16""x16"" White Marble Top",1.0,745.99,745.99,10.0,820.59,745.99,True,820.589,True,True,-1,-0.10958659945569538,True,Unusual pattern detected by Isolation Forest
batch1-0103.jpg,60605668,09/27/2017,Foster-Beard Henderson and Sons,6097.29,2,30 Inches Marble Island Table,4.0,,,,,,False,,False,False,1,0.09500330356536002,False,Normal
batch1-0104.jpg,90188228,03/28/2016,,353.66,1,"Women’s black cocktail dress, size 4",5.0,,,,,,False,,False,False,1,0.07862962768810455,False,Normal
batch1-0104.jpg,90188228,03/28/2016,,353.66,2,Coolibar Sun Protection Tunic Dress Cover Up Size Small S Pink Pattern UPF 50,4.0,,,,,,False,,False,False,1,0.09500330356536002,False,Normal
batch1-0104.jpg,90188228,03/28/2016,,353.66,3,NWT dRA M White Embroidered Nathalie Bohemian Mini Dress 4 Vintage 80s All That Jazz Blue Velvet Dress Small/Medium,4.0,,,,,,False,,False,False,1,0.09500330356536002,False,Normal
batch1-0105.jpg,57290992,10/03/2011,,70577.35,1,"25""x25"" Marble Black Top custom Table Carnelian Marquetry Art Halloween Gift",5.0,,,,,,False,,False,False,1,0.07862962768810455,False,Normal
batch1-0105.jpg,57290992,10/03/2011,,70577.35,2,7'x4' Blue Random Marble Dining Hallway Table Top Lapis Lazuli Inlay Decor E947A,3.0,,,,,,False,,False,False,1,0.09996470912184524,False,Normal
batch1-0105.jpg,57290992,10/03/2011,,70577.35,3,6'x3' White Marble Dining Table Top Multi Inlay Floral Elephant Art Decor H4952,4.0,,,,,,False,,False,False,1,0.09500330356536002,False,Normal
batch1-0106.jpg,98788913,11/15/2014,,465.17,1,Johnny Was Medium Linen Wrap,4.0,,,,,,False,,False,False,1,0.09500330356536002,False,Normal
batch1-0106.jpg,98788913,11/15/2014,,465.17,2,O'Neill Black Pink gray green,3.0,,,,,,False,,False,False,1,0.09996470912184524,False,Normal
batch1-0106.jpg,98788913,11/15/2014,,465.17,3,WD NY BLACK & OFF WHITE,4.0,,,,,,False,,False,False,1,0.09500330356536002,False,Normal
batch1-0106.jpg,98788913,11/15/2014,,465.17,5,Andrea Polizzi Women's,3.0,,,,,,False,,False,False,1,0.09996470912184524,False,Normal
batch1-0107.jpg,40700258,12/27/2013,,514.02,1,Boys Black Dress Shoes,4.0,4.5,18.0,10.0,19.8,18.0,True,19.8,True,True,1,0.022358066647857555,False,Normal
batch1-0107.jpg,40700258,12/27/2013,,514.02,2,Fila Boys Skele-Toes Bay RNR 3,1.0,10.25,10.25,10.0,11.28,10.25,True,11.275,True,True,1,0.025966673465921186,False,Normal
batch1-0107.jpg,40700258,12/27/2013,,514.02,3,Steve Madden Bserge Boys,2.0,39.95,79.9,10.0,87.89,79.9,True,87.89000000000001,True,True,1,0.02428336587727925,False,Normal
batch1-0107.jpg,40700258,12/27/2013,,514.02,4,Kid's Boys Hiking Garden,5.0,31.88,159.4,10.0,175.34,159.4,True,175.34000000000003,True,True,-1,-0.0008963310625402787,True,Unusual pattern detected by Isolation Forest
batch1-0107.jpg,40700258,12/27/2013,,514.02,5,Nike Dangeruss Wilson Youth,4.0,19.95,79.8,10.0,87.78,79.8,True,87.78,True,True,1,0.02993587929001018,False,Normal
batch1-0107.jpg,40700258,12/27/2013,,514.02,6,Joma Boys Youth Gol-102,5.0,19.99,99.95,10.0,109.94,99.94999999999999,True,109.94500000000001,True,True,1,0.01064504643535319,False,Normal
batch1-0107.jpg,40700258,12/27/2013,,514.02,7,Diadora Youth Boys Avanti MD,1.0,19.99,19.99,10.0,21.99,19.99,True,21.989,True,True,1,0.026726968341963753,False,Normal
batch1-0108.jpg,20012449,04/22/2013,Jackson Ltd,360.58,1,Press Wine 20L Fruit Cider,1.0,,,,,,False,,False,False,1,0.06889057152290301,False,Normal
batch1-0108.jpg,20012449,04/22/2013,Jackson Ltd,360.58,2,MARIJUANA LEAF WINE STOPPER,4.0,,,,,,False,,False,False,1,0.09500330356536002,False,Normal
batch1-0110.jpg,91296589,09/04/2019,"Wagner, Jensen and Key King Inc",1669.75,1,Moroccan Amazigh Handmade,4.0,342.0,1368.0,10.0,1504.8,1368.0,True,1504.8000000000002,True,True,-1,-0.0547936560953709,True,Unusual pattern detected by Isolation Forest
batch1-0110.jpg,91296589,09/04/2019,"Wagner, Jensen and Key King Inc",1669.75,2,Chindi Rugs Carpet New Design,5.0,29.99,149.95,10.0,164.94,149.95,True,164.945,True,True,1,0.002778088828273906,False,Normal
batch1-0111.jpg,33270121,10/03/2019,"Cross, Pearson and Murillo",10.94,1,LuLaRoe Nicole Dress Size Large 26,5.0,,,,,,False,,False,False,1,0.07862962768810455,False,Normal
batch1-0112.jpg,85238418,05/03/2012,,178.83,1,Dont Sweat the Small Stuff. . .,5.0,,,,,,False,,False,False,1,0.07862962768810455,False,Normal
batch1-0112.jpg,85238418,05/03/2012,,178.83,2,The Black (Morpheus Road),1.0,,,,,,False,,False,False,1,0.06889057152290301,False,Normal
batch1-0112.jpg,85238418,05/03/2012,,178.83,3,The Puzzie Palace,1.0,,,,,,False,,False,False,1,0.06889057152290301,False,Normal
batch1-0112.jpg,85238418,05/03/2012,,178.83,5,The Elf on the Shelf: A,2.0,,,,,,False,,False,False,1,0.08969061827656727,False,Normal
batch1-0112.jpg,85238418,05/03/2012,,178.83,6,The Messiah,4.0,,,,,,False,,False,False,1,0.09500330356536002,False,Normal
batch1-0113.jpg,97022721,04/28/2019,Huff-Lowe,4416.24,1,"Alarco Gaming PC Desktop Computer Intel i5 ,8G,1TB,Win10,WIFI,NVIDIA GTX 650 1GB",1.0,,,,,,False,,False,False,1,0.06889057152290301,False,Normal
batch1-0113.jpg,97022721,04/28/2019,Huff-Lowe,4416.24,2,Custom Build Dell Optiplex 9020 MT i5-4570,3.2,,,,,,False,,False,False,1,0.07598865981792141,False,Normal
batch1-0113.jpg,97022721,04/28/2019,Huff-Lowe,4416.24,3,Ryzen Gaming Computer,1.0,,,,,,False,,False,False,1,0.06889057152290301,False,Normal
batch1-0113.jpg,97022721,04/28/2019,Huff-Lowe,4416.24,4,NEW RGB Quad Core Gaming PC Desktop Computer 4.2 GHz 500 8GB RAM WIN 10 WIFI,5.0,,,,,,False,,False,False,1,0.07862962768810455,False,Normal
batch1-0113.jpg,97022721,04/28/2019,Huff-Lowe,4416.24,5,Dell Desktop Computer PC Core iS 3.1GHz 8GB RAM 500GB HD Wifi DVD Windows 10,3.0,,,,,,False,,False,False,1,0.09996470912184524,False,Normal
batch1-0114.jpg,74184749,03/07/2015,,3.29,1,Stemless wine glass Etched,1.0,2.99,2.99,10.0,3.29,2.99,True,3.2890000000000006,True,True,1,0.00335737548038495,False,Normal
batch1-0116.jpg,84752922,10/16/2013,"Patrick, Strong and Miller",1028.39,1,8400 Nintendo 30S console Gloss Pink Japan x,1.0,,,,,,False,,False,False,1,0.06889057152290301,False,Normal
batch1-0116.jpg,84752922,10/16/2013,"Patrick, Strong and Miller",1028.39,2,Super Nintendo Entertainment System SNES Console Bundle W/ 2 Controllers & Games,4.0,,,,,,False,,False,False,1,0.09500330356536002,False,Normal
batch1-0116.jpg,84752922,10/16/2013,"Patrick, Strong and Miller",1028.39,3,Sony PlayStation 2 Console - Black (SCPH-39001) w/ 2 Controllers and 5 Games,5.0,,,,,,False,,False,False,1,0.07862962768810455,False,Normal
batch1-0117.jpg,93053660,0/09/2014,James LLC,375.04,1,Nintendo Wii White Console (NTSC),5.0,,,,,,False,,False,False,1,0.07862962768810455,False,Normal
batch1-0117.jpg,93053660,0/09/2014,James LLC,375.04,2,Nintendo Gameboy Pocket Console Clear Purple with Box MGB-001 Japan Tested 53,2.0,,,,,,False,,False,False,1,0.08969061827656727,False,Normal
batch1-0117.jpg,93053660,0/09/2014,James LLC,375.04,3,PS2 SAKURA PINK Console System Boxed SCPH-50000 Tested Japan,1.0,,,,,,False,,False,False,1,0.06889057152290301,False,Normal
batch1-0118.jpg,68766191,09/26/2012,Campbell LLC,3717.66,1,Xbox One X 1 TB Console w/,5.0,,,,,,False,,False,False,1,0.07862962768810455,False,Normal
batch1-0118.jpg,68766191,09/26/2012,Campbell LLC,3717.66,2,HUGE Sony PlayStation 3,2.0,,,,,,False,,False,False,1,0.08969061827656727,False,Normal
batch1-0118.jpg,68766191,09/26/2012,Campbell LLC,3717.66,3,Nintendo Wii Console RVL-001,2.0,,,,,,False,,False,False,1,0.08969061827656727,False,Normal
batch1-0118.jpg,68766191,09/26/2012,Campbell LLC,3717.66,4,PlayStation 5 Console Disc,1.0,,,,,,False,,False,False,1,0.06889057152290301,False,Normal
batch1-0118.jpg,68766191,09/26/2012,Campbell LLC,3717.66,5,Sony PlayStation 3 Slim 120GB,3.0,,,,,,False,,False,False,1,0.09996470912184524,False,Normal
batch1-0118.jpg,68766191,09/26/2012,Campbell LLC,3717.66,6,Vg PlayStation PS Vita console,1.0,,,,,,False,,False,False,1,0.06889057152290301,False,Normal
batch1-0118.jpg,68766191,09/26/2012,Campbell LLC,3717.66,7,Nintendo 2DS Console Blue,5.0,,,,,,False,,False,False,1,0.07862962768810455,False,Normal
batch1-0119.jpg,72869097,03/23/2021,"Pierce, Barber and Howard",701.72,1,Microsoft Xbox One 500GB 1540,4.0,,,,,,False,,False,False,1,0.09500330356536002,False,Normal
batch1-0119.jpg,72869097,03/23/2021,"Pierce, Barber and Howard",701.72,2,Video Classic Game Console,3.0,,,,,,False,,False,False,1,0.09996470912184524,False,Normal
batch1-0120.jpg,33035917,11/26/2017,Harris Group,9908.95,1,10 Core Gaming Computer Desktop PC Tower 1T 16GB R7 CUSTOM BUILT RED/BLACK,2.0,,,,,,False,,False,False,1,0.08969061827656727,False,Normal
batch1-0120.jpg,33035917,11/26/2017,Harris Group,9908.95,2,10-Core Gaming Computer Desktop PC Tower 3TB Quad 16GB ODR4 AMD Graphics WIFI PC,2.0,,,,,,False,,False,False,1,0.08969061827656727,False,Normal
batch1-0120.jpg,33035917,11/26/2017,Harris Group,9908.95,3,"HP Desktop Computer 400 G1 Core i3 3.4GHz 8GB 256GB SSD 19"" LCD Windows 10 PC",3.0,,,,,,False,,False,False,1,0.09996470912184524,False,Normal
batch1-0120.jpg,33035917,11/26/2017,Harris Group,9908.95,4,AMD Custom Ryzen 5 Quad Core Gaming PC 4.2GHZ Computer 8GB 1TB AM4 DDR4 Vega 11 s. Custom Gaming Computer Ryzen 7 2700 32GB DDR4 Nvidia RTX 2060 RGB SSD 500GB HDD,2.0,,,,,,False,,False,False,1,0.08969061827656727,False,Normal
batch1-0121.jpg,83642064,10/17/2020,"Sanchez, Richards and James",791.96,1,Nintendo Gameboy Original,4.0,,,,,,False,,False,False,1,0.09500330356536002,False,Normal
batch1-0121.jpg,83642064,10/17/2020,"Sanchez, Richards and James",791.96,2,Nintendo 64 game console unit /,4.0,,,,,,False,,False,False,1,0.09500330356536002,False,Normal
batch1-0122.jpg,22956460,06/26/2019,,2617.93,1,Nintendo Switch Lite Gray CONSOLE ONLY - No Accessories or Charger [B5-2]),4.0,,,,,,False,,False,False,1,0.09500330356536002,False,Normal
batch1-0122.jpg,22956460,06/26/2019,,2617.93,2,Sony Playstation 3 PS3 Slim 320GB Console w/games & Cord CECH-3001B -TESTED,5.0,,,,,,False,,False,False,1,0.07862962768810455,False,Normal
batch1-0122.jpg,22956460,06/26/2019,,2617.93,3,"SONY Playstation2 Slim Console set "" SCPH-90000 / White */ TESTED Working 11194",1.0,,,,,,False,,False,False,1,0.06889057152290301,False,Normal
batch1-0122.jpg,22956460,06/26/2019,,2617.93,4,Nintendo 64 Pokemon Pikachu Limited Edition video game console set,3.0,,,,,,False,,False,False,1,0.09996470912184524,False,Normal
batch1-0122.jpg,22956460,06/26/2019,,2617.93,5,Nintendo Wii U 32GB Black Console Deluxe Set with 21 games!,1.0,,,,,,False,,False,False,1,0.06889057152290301,False,Normal
batch1-0122.jpg,22956460,06/26/2019,,2617.93,6,Magnavox Odyssey 2 Microprocessor Console System w Joy Sticks & 15 Games - 1978,1.0,,,,,,False,,False,False,1,0.06889057152290301,False,Normal
batch1-0123.jpg,47037480,09/03/2012,Fernandez-Evans Ruiz-Cowan,8621.78,1,balmain dress 36,5.0,1550.0,7750.0,10.0,8525.0,7750.0,True,8525.0,True,True,-1,-0.16714817815863203,True,Unusual pattern detected by Isolation Forest
batch1-0123.jpg,47037480,09/03/2012,Fernandez-Evans Ruiz-Cowan,8621.78,2,Jones Wear Dress Women White,3.0,20.0,60.0,10.0,66.0,60.0,True,66.0,True,True,1,0.03628216713640553,False,Normal
batch1-0123.jpg,47037480,09/03/2012,Fernandez-Evans Ruiz-Cowan,8621.78,3,Women Black Dress Mori Girl,2.0,13.99,27.98,10.0,30.78,27.98,True,30.778000000000002,True,True,1,0.038712287855443894,False,Normal
batch1-0124.jpg,13891625,10/14/2017,Marshall-Mullins,7737.7,1,Custom Built Gaming Computer,4.0,217.5,870.0,10.0,957.0,870.0,True,957.0000000000001,True,True,-1,-0.047446062623848095,True,Unusual pattern detected by Isolation Forest
batch1-0124.jpg,13891625,10/14/2017,Marshall-Mullins,7737.7,2,Dell Desktop Computer PC Core iS 3.1GHz 8GB RAM 500GB HD Wifi DVD Windows 10,5.0,124.95,624.75,10.0,687.23,624.75,True,687.225,True,True,-1,-0.05522009140079809,True,Unusual pattern detected by Isolation Forest
batch1-0124.jpg,13891625,10/14/2017,Marshall-Mullins,7737.7,3,Computer Desktop Gaming i5 Ram 16G,5.0,315.0,1575.0,10.0,1732.5,1575.0,True,1732.5000000000002,True,True,-1,-0.07859878611374893,True,Unusual pattern detected by Isolation Forest
batch1-0124.jpg,13891625,10/14/2017,Marshall-Mullins,7737.7,4,NEW RGB Quad Core Gaming PC Desktop Computer 4.2 GHz 500 8GB RAM WIN 10 WIFI,3.0,299.99,899.97,10.0,989.97,899.97,True,989.9670000000001,True,True,-1,-0.04606252607385153,True,Unusual pattern detected by Isolation Forest
batch1-0124.jpg,13891625,10/14/2017,Marshall-Mullins,7737.7,5,Dell Optiplex Desktop Computer PC Quad Core iS 16GB 1TB HD Wifi Windows 10 Pro,5.0,169.95,849.75,10.0,934.73,849.75,True,934.725,True,True,-1,-0.06650944496695199,True,Unusual pattern detected by Isolation Forest
batch1-0124.jpg,13891625,10/14/2017,Marshall-Mullins,7737.7,6,Custom Build HP Desktop Computer 16GB | 2TB | SSD | Windows 10 Windows 7 PC WiFi,5.0,329.0,1645.0,10.0,1809.5,1645.0,True,1809.5000000000002,True,True,-1,-0.08347929561944645,True,Unusual pattern detected by Isolation Forest
batch1-0124.jpg,13891625,10/14/2017,Marshall-Mullins,7737.7,7,HP Compaq 6200 Pro SFF Desktop Computer Pentium Windows 10 System 500GB 1TB,5.0,113.96,569.8,10.0,626.78,569.8,True,626.78,True,True,-1,-0.0534860418368025,True,Unusual pattern detected by Isolation Forest
batch1-0125.jpg,29800590,08/10/2012,Lambert-Gomez,1084.56,1,"Original xbox console (Works Great, Tested)",2.0,,,,,,False,,False,False,1,0.08969061827656727,False,Normal
batch1-0125.jpg,29800590,08/10/2012,Lambert-Gomez,1084.56,2,Sega V Saturn Victor Console RG-JX1 Gray Tested Working Japan,3.0,,,,,,False,,False,False,1,0.09996470912184524,False,Normal
batch1-0125.jpg,29800590,08/10/2012,Lambert-Gomez,1084.56,3,Nintendo Switch 32GB Neon Red/Neon Blue Console,1.0,,,,,,False,,False,False,1,0.06889057152290301,False,Normal
batch1-0125.jpg,29800590,08/10/2012,Lambert-Gomez,1084.56,4,Nintendo Switch Console Tablet Only Unpatched Hackable Low Serial Number,1.0,,,,,,False,,False,False,1,0.06889057152290301,False,Normal
batch1-0126.jpg,96569585,04/17/2020,"Walker, Andrews and Leblanc",274.42,1,"Rug for living room-Minion And Banana Area Rugs Living Room Carpet, Christmas...",5.0,,,,,,False,,False,False,1,0.07862962768810455,False,Normal
batch1-0126.jpg,96569585,04/17/2020,"Walker, Andrews and Leblanc",274.42,2,3D Printed Illusion Rug Round Grid Vortex Carpet Anti-slip Mat Floor Home C4RO,5.0,,,,,,False,,False,False,1,0.07862962768810455,False,Normal
batch1-0126.jpg,96569585,04/17/2020,"Walker, Andrews and Leblanc",274.42,3,Deluxe Soft Faux Sheepskin Shaggy Area Floor Rugs Kids Play Carpet,1.0,,,,,,False,,False,False,1,0.06889057152290301,False,Normal
batch1-0127.jpg,60022910,03/21/2018,Burch PLC,19.77,1,KAREN SCOTT 3X ORESS,3.0,5.99,17.97,10.0,19.77,17.97,True,19.767,True,True,1,0.02889108007628899,False,Normal
batch1-0128.jpg,73144550,01/31/2012,"Mcdowell, Odom and Crosby",63.32,1,Luke s Fate Star Wars,3.0,4.49,17.96,10.0,19.76,13.47,False,19.756000000000004,True,False,1,0.02890698252662327,False,Normal
batch1-0128.jpg,73144550,01/31/2012,"Mcdowell, Odom and Crosby",63.32,2,"The Wim Hof Method Activate Your Potential, Transcend Your LimitsO000",2.0,4.22,12.66,10.0,13.93,8.44,False,13.926000000000002,True,False,1,0.03380066073882276,False,Normal
batch1-0128.jpg,73144550,01/31/2012,"Mcdowell, Odom and Crosby",63.32,3,Bronze Dragon Codex (The Dragon Codices) by R.D. Henham 4 CSS: The Definitive Guide by Eric A. Meyer,4.0,4.49,8.98,10.0,9.88,17.96,False,9.878000000000002,True,False,1,0.015299265910247495,False,Normal
batch1-0130.jpg,10737107,07/20/2012,"Thompson, Evans and Parker",66.99,1,NWT dRA M White Embroidered,1.0,,,,,,False,,False,False,1,0.06889057152290301,False,Normal
batch1-0130.jpg,10737107,07/20/2012,"Thompson, Evans and Parker",66.99,2,Calvin Klein dress 8 women,4.0,,,,,,False,,False,False,1,0.09500330356536002,False,Normal
batch1-0131.jpg,57416834,10/14/2020,Hicks-Miller,74294.55,1,YILONG 6'x9' Handmade Silk Area Rug Chinese Art Deco Classic Indoor Carpet,2.0,,,,,,False,,False,False,1,0.08969061827656727,False,Normal
batch1-0131.jpg,57416834,10/14/2020,Hicks-Miller,74294.55,2,YILONG 4'x6' Golden Hand Knotted Silk Rugs Antistatic Family Room Carpet 085B,5.0,,,,,,False,,False,False,1,0.07862962768810455,False,Normal
batch1-0131.jpg,57416834,10/14/2020,Hicks-Miller,74294.55,3,YILONG 4‘x6' Yellow Handmade Carpet Living Room Hand Knotted Silk Rugs 077B,4.0,,,,,,False,,False,False,1,0.09500330356536002,False,Normal
batch1-0131.jpg,57416834,10/14/2020,Hicks-Miller,74294.55,4,Yilong 2'x3’ Traditional Handmade Silk Area Rugs Kid Friendly Floor Carpet 356B,4.0,,,,,,False,,False,False,1,0.09500330356536002,False,Normal
batch1-0131.jpg,57416834,10/14/2020,Hicks-Miller,74294.55,5,Egg Bathroom Rug Carpet Area Rugs Rug Floor Mats Nordic Chic Room Decor,5.0,,,,,,False,,False,False,1,0.07862962768810455,False,Normal
batch1-0132.jpg,86164702,05/15/2020,,714.95,1,Oell Optiplex All in One,5.0,129.99,649.95,10.0,714.95,649.95,True,714.9450000000002,True,True,-1,-0.05559587282644274,True,Unusual pattern detected by Isolation Forest
batch1-0133.jpg,53221040,12/26/2014,Preston Inc Mathews-Harrison,3454.44,1,Rug Area Hand Knotted Wool,5.0,410.0,2050.0,10.0,2255.0,2050.0,True,2255.0,True,True,-1,-0.10204962916038052,True,Unusual pattern detected by Isolation Forest
batch1-0133.jpg,53221040,12/26/2014,Preston Inc Mathews-Harrison,3454.44,2,Handmade Tribal Geometric,4.0,272.6,1090.4,10.0,1199.44,1090.4,True,1199.4400000000003,True,True,-1,-0.04835744309136181,True,Unusual pattern detected by Isolation Forest
batch1-0134.jpg,36051373,04/07/2015,"Cervantes, Carpenter and Morse",10818.95,1,"18""x18* Marble White Table Top Lapis Inlay Pietradura Floral Home Décor Art Gift",1.0,1188.45,1188.45,10.0,1307.3,1188.45,True,1307.295,True,True,-1,-0.13169619301977742,True,Unusual pattern detected by Isolation Forest
batch1-0134.jpg,36051373,04/07/2015,"Cervantes, Carpenter and Morse",10818.95,2,Yellow Stone Royal Art Marble Dinning Table Top Round Garden Table Top 60 Inches,1.0,6756.0,6756.0,10.0,7431.6,6756.0,True,7431.6,True,True,-1,-0.20963148744612192,True,Unusual pattern detected by Isolation Forest
batch1-0134.jpg,36051373,04/07/2015,"Cervantes, Carpenter and Morse",10818.95,3,Floral two seater fabric sofa,2.0,199.0,398.0,10.0,437.8,398.0,True,437.8,True,True,-1,-0.032442674615862144,True,Unusual pattern detected by Isolation Forest
batch1-0134.jpg,36051373,04/07/2015,"Cervantes, Carpenter and Morse",10818.95,4,"26""x26"" Marble Black Top Coffee Table Inlay Floral Pietradura Art Christmas Gift",1.0,1489.0,1489.0,10.0,1637.9,1489.0,True,1637.9,True,True,-1,-0.14602147292220813,True,Unusual pattern detected by Isolation Forest
batch1-0134.jpg,36051373,04/07/2015,"Cervantes, Carpenter and Morse",10818.95,5,1-4 Seater General Elastic Fabric Protector Sofa Covers Couch Slipcovers Stretch,4.0,0.99,3.96,10.0,4.36,3.96,True,4.356,True,True,-1,-0.0002949325752256149,True,Unusual pattern detected by Isolation Forest
batch1-0135.jpg,87454899,01/18/2014,Brown and Sons,274.95,1,Nintendo 64 N64 Console Black,5.0,,,,,,False,,False,False,1,0.07862962768810455,False,Normal
batch1-0136.jpg,36475327,08/23/2020,Faulkner Group,5605.15,1,Dell Optiplex XE2 SFF Desktop,3.0,,,,,,False,,False,False,1,0.09996470912184524,False,Normal
batch1-0136.jpg,36475327,08/23/2020,Faulkner Group,5605.15,2,Custom Build Dell Desktop,1.0,,,,,,False,,False,False,1,0.06889057152290301,False,Normal
batch1-0136.jpg,36475327,08/23/2020,Faulkner Group,5605.15,3,custom gaming computer,4.0,,,,,,False,,False,False,1,0.09500330356536002,False,Normal
batch1-0136.jpg,36475327,08/23/2020,Faulkner Group,5605.15,4,Dell Optiplex Windows 10 Pro,3.0,,,,,,False,,False,False,1,0.09996470912184524,False,Normal
batch1-0136.jpg,36475327,08/23/2020,Faulkner Group,5605.15,5,HP Desktop Computers Core i5,5.0,,,,,,False,,False,False,1,0.07862962768810455,False,Normal
batch1-0136.jpg,36475327,08/23/2020,Faulkner Group,5605.15,6,2 Gaming Computers,1.0,,,,,,False,,False,False,1,0.06889057152290301,False,Normal
batch1-0136.jpg,36475327,08/23/2020,Faulkner Group,5605.15,7,HP All-in-One Computer 22”,1.0,,,,,,False,,False,False,1,0.06889057152290301,False,Normal
batch1-0138.jpg,61782695,05/15/2017,"Anderson, Brown and Thompson",73824.49,1,Real Madrid Inflatable Chair,3.0,,,,,,False,,False,False,1,0.09996470912184524,False,Normal
batch1-0138.jpg,61782695,05/15/2017,"Anderson, Brown and Thompson",73824.49,2,24 Inches Marble Sofa Table Top,3.0,,,,,,False,,False,False,1,0.09996470912184524,False,Normal
batch1-0138.jpg,61782695,05/15/2017,"Anderson, Brown and Thompson",73824.49,3,4 Pcs Table Feet Durable High,5.0,,,,,,False,,False,False,1,0.07862962768810455,False,Normal
batch1-0138.jpg,61782695,05/15/2017,"Anderson, Brown and Thompson",73824.49,4,72 Inches Marble Dinning Table,4.0,,,,,,False,,False,False,1,0.09500330356536002,False,Normal
batch1-0138.jpg,61782695,05/15/2017,"Anderson, Brown and Thompson",73824.49,5,"18""x14"" Modern Top Oval",3.0,,,,,,False,,False,False,1,0.09996470912184524,False,Normal
batch1-0138.jpg,61782695,05/15/2017,"Anderson, Brown and Thompson",73824.49,6,7'x4' Collectible Marble Green,2.0,,,,,,False,,False,False,1,0.08969061827656727,False,Normal
batch1-0138.jpg,61782695,05/15/2017,"Anderson, Brown and Thompson",73824.49,7,"16""x16"" White Coffee Top Table",1.0,,,,,,False,,False,False,1,0.06889057152290301,False,Normal
batch1-0139.jpg,38510682,09/05/2011,Solomon-Murray,743.58,1,Nike Kid's Air Jordan 4 Retro,5.0,,,,,,False,,False,False,1,0.07862962768810455,False,Normal
batch1-0139.jpg,38510682,09/05/2011,Solomon-Murray,743.58,2,Vizari Youth Boys Treviso Indoor,2.0,,,,,,False,,False,False,1,0.08969061827656727,False,Normal
batch1-0139.jpg,38510682,09/05/2011,Solomon-Murray,743.58,3,crewcuts shoes,3.0,,,,,,False,,False,False,1,0.09996470912184524,False,Normal
batch1-0140.jpg,61527431,08/24/2016,Mckay Inc,10319.1,1,"18"" Marble White Top Chess",5.0,,,,,,False,,False,False,1,0.07862962768810455,False,Normal
batch1-0140.jpg,61527431,08/24/2016,Mckay Inc,10319.1,2,4'x2' Marble Black Center Top,2.0,,,,,,False,,False,False,1,0.08969061827656727,False,Normal
batch1-0141.jpg,73783721,10/22/2011,"Wood, Nichols and Perry",43.95,1,Banana Republic Maroon,3.0,,,,,,False,,False,False,1,0.09996470912184524,False,Normal
batch1-0141.jpg,73783721,10/22/2011,"Wood, Nichols and Perry",43.95,2,NWT Boohoo Sabra Emerald,5.0,,,,,,False,,False,False,1,0.07862962768810455,False,Normal
batch1-0142.jpg,52701374,06/29/2018,Daniel Group,104.97,1,Vintage Crystal Red Wine,1.0,,,,,,False,,False,False,1,0.06889057152290301,False,Normal
batch1-0142.jpg,52701374,06/29/2018,Daniel Group,104.97,2,Wine Openers.Heavy Duty,2.0,,,,,,False,,False,False,1,0.08969061827656727,False,Normal
batch1-0143.jpg,61809225,10/24/2015,Ellis-Thomas,17740.25,1,6'x3' Random Marble Dining,1.0,,,,,,False,,False,False,1,0.06889057152290301,False,Normal
batch1-0143.jpg,61809225,10/24/2015,Ellis-Thomas,17740.25,2,"18""x18"" Marble White Top",4.0,,,,,,False,,False,False,1,0.09500330356536002,False,Normal
batch1-0143.jpg,61809225,10/24/2015,Ellis-Thomas,17740.25,3,"12"" White Marble Coffee Table",1.0,,,,,,False,,False,False,1,0.06889057152290301,False,Normal
batch1-0143.jpg,61809225,10/24/2015,Ellis-Thomas,17740.25,4,24” Marble White Coffee Top,4.0,,,,,,False,,False,False,1,0.09500330356536002,False,Normal
batch1-0143.jpg,61809225,10/24/2015,Ellis-Thomas,17740.25,5,Nugget Play Couch - Dew Drop,3.0,,,,,,False,,False,False,1,0.09996470912184524,False,Normal
batch1-0144.jpg,79990560,05/09/2016,"Stephens, Lopez and Ramirez",415.73,1,Diane Von Furstenberg Wrap Red Black Classic Dress Size 14,3.0,,,,,,False,,False,False,1,0.09996470912184524,False,Normal
batch1-0144.jpg,79990560,05/09/2016,"Stephens, Lopez and Ramirez",415.73,2,NWOT Italian Dress Grey Black Size XS Made in Italy,3.0,,,,,,False,,False,False,1,0.09996470912184524,False,Normal
batch1-0144.jpg,79990560,05/09/2016,"Stephens, Lopez and Ramirez",415.73,3,MARC JACOBS IVORY COTTON SHORT SLEEVE BEIGE SILK OVERLAY DRESS SMALL,3.0,,,,,,False,,False,False,1,0.09996470912184524,False,Normal
batch1-0145.jpg,91781923,03/09/2013,Barry-Roberts,6198.39,1,gaming computer,4.0,,,,,,False,,False,False,1,0.09500330356536002,False,Normal
batch1-0145.jpg,91781923,03/09/2013,Barry-Roberts,6198.39,2,HP Pro 6200 Desktop Tower,1.0,,,,,,False,,False,False,1,0.06889057152290301,False,Normal
batch1-0145.jpg,91781923,03/09/2013,Barry-Roberts,6198.39,3,Sentry Gaming Computer |,5.0,,,,,,False,,False,False,1,0.07862962768810455,False,Normal
batch1-0146.jpg,49900465,12/23/2014,Fleming and Sons,205.21,1,Xmas Christmas Rug Carpet Cartoon Bedroom Kids Play Mat Soft Flannel Area Rugs @,5.0,,,,,,False,,False,False,1,0.07862962768810455,False,Normal
batch1-0147.jpg,48440593,06/27/2014,Patton-Barrett Warren Group,3620.84,1,Super Nintendo Entertainment,5.0,129.99,649.95,10.0,714.95,649.95,True,714.9450000000002,True,True,-1,-0.05559587282644274,True,Unusual pattern detected by Isolation Forest
batch1-0147.jpg,48440593,06/27/2014,Patton-Barrett Warren Group,3620.84,2,Nintendo Gameboy Color,4.0,120.0,480.0,10.0,528.0,480.0,True,528.0,True,True,-1,-0.02845676092333327,True,Unusual pattern detected by Isolation Forest
batch1-0147.jpg,48440593,06/27/2014,Patton-Barrett Warren Group,3620.84,3,Nintendo Switch 32GB Neon,4.0,300.0,1200.0,10.0,1320.0,1200.0,True,1320.0,True,True,-1,-0.0523558816415457,True,Unusual pattern detected by Isolation Forest
batch1-0147.jpg,48440593,06/27/2014,Patton-Barrett Warren Group,3620.84,4,Sony PlayStation 3 PS3 Super,5.0,99.95,499.75,10.0,549.73,499.75,True,549.725,True,True,-1,-0.04543415890581193,True,Unusual pattern detected by Isolation Forest
batch1-0147.jpg,48440593,06/27/2014,Patton-Barrett Warren Group,3620.84,5,Sony PlayStation Gray PS1,1.0,21.99,21.99,10.0,24.19,21.99,True,24.189,True,True,1,0.027196461530275384,False,Normal
batch1-0147.jpg,48440593,06/27/2014,Patton-Barrett Warren Group,3620.84,6,VTech Game Console Bundle-,2.0,219.99,439.98,10.0,483.98,439.98,True,483.97800000000007,True,True,-1,-0.04340294527564981,True,Unusual pattern detected by Isolation Forest
batch1-0148.jpg,33299774,0/24/2015,"Garcia, Avery and Hernandez",1721.01,1,HP Pro 6200 Desktop Tower Computer Core i5 3.1GHz 8GB 500GB Windows 10 Home WiFi,4.0,179.95,719.8,10.0,791.78,719.8,True,791.78,True,True,-1,-0.04481799690353949,True,Unusual pattern detected by Isolation Forest
batch1-0148.jpg,33299774,0/24/2015,"Garcia, Avery and Hernandez",1721.01,2,Fast Dell Optiplex Windows 10 Pro Desktop Computer Dual Core 6GB 160GB DVD WIFI,5.0,119.95,599.75,10.0,659.73,599.75,True,659.725,True,True,-1,-0.0517720458411457,True,Unusual pattern detected by Isolation Forest
batch1-0148.jpg,33299774,0/24/2015,"Garcia, Avery and Hernandez",1721.01,3,"Qaud core J3160 Dual Lan industrial mini PC,AES NI Linux ubuntu desktop computer",1.0,245.0,245.0,10.0,269.5,245.0,True,269.5,True,True,-1,-0.0637045556030793,True,Unusual pattern detected by Isolation Forest
batch1-0149.jpg,50027163,02/24/2012,"Mendez, Gibson and Shaffer",10865.23,1,Striped Contemporary Gabbeh Kashkoli Oriental Area Rug Handmade Wool Carpet 6x8,2.0,,,,,,False,,False,False,1,0.08969061827656727,False,Normal
batch1-0149.jpg,50027163,02/24/2012,"Mendez, Gibson and Shaffer",10865.23,2,Unicorn Series Small Large Long Floor Carpet Area Rugs Various Size Soft Rug,2.0,,,,,,False,,False,False,1,0.08969061827656727,False,Normal
batch1-0149.jpg,50027163,02/24/2012,"Mendez, Gibson and Shaffer",10865.23,3,YILONG 4‘x6' Golden Handmade Carpet House Decor Hand Knotted Silk Rugs 088B,2.0,,,,,,False,,False,False,1,0.08969061827656727,False,Normal
batch1-0149.jpg,50027163,02/24/2012,"Mendez, Gibson and Shaffer",10865.23,4,7x10 Diamond Geometric Rugs Contemporary Black Color Large Mat Dhurrie Carpet,5.0,,,,,,False,,False,False,1,0.07862962768810455,False,Normal
batch1-0150.jpg,24826419,08/12/2018,Herrera PLC,16.45,1,NIB Corkit Wine Cork & Bottle,1.0,14.95,14.95,10.0,16.45,14.95,True,16.445,True,True,1,0.028067024705137555,False,Normal
batch1-0151.jpg,92059706,04/28/2017,"Archer, Davis and Hudson Barton, Decker and Ferguson",3838.87,1,Working - Super Nintendo SNES,4.0,,,,,,False,,False,False,1,0.09500330356536002,False,Normal
batch1-0151.jpg,92059706,04/28/2017,"Archer, Davis and Hudson Barton, Decker and Ferguson",3838.87,2,Sony PlayStation 5 Console -,3.0,,,,,,False,,False,False,1,0.09996470912184524,False,Normal
batch1-0151.jpg,92059706,04/28/2017,"Archer, Davis and Hudson Barton, Decker and Ferguson",3838.87,3,Nintendo Wii Console Mario Kart,3.0,,,,,,False,,False,False,1,0.09996470912184524,False,Normal
batch1-0152.jpg,49848653,05/15/2018,"Edwards, Smith and Foster",161.94,1,Metal Storage Shelf Wine Glass,3.0,,,,,,False,,False,False,1,0.09996470912184524,False,Normal
batch1-0152.jpg,49848653,05/15/2018,"Edwards, Smith and Foster",161.94,2,Keep the Boos Coming Stainless,4.0,,,,,,False,,False,False,1,0.09500330356536002,False,Normal
batch1-0153.jpg,44910862,03/19/2017,,255.38,1,Adidas Baseball Youth Cleats Spikes Kids Shoes Black White Size 12K,2.0,,,,,,False,,False,False,1,0.08969061827656727,False,Normal
batch1-0153.jpg,44910862,03/19/2017,,255.38,2,Fila Boys Skele-Toes Bay RNR 3 Black Running Shoes 11 Medium (D) Little Kid 9953,5.0,,,,,,False,,False,False,1,0.07862962768810455,False,Normal
batch1-0153.jpg,44910862,03/19/2017,,255.38,3,Under Armour black boys athletic shoes 7y,1.0,,,,,,False,,False,False,1,0.06889057152290301,False,Normal
batch1-0153.jpg,44910862,03/19/2017,,255.38,4,Joma Boys Youth Gol-102 Soccer Cleats Shoes Size 2 White Red 2Y NEW,5.0,,,,,,False,,False,False,1,0.07862962768810455,False,Normal
batch1-0153.jpg,44910862,03/19/2017,,255.38,5,Joma Boys Youth Gol-102 Soccer Cleats Shoes Size 5.5 White Red Futbol NEW,2.0,,,,,,False,,False,False,1,0.08969061827656727,False,Normal
batch1-0154.jpg,85930211,08/02/2012,,24038.28,1,Round Rug Carpet For Living,4.0,9.87,39.48,10.0,43.43,39.48,True,43.428,True,True,1,0.025993221135503786,False,Normal
batch1-0154.jpg,85930211,08/02/2012,,24038.28,2,YILONG,6.56,4800.0,14400.0,10.0,15840.0,31487.999999999996,False,15840.000000000002,True,False,-1,-0.19975300981999722,True,Unusual pattern detected by Isolation Forest
batch1-0154.jpg,85930211,08/02/2012,,24038.28,3,YILONG 4‘x6' Yellow Handmade,2.0,3600.0,7200.0,10.0,7920.0,7200.0,True,7920.000000000001,True,True,-1,-0.17455538976060947,True,Unusual pattern detected by Isolation Forest
batch1-0154.jpg,85930211,08/02/2012,,24038.28,4,Nordic Cartoon Phoenix Carpets,5.0,13.66,68.3,10.0,75.13,68.3,True,75.13000000000001,True,True,1,0.007350899280134382,False,Normal
batch1-0154.jpg,85930211,08/02/2012,,24038.28,5,Sun Series Modern Small Large,4.0,36.3,145.2,10.0,159.72,145.2,True,159.72,True,True,1,0.011543749973975614,False,Normal
batch1-0155.jpg,62472177,11/27/2018,Crosby-Cox,81508.24,1,7'x4' Buy Marble Dining Table,5.0,,,,,,False,,False,False,1,0.07862962768810455,False,Normal
batch1-0155.jpg,62472177,11/27/2018,Crosby-Cox,81508.24,2,15 Inches Marble Bed Side Table,2.0,,,,,,False,,False,False,1,0.08969061827656727,False,Normal
batch1-0156.jpg,71490900,11/01/2013,,1704.45,1,FAST Dell Windows 10 Desktop,5.0,,,,,,False,,False,False,1,0.07862962768810455,False,Normal
batch1-0156.jpg,71490900,11/01/2013,,1704.45,2,HP Desktop Computer PC 9,5.0,,,,,,False,,False,False,1,0.07862962768810455,False,Normal
batch1-0157.jpg,57770024,12/12/2020,Thompson-Miller,8820.75,1,AMD Dual Core 3.9Ghz 4GB ODR3 500GB WiFi Windows 10 office Desktop PC Computer,5.0,,,,,,False,,False,False,1,0.07862962768810455,False,Normal
batch1-0157.jpg,57770024,12/12/2020,Thompson-Miller,8820.75,2,"Intel Compute Stick (32GB, Intel Atom,",1.33,,,,,,False,,False,False,1,0.04372168708487667,False,Normal
batch1-0157.jpg,57770024,12/12/2020,Thompson-Miller,8820.75,3,"Custom Gaming Desktop PC Computer - Core i5 4690, RX 470, 8GB RAM",2.0,,,,,,False,,False,False,1,0.08969061827656727,False,Normal
batch1-0157.jpg,57770024,12/12/2020,Thompson-Miller,8820.75,4,HP 2420 Workstation Desktop Computer PC Intel Xeon 2.8GHZ 8GB 1TB Win10 Pro,1.0,,,,,,False,,False,False,1,0.06889057152290301,False,Normal
batch1-0157.jpg,57770024,12/12/2020,Thompson-Miller,8820.75,5,AMD Custom Ryzen 5 Quad Core Gaming PC 4.2GHZ Computer 8GB 1TB AM4 DOR4 Vega 11,2.0,,,,,,False,,False,False,1,0.08969061827656727,False,Normal
batch1-0157.jpg,57770024,12/12/2020,Thompson-Miller,8820.75,6,"Gaming PC Desktop Computer RGB Intel i7, RTX 2060, 16GB RAM, 240GB SSD, 2TB HDD",5.0,,,,,,False,,False,False,1,0.07862962768810455,False,Normal
batch1-0158.jpg,49565075,10/28/2019,Kane-Morgan,96.73,1,Anthropologie Gold Elegant Swan Decorative Metal Bottle Stopper Wine Saver,3.0,,,,,,False,,False,False,1,0.09996470912184524,False,Normal
batch1-0158.jpg,49565075,10/28/2019,Kane-Morgan,96.73,2,Lolita Happy Retirement Wine Glass 15 Ounce GLS$11-5534H,1.0,,,,,,False,,False,False,1,0.06889057152290301,False,Normal
batch1-0158.jpg,49565075,10/28/2019,Kane-Morgan,96.73,3,Lolita “Congratulations” Hand Painted and Decorated Wine Glass NIB,1.0,,,,,,False,,False,False,1,0.06889057152290301,False,Normal
batch1-0159.jpg,41290662,08/31/2014,,386.05,1,Wall Mounted Upside Down,4.0,,,,,,False,,False,False,1,0.09500330356536002,False,Normal
batch1-0159.jpg,41290662,08/31/2014,,386.05,2,CYLINDER GLASS PAROT for,2.0,,,,,,False,,False,False,1,0.08969061827656727,False,Normal
batch1-0159.jpg,41290662,08/31/2014,,386.05,3,Bottle tops lid reusable,4.0,,,,,,False,,False,False,1,0.09500330356536002,False,Normal
batch1-0159.jpg,41290662,08/31/2014,,386.05,4,ELTOW Modular Plastic Wine,1.0,,,,,,False,,False,False,1,0.06889057152290301,False,Normal
batch1-0159.jpg,41290662,08/31/2014,,386.05,5,1PC Tricycle Shape Red Wine,1.0,,,,,,False,,False,False,1,0.06889057152290301,False,Normal
batch1-0159.jpg,41290662,08/31/2014,,386.05,6,NIB Set Of 4 Riedel Wine,5.0,,,,,,False,,False,False,1,0.07862962768810455,False,Normal
batch1-0160.jpg,60991397,02/25/2021,"Blair LLC Gomez, Hall and Boyd",281.25,1,Leed's Wine Companion Bottle,2.0,7.5,15.0,10.0,16.5,15.0,True,16.5,True,True,1,0.043140771611484496,False,Normal
batch1-0160.jpg,60991397,02/25/2021,"Blair LLC Gomez, Hall and Boyd",281.25,2,Outdoor Wine Glass Beer Holder,4.0,18.75,75.0,10.0,82.5,75.0,True,82.5,True,True,1,0.02588099814656697,False,Normal
batch1-0160.jpg,60991397,02/25/2021,"Blair LLC Gomez, Hall and Boyd",281.25,3,Wine Rack Holder Iron Art,4.0,19.98,79.92,10.0,87.91,79.92,True,87.912,True,True,1,0.02993587929001018,False,Normal
batch1-0160.jpg,60991397,02/25/2021,"Blair LLC Gomez, Hall and Boyd",281.25,4,Anthropologie Gold Elegant,4.0,10.0,40.0,10.0,44.0,40.0,True,44.0,True,True,1,0.025993221135503786,False,Normal
batch1-0160.jpg,60991397,02/25/2021,"Blair LLC Gomez, Hall and Boyd",281.25,5,Refinery Wine Opener,4.0,,,,,,False,,False,False,1,0.09500330356536002,False,Normal
batch1-0161.jpg,28488969,01/04/2019,Reid Ltd Maldonado-Berger,113938.41,1,7'x4' Marble Living Room Center,5.0,16887.62,84438.1,10.0,92881.91,84438.09999999999,True,92881.91000000002,True,True,-1,-0.22137538776567234,True,Unusual pattern detected by Isolation Forest
batch1-0161.jpg,28488969,01/04/2019,Reid Ltd Maldonado-Berger,113938.41,2,"16""x16"" White Marble Top",4.0,745.99,2983.96,10.0,3282.36,2983.96,True,3282.356,True,True,-1,-0.13517632312649785,True,Unusual pattern detected by Isolation Forest
batch1-0161.jpg,28488969,01/04/2019,Reid Ltd Maldonado-Berger,113938.41,3,"15""x15* White Decorative",3.0,5908.0,11816.0,10.0,12997.6,17724.0,False,12997.6,True,False,-1,-0.18821024933881558,True,Unusual pattern detected by Isolation Forest
batch1-0161.jpg,28488969,01/04/2019,Reid Ltd Maldonado-Berger,113938.41,4,60 Inches Marble Dinning Table,2.0,341.48,1365.92,10.0,1502.51,682.96,False,1502.5120000000002,True,False,-1,-0.07834626897010688,True,Unusual pattern detected by Isolation Forest
batch1-0161.jpg,28488969,01/04/2019,Reid Ltd Maldonado-Berger,113938.41,5,Marble Top Side Table Tiger Eye,4.0,259.77,1039.08,10.0,1142.99,1039.08,True,1142.988,True,True,-1,-0.048434393365404116,True,Unusual pattern detected by Isolation Forest
batch1-0161.jpg,28488969,01/04/2019,Reid Ltd Maldonado-Berger,113938.41,6,"12x12"" Wild Agate Stone Side",4.0,,,,,,False,,False,False,1,0.09500330356536002,False,Normal
batch1-0162.jpg,96382825,05/03/2018,"Cain, Thomas and Best",17672.06,1,6'x3' Multi Pietra Oura Design,3.0,,,,,,False,,False,False,1,0.09996470912184524,False,Normal
batch1-0163.jpg,53543863,07/09/2020,Cohen LLC,1802.53,1,Yeti Rambler 30 oz and 100z,2.0,59.99,119.98,10.0,131.98,119.98,True,131.978,True,True,1,0.014762223704074151,False,Normal
batch1-0163.jpg,53543863,07/09/2020,Cohen LLC,1802.53,2,Vintage Set of 3 Cobalt Blue,3.0,24.0,72.0,10.0,79.2,72.0,True,79.2,True,True,1,0.032255719091831725,False,Normal
batch1-0163.jpg,53543863,07/09/2020,Cohen LLC,1802.53,3,| VTG 1970s MCM Brown Steel,3.0,34.0,102.0,10.0,112.2,102.0,True,112.2,True,True,1,0.02444752711461229,False,Normal
batch1-0163.jpg,53543863,07/09/2020,Cohen LLC,1802.53,4,Hanging Wine Cup Rack Goblet,2.0,26.88,53.76,10.0,59.14,53.76,True,59.136,True,True,1,0.03177902554217227,False,Normal
batch1-0163.jpg,53543863,07/09/2020,Cohen LLC,1802.53,5,THE CELLAR BASICS Wine Flute,3.0,27.99,83.97,10.0,92.37,83.97,True,92.367,True,True,1,0.031477945173285726,False,Normal
batch1-0163.jpg,53543863,07/09/2020,Cohen LLC,1802.53,6,Press Wine 20L Fruit Cider,4.0,299.0,1196.0,10.0,1315.6,1196.0,True,1315.6000000000001,True,True,-1,-0.050931151037031164,True,Unusual pattern detected by Isolation Forest
batch1-0163.jpg,53543863,07/09/2020,Cohen LLC,1802.53,7,Vintage MIKASA Crystal Glass,1.0,10.95,10.95,10.0,12.04,10.95,True,12.045,True,True,1,0.026929663802632453,False,Normal
batch1-0164.jpg,68800500,07/14/2013,"Scott, Long and Smith",538.73,1,Elegant Wine Glasses w/Hand,1.0,,,,,,False,,False,False,1,0.06889057152290301,False,Normal
batch1-0164.jpg,68800500,07/14/2013,"Scott, Long and Smith",538.73,2,1pc Wine Display Rack Wine,4.0,,,,,,False,,False,False,1,0.09500330356536002,False,Normal
batch1-0164.jpg,68800500,07/14/2013,"Scott, Long and Smith",538.73,3,Set of 2 Stemless Christmas,4.0,,,,,,False,,False,False,1,0.09500330356536002,False,Normal
batch1-0164.jpg,68800500,07/14/2013,"Scott, Long and Smith",538.73,4,VTG BRASS BRONZE GLASS,3.0,,,,,,False,,False,False,1,0.09996470912184524,False,Normal
batch1-0164.jpg,68800500,07/14/2013,"Scott, Long and Smith",538.73,5,Portable Wine Rack Bar,1.0,,,,,,False,,False,False,1,0.06889057152290301,False,Normal
batch1-0164.jpg,68800500,07/14/2013,"Scott, Long and Smith",538.73,6,Pier 1 Multi-color Cordial,2.0,,,,,,False,,False,False,1,0.08969061827656727,False,Normal
batch1-0164.jpg,68800500,07/14/2013,"Scott, Long and Smith",538.73,7,Vintage Set of 3 Cobalt Blue,2.0,,,,,,False,,False,False,1,0.08969061827656727,False,Normal
batch1-0165.jpg,68378638,10/11/2018,,698.89,1,Vintage Cobalt Blue Spiral Stemmed Wine Glasses - Pair,4.0,,,,,,False,,False,False,1,0.09500330356536002,False,Normal
batch1-0165.jpg,68378638,10/11/2018,,698.89,2,Rabbit Wine Tool Kit 6 Piece Set. Open box Sealed,4.0,,,,,,False,,False,False,1,0.09500330356536002,False,Normal
batch1-0165.jpg,68378638,10/11/2018,,698.89,3,"6 Spiegelau Crystal Tasting Wine Glasses, Germany detailed stems excellent shape",3.0,,,,,,False,,False,False,1,0.09996470912184524,False,Normal
batch1-0165.jpg,68378638,10/11/2018,,698.89,4,RETIRED PAMPERED CHEF Wine Bottle Corkscrew Hand Opener NEW,4.0,,,,,,False,,False,False,1,0.09500330356536002,False,Normal
batch1-0165.jpg,68378638,10/11/2018,,698.89,5,2 Cakebread Cellars Napa Valley Wine Glasses,1.0,,,,,,False,,False,False,1,0.06889057152290301,False,Normal
batch1-0165.jpg,68378638,10/11/2018,,698.89,6,Galvanized Metal Wine Caddy,4.0,,,,,,False,,False,False,1,0.09500330356536002,False,Normal
batch1-0166.jpg,17599610,10/11/2013,"Brown, Lowery and Sandoval",36.33,1,"Lives of the Artists, Vol. 2",3.0,,,,,,False,,False,False,1,0.09996470912184524,False,Normal
batch1-0166.jpg,17599610,10/11/2013,"Brown, Lowery and Sandoval",36.33,2,Haida: Their Art and Culture,4.0,,,,,,False,,False,False,1,0.09500330356536002,False,Normal
batch1-0168.jpg,15318030,05/10/2012,"Cantu, Livingston and Baker Mosley, Ortega and Lynch",2511.2,1,"10"" Cuphead Game Soft Plush",4.0,,,,,,False,,False,False,1,0.09500330356536002,False,Normal
batch1-0168.jpg,15318030,05/10/2012,"Cantu, Livingston and Baker Mosley, Ortega and Lynch",2511.2,2,Sketchers Energy Lights Boys,3.0,,,,,,False,,False,False,1,0.09996470912184524,False,Normal
batch1-0168.jpg,15318030,05/10/2012,"Cantu, Livingston and Baker Mosley, Ortega and Lynch",2511.2,3,Nautica Kids Boys Navy & Red,4.0,,,,,,False,,False,False,1,0.09500330356536002,False,Normal
batch1-0168.jpg,15318030,05/10/2012,"Cantu, Livingston and Baker Mosley, Ortega and Lynch",2511.2,4,Native Charley White,3.0,,,,,,False,,False,False,1,0.09996470912184524,False,Normal
batch1-0168.jpg,15318030,05/10/2012,"Cantu, Livingston and Baker Mosley, Ortega and Lynch",2511.2,5,Vizari Youth Boys Treviso Indoor,5.0,,,,,,False,,False,False,1,0.07862962768810455,False,Normal
batch1-0169.jpg,15203117,05/10/2019,"Gutierrez, Shah and Davis",25.52,1,boys shoes size 5,4.0,,,,,,False,,False,False,1,0.09500330356536002,False,Normal
batch1-0170.jpg,20591219,01/12/2019,"Schneider, Aguirre and Dennis",771.01,1,The Fall of Berlin 1945 by Antony Beevor,5.0,,,,,,False,,False,False,1,0.07862962768810455,False,Normal
batch1-0170.jpg,20591219,01/12/2019,"Schneider, Aguirre and Dennis",771.01,2,CCNA 200-301 50 GB AUG 2020 Cisco Video/Official Books/Exam Dumps/Licences,3.0,,,,,,False,,False,False,1,0.09996470912184524,False,Normal
batch1-0170.jpg,20591219,01/12/2019,"Schneider, Aguirre and Dennis",771.01,3,Art History Portables Book 6 by Michael W. Cothren and Marilyn Stokstad Sth edtn,2.0,,,,,,False,,False,False,1,0.08969061827656727,False,Normal
batch1-0170.jpg,20591219,01/12/2019,"Schneider, Aguirre and Dennis",771.01,4,Admission Assessment Exam Review 4th Edition by HESI (P.B.F),5.0,,,,,,False,,False,False,1,0.07862962768810455,False,Normal
batch1-0170.jpg,20591219,01/12/2019,"Schneider, Aguirre and Dennis",771.01,5,Game of Thrones: The Poster Collection (Paperback or Softback),4.0,,,,,,False,,False,False,1,0.09500330356536002,False,Normal
batch1-0170.jpg,20591219,01/12/2019,"Schneider, Aguirre and Dennis",771.01,6,CS Forester’ Hornblower Saga 11 Books Series Collection Set - BRAND NEW,3.0,,,,,,False,,False,False,1,0.09996470912184524,False,Normal
batch1-0170.jpg,20591219,01/12/2019,"Schneider, Aguirre and Dennis",771.01,7,Rebecca to the Rescue {American Girl (Quality)),3.0,,,,,,False,,False,False,1,0.09996470912184524,False,Normal
batch1-0171.jpg,57168941,0/19/2020,Sullivan Group,1620.38,1,Yilong 2°x3' Traditional Handmade Silk Area Rugs Kid Friendly Floor Carpet 3568,1.0,,,,,,False,,False,False,1,0.06889057152290301,False,Normal
batch1-0171.jpg,57168941,0/19/2020,Sullivan Group,1620.38,2,Garden Flower Carpet Quilted Bedroom Floor Princess Tapis Lace Rug Carpets,5.0,,,,,,False,,False,False,1,0.07862962768810455,False,Normal
batch1-0171.jpg,57168941,0/19/2020,Sullivan Group,1620.38,3,3D Stones Florals Corridor Carpet Doorway Mat Soft Antislip Living Room Area Rug,3.0,,,,,,False,,False,False,1,0.09996470912184524,False,Normal
batch1-0172.jpg,94959966,03/14/2013,"Cordova, Guerrero and White Underwood, Ryan and Kelley",171.24,1,Sasinowski M-Legacy Of Ra,4.0,19.4,77.6,10.0,85.36,77.6,True,85.36,True,True,1,0.02770083545797064,False,Normal
batch1-0172.jpg,94959966,03/14/2013,"Cordova, Guerrero and White Underwood, Ryan and Kelley",171.24,2,Morphy Chess Masterpieces By,3.0,4.99,14.97,10.0,16.47,14.97,True,16.467000000000002,True,True,1,0.031003998297680524,False,Normal
batch1-0172.jpg,94959966,03/14/2013,"Cordova, Guerrero and White Underwood, Ryan and Kelley",171.24,3,The Black (Morpheus Road),2.0,4.49,8.98,10.0,9.88,8.98,True,9.878000000000002,True,True,1,0.02894938644197592,False,Normal
batch1-0172.jpg,94959966,03/14/2013,"Cordova, Guerrero and White Underwood, Ryan and Kelley",171.24,4,Bobby Fischer s Chess Games,4.0,,,,,,False,,False,False,1,0.09500330356536002,False,Normal
batch1-0173.jpg,68350338,04/25/2012,Mendoza-Gonzalez,9053.23,1,Dell Optiplex XE2 SFF Desktop Computer W10 Pro Licensed,5.0,99.0,495.0,10.0,544.5,495.0,True,544.5,True,True,-1,-0.04617272507225212,True,Unusual pattern detected by Isolation Forest
batch1-0173.jpg,68350338,04/25/2012,Mendoza-Gonzalez,9053.23,2,Ryzen Gaming Computer,2.0,752.0,1504.0,10.0,1654.4,1504.0,True,1654.4,True,True,-1,-0.10391334532979235,True,Unusual pattern detected by Isolation Forest
batch1-0173.jpg,68350338,04/25/2012,Mendoza-Gonzalez,9053.23,3,Open Box: Dell XPS 8930 Desktop Computer Intel Core i7 8GB RAM 1TB HDD Black - 8,2.0,718.11,1436.22,10.0,1579.84,1436.22,True,1579.842,True,True,-1,-0.10023751288596716,True,Unusual pattern detected by Isolation Forest
batch1-0173.jpg,68350338,04/25/2012,Mendoza-Gonzalez,9053.23,4,Sentry Gaming Computer | Ryzen 3 3200G | 16 GB Ram | Build-to-Order,1.0,594.99,594.99,10.0,654.49,594.99,True,654.489,True,True,-1,-0.09206310998455014,True,Unusual pattern detected by Isolation Forest
batch1-0173.jpg,68350338,04/25/2012,Mendoza-Gonzalez,9053.23,5,"CUSTOM BUILT AMD RYZEN THREADRIPPER GAMING COMPUTER , 32 GB RAM,",3.0,1400.0,4200.0,10.0,4620.0,4200.0,True,4620.0,True,True,-1,-0.14236173952478437,True,Unusual pattern detected by Isolation Forest
batch1-0174.jpg,70231143,10/29/2012,Hanson Ltd,15937.63,1,24 Inches Round Marble Coffee Table Top Inlay Sofa Table with Geometrical Design,2.0,446.25,892.5,10.0,981.75,892.5,True,981.7500000000001,True,True,-1,-0.06866965298857874,True,Unusual pattern detected by Isolation Forest
batch1-0174.jpg,70231143,10/29/2012,Hanson Ltd,15937.63,2,Antique Vintage style hand carved table *Unique*,1.0,13000.0,13000.0,10.0,14300.0,13000.0,True,14300.000000000002,True,True,-1,-0.21926357009202058,True,Unusual pattern detected by Isolation Forest
batch1-0174.jpg,70231143,10/29/2012,Hanson Ltd,15937.63,3,27 Inches Black Marble Coffee Table Top Round Home Sofa Table with Marquetry Art,1.0,596.25,596.25,10.0,655.87,596.25,True,655.875,True,True,-1,-0.09206310998455014,True,Unusual pattern detected by Isolation Forest
batch1-0175.jpg,43494216,0/31/2015,,5375.57,1,Fast Dell Optiplex Desktop PC,1.0,,,,,,False,,False,False,1,0.06889057152290301,False,Normal
batch1-0175.jpg,43494216,0/31/2015,,5375.57,2,Dell Optiplex 9010 PC Computer,1.0,,,,,,False,,False,False,1,0.06889057152290301,False,Normal
batch1-0175.jpg,43494216,0/31/2015,,5375.57,3,gaming pc desktop computer,5.0,,,,,,False,,False,False,1,0.07862962768810455,False,Normal
batch1-0175.jpg,43494216,0/31/2015,,5375.57,5,Dell Optiplex SFF Desktop,2.0,,,,,,False,,False,False,1,0.08969061827656727,False,Normal
batch1-0176.jpg,39912751,12/27/2018,Friedman-Williams,56295.35,1,"12"" White Marbie Coffee Table Top Lapis Turquoise Fioral inlay Home Decors W538",3.0,,,,,,False,,False,False,1,0.09996470912184524,False,Normal
batch1-0176.jpg,39912751,12/27/2018,Friedman-Williams,56295.35,2,Bean Bag Cover Soft Cozy Sofa Seat Furniture Chair Home Living Room Decoration,5.0,,,,,,False,,False,False,1,0.07862962768810455,False,Normal
batch1-0176.jpg,39912751,12/27/2018,Friedman-Williams,56295.35,3,7'x4' Buy Marbie Dining Tabie With Black Top Marquetry Inlay Hallway Decor E944,2.0,,,,,,False,,False,False,1,0.08969061827656727,False,Normal
batch1-0176.jpg,39912751,12/27/2018,Friedman-Williams,56295.35,4,6'x3' Marble Dining Living Room Top Table Multi Pietra Dura Inlaid Decor HS009A,4.0,,,,,,False,,False,False,1,0.09500330356536002,False,Normal
batch1-0177.jpg,44195807,07/09/2014,Costa Inc,19.22,1,"The Compiete Life's Littie Instruction Book by Brown, H. Jackson, Jr.",1.0,,,,,,False,,False,False,1,0.06889057152290301,False,Normal
batch1-0177.jpg,44195807,07/09/2014,Costa Inc,19.22,2,American Zoos,1.0,,,,,,False,,False,False,1,0.06889057152290301,False,Normal
batch1-0177.jpg,44195807,07/09/2014,Costa Inc,19.22,3,Florida's List of Protected Plants in Words and Pictures,1.0,,,,,,False,,False,False,1,0.06889057152290301,False,Normal
batch1-0177.jpg,44195807,07/09/2014,Costa Inc,19.22,4,"the invisible life of addie larue, EBOOK new original high quality, updated 2020",1.0,,,,,,False,,False,False,1,0.06889057152290301,False,Normal
batch1-0178.jpg,49153414,03/25/2019,Ingram-Mcclain,51998.08,1,60 Inches Marble Dinning Table Top Inlay Work Lawn Table with Multi Color Stones,4.0,,,,,,False,,False,False,1,0.09500330356536002,False,Normal
batch1-0178.jpg,49153414,03/25/2019,Ingram-Mcclain,51998.08,2,6'x3' Black Marble Dining Center Table Top Marquetry Inlay Outdoor Decor H3420A,2.0,,,,,,False,,False,False,1,0.08969061827656727,False,Normal
batch1-0178.jpg,49153414,03/25/2019,Ingram-Mcclain,51998.08,3,New Design|Glass Sidetable|Handcrafted Glasscone,4.0,,,,,,False,,False,False,1,0.09500330356536002,False,Normal
batch1-0178.jpg,49153414,03/25/2019,Ingram-Mcclain,51998.08,4,36 Inches Marble Dinning Table Top Hand Inlaid Office Table with Multi Gemstones,4.0,,,,,,False,,False,False,1,0.09500330356536002,False,Normal
batch1-0178.jpg,49153414,03/25/2019,Ingram-Mcclain,51998.08,5,"12"" Marble Coffee Table Top Multi Stone Peacock & Floral Inlay Home Decors W364",2.0,,,,,,False,,False,False,1,0.08969061827656727,False,Normal
batch1-0179.jpg,90042261,05/29/2012,,726.52,1,SCOTT McCINTOCK SIZE 12,4.0,,,,,,False,,False,False,1,0.09500330356536002,False,Normal
batch1-0179.jpg,90042261,05/29/2012,,726.52,2,fire los angeles dress Medium,3.0,,,,,,False,,False,False,1,0.09996470912184524,False,Normal
batch1-0179.jpg,90042261,05/29/2012,,726.52,3,Lily Pulitzer Beach Fit & Flare,3.0,,,,,,False,,False,False,1,0.09996470912184524,False,Normal
batch1-0179.jpg,90042261,05/29/2012,,726.52,4,Caslon Blue White Sleeveless,2.0,,,,,,False,,False,False,1,0.08969061827656727,False,Normal
batch1-0179.jpg,90042261,05/29/2012,,726.52,5,LuLaRoe Nicole Dress Size Large,1.0,,,,,,False,,False,False,1,0.06889057152290301,False,Normal
batch1-0179.jpg,90042261,05/29/2012,,726.52,6,Jams World Hawaiian (| Dress,5.0,,,,,,False,,False,False,1,0.07862962768810455,False,Normal
batch1-0180.jpg,53737787,12/08/2011,Levy-Vargas,205.5,1,Breaking Free from Depression: Pathways to Wellness by Jesse H. Wright (English),2.0,,,,,,False,,False,False,1,0.08969061827656727,False,Normal
batch1-0180.jpg,53737787,12/08/2011,Levy-Vargas,205.5,2,The Graphic Design Reference & Specification Book: Everything Graphic Designers,5.0,,,,,,False,,False,False,1,0.07862962768810455,False,Normal
batch1-0180.jpg,53737787,12/08/2011,Levy-Vargas,205.5,3,Escape from the Carnival of Horrors (Give Yourself Goosebumps) by R. L. Stine,4.0,,,,,,False,,False,False,1,0.09500330356536002,False,Normal
batch1-0181.jpg,92554836,05/09/2016,"Oneill LLC Hawkins, Gomez and Moon",74.8,1,Calvin Klein dress 8 women,4.0,10.0,40.0,10.0,44.0,40.0,True,44.0,True,True,1,0.025993221135503786,False,Normal
batch1-0181.jpg,92554836,05/09/2016,"Oneill LLC Hawkins, Gomez and Moon",74.8,2,Betsey Johnson Black Solid,4.0,5.0,20.0,10.0,22.0,20.0,True,22.0,True,True,1,0.02069911307188871,False,Normal
batch1-0181.jpg,92554836,05/09/2016,"Oneill LLC Hawkins, Gomez and Moon",74.8,3,Shein Blue And White Striped,1.0,8.0,8.0,10.0,8.8,8.0,True,8.8,True,True,1,0.023252774019488442,False,Normal
batch1-0182.jpg,89790497,0/02/2020,"Campbell, Chavez and Reynolds",127.31,1,Free People Lace Dress One Shoulder Size L,5.0,,,,,,False,,False,False,1,0.07862962768810455,False,Normal
batch1-0182.jpg,89790497,0/02/2020,"Campbell, Chavez and Reynolds",127.31,2,PAS DE CALAIS DRESS WOMENS SIZE 36,5.0,,,,,,False,,False,False,1,0.07862962768810455,False,Normal
batch1-0182.jpg,89790497,0/02/2020,"Campbell, Chavez and Reynolds",127.31,3,CLIFFORD & WILLS BLACK NET/MESH OVER TAUPE LONG ORESS SIZE 4,1.0,,,,,,False,,False,False,1,0.06889057152290301,False,Normal
batch1-0183.jpg,71439588,02/08/2021,Clayton LLC,241.95,1,"HP Elite 8200 Desktop Computer Tower Intel i5 8GB 1TB 19""LCD Windows 10 Pro WiFi",1.0,,,,,,False,,False,False,1,0.06889057152290301,False,Normal
batch1-0184.jpg,78321725,06/21/2015,Flores and Sons,150.19,1,Collectors Paperweights 86,1.0,,,,,,False,,False,False,1,0.06889057152290301,False,Normal
batch1-0184.jpg,78321725,06/21/2015,Flores and Sons,150.19,2,"Harry Potter and the Chamber of Secrets (Book 2) by Rowling, J. K. Paperback The",2.0,,,,,,False,,False,False,1,0.08969061827656727,False,Normal
batch1-0184.jpg,78321725,06/21/2015,Flores and Sons,150.19,3,The Elf on the Shelf: A Christmas Tradition,2.0,,,,,,False,,False,False,1,0.08969061827656727,False,Normal
batch1-0184.jpg,78321725,06/21/2015,Flores and Sons,150.19,4,Jesus (Hardback or Cased Book),2.0,,,,,,False,,False,False,1,0.08969061827656727,False,Normal
batch1-0184.jpg,78321725,06/21/2015,Flores and Sons,150.19,5,The Value Of Time,2.0,,,,,,False,,False,False,1,0.08969061827656727,False,Normal
batch1-0185.jpg,89876179,04/14/2014,King Inc,237.6,1,OESIGNER MICHAEL KORS,4.0,,,,,,False,,False,False,1,0.09500330356536002,False,Normal
batch1-0185.jpg,89876179,04/14/2014,King Inc,237.6,2,Lily Pulitzer Beach Fit & Flare,2.0,,,,,,False,,False,False,1,0.08969061827656727,False,Normal
batch1-0186.jpg,47486295,05/24/2021,Small Inc,907.4,1,Day Trading Joe Ross New Hard,5.0,,,,,,False,,False,False,1,0.07862962768810455,False,Normal
batch1-0186.jpg,47486295,05/24/2021,Small Inc,907.4,2,A TIME FOR MERCY by John,3.0,,,,,,False,,False,False,1,0.09996470912184524,False,Normal
batch1-0186.jpg,47486295,05/24/2021,Small Inc,907.4,3,That Quail Robert,2.0,,,,,,False,,False,False,1,0.08969061827656727,False,Normal
batch1-0186.jpg,47486295,05/24/2021,Small Inc,907.4,4,Beverley Nichols : A Life by,3.0,,,,,,False,,False,False,1,0.09996470912184524,False,Normal
batch1-0186.jpg,47486295,05/24/2021,Small Inc,907.4,5,Pictures From a Distant,2.0,,,,,,False,,False,False,1,0.08969061827656727,False,Normal
batch1-0186.jpg,47486295,05/24/2021,Small Inc,907.4,6,Introduction to Thematic,3.0,,,,,,False,,False,False,1,0.09996470912184524,False,Normal
batch1-0186.jpg,47486295,05/24/2021,Small Inc,907.4,7,Rebecca to the Rescue,4.0,,,,,,False,,False,False,1,0.09500330356536002,False,Normal
batch1-0187.jpg,72591450,05/13/2012,"Bishop, Kelley and Wright",5283.18,1,"Dell Optiplex Desktop Computer with Dual 19"" LCD Monitors Windows 10 Pro",5.0,,,,,,False,,False,False,1,0.07862962768810455,False,Normal
batch1-0187.jpg,72591450,05/13/2012,"Bishop, Kelley and Wright",5283.18,2,Fast Dell Optiplex Wind Pro Desktop Computer lows 10 Dual Core 6GB 160GB OVD WIFI,3.0,,,,,,False,,False,False,1,0.09996470912184524,False,Normal
batch1-0187.jpg,72591450,05/13/2012,"Bishop, Kelley and Wright",5283.18,3,HP ProDesk 400 G5 Mini Desktop Computer i5-9500T 8GB 256GB SSD W10P,5.0,,,,,,False,,False,False,1,0.07862962768810455,False,Normal
batch1-0187.jpg,72591450,05/13/2012,"Bishop, Kelley and Wright",5283.18,4,custom gaming computer,2.0,,,,,,False,,False,False,1,0.08969061827656727,False,Normal
batch1-0187.jpg,72591450,05/13/2012,"Bishop, Kelley and Wright",5283.18,5,FAST Dell Optiplex Windows 10 Desktop Computer Tow 4GB DVD WiFi 17° LCD,3.0,,,,,,False,,False,False,1,0.09996470912184524,False,Normal
batch1-0187.jpg,72591450,05/13/2012,"Bishop, Kelley and Wright",5283.18,6,AMD Dual Core 3.9Ghz er C20 4GB DDR3 500GB WiFi Windows 10 office Desktop PC Computer,3.0,,,,,,False,,False,False,1,0.09996470912184524,False,Normal
batch1-0187.jpg,72591450,05/13/2012,"Bishop, Kelley and Wright",5283.18,7,Custom Build Dell Optiplex 9020 MT 15-4570,3.2,,,,,,False,,False,False,1,0.07598865981792141,False,Normal
batch1-0188.jpg,31447231,06/18/2017,"Sellers, Marsh and Cabrera English-Sanchez",8357.28,1,HP All-in-One Computer 22”,2.0,,,,,,False,,False,False,1,0.08969061827656727,False,Normal
batch1-0188.jpg,31447231,06/18/2017,"Sellers, Marsh and Cabrera English-Sanchez",8357.28,2,Lenovo C20-00...all in one,1.0,,,,,,False,,False,False,1,0.06889057152290301,False,Normal
batch1-0188.jpg,31447231,06/18/2017,"Sellers, Marsh and Cabrera English-Sanchez",8357.28,3,Computer Desktop Gaming i5,1.0,,,,,,False,,False,False,1,0.06889057152290301,False,Normal
batch1-0188.jpg,31447231,06/18/2017,"Sellers, Marsh and Cabrera English-Sanchez",8357.28,4,FAST Dell Optiplex Windows 10,1.0,,,,,,False,,False,False,1,0.06889057152290301,False,Normal
batch1-0188.jpg,31447231,06/18/2017,"Sellers, Marsh and Cabrera English-Sanchez",8357.28,5,Ryzen Gaming Computer,5.0,,,,,,False,,False,False,1,0.07862962768810455,False,Normal
batch1-0188.jpg,31447231,06/18/2017,"Sellers, Marsh and Cabrera English-Sanchez",8357.28,6,SAMA RGB Gaming PC Desktop,2.0,,,,,,False,,False,False,1,0.08969061827656727,False,Normal
batch1-0188.jpg,31447231,06/18/2017,"Sellers, Marsh and Cabrera English-Sanchez",8357.28,7,Custom Build Dell Optiplex 5040,4.0,,,,,,False,,False,False,1,0.09500330356536002,False,Normal
batch1-0190.jpg,11460594,04/09/2016,Reyes-Ellis Walsh-Pearson,638.57,1,Wine Bottle Holder From Costa,1.0,5.0,5.0,10.0,5.5,5.0,True,5.5,True,True,1,0.012719561639747967,False,Normal
batch1-0190.jpg,11460594,04/09/2016,Reyes-Ellis Walsh-Pearson,638.57,2,Wine Glasses Wall Mount Wine,1.0,21.56,21.56,10.0,23.72,21.56,True,23.716,True,True,1,0.027449942721377962,False,Normal
batch1-0190.jpg,11460594,04/09/2016,Reyes-Ellis Walsh-Pearson,638.57,3,Wine Rack Holder Iron Art,4.0,18.75,75.0,10.0,82.5,75.0,True,82.5,True,True,1,0.02588099814656697,False,Normal
batch1-0190.jpg,11460594,04/09/2016,Reyes-Ellis Walsh-Pearson,638.57,4,Lolita Hand Painted Christmas,2.0,189.99,379.98,10.0,417.98,379.98,True,417.97800000000007,True,True,-1,-0.03199682210886845,True,Unusual pattern detected by Isolation Forest
batch1-0190.jpg,11460594,04/09/2016,Reyes-Ellis Walsh-Pearson,638.57,5,2 Hand Blown Wine Water,2.0,29.99,59.98,10.0,65.98,59.98,True,65.97800000000001,True,True,1,0.03365630737266617,False,Normal
batch1-0190.jpg,11460594,04/09/2016,Reyes-Ellis Walsh-Pearson,638.57,6,Leed's Wine Companion Bottle,2.0,7.5,15.0,10.0,16.5,15.0,True,16.5,True,True,1,0.043140771611484496,False,Normal
batch1-0190.jpg,11460594,04/09/2016,Reyes-Ellis Walsh-Pearson,638.57,7,Set of 2 Stemless Christmas,2.0,12.0,24.0,10.0,26.4,24.0,True,26.400000000000002,True,True,1,0.04199239491936102,False,Normal
batch1-0191.jpg,90265578,12/29/2017,Cabrera-Thompson Martin-Morgan,1095.24,1,Vintage Metal Art Sculpture,3.0,,,,,,False,,False,False,1,0.09996470912184524,False,Normal
batch1-0191.jpg,90265578,12/29/2017,Cabrera-Thompson Martin-Morgan,1095.24,2,Set of 4 Green Wine glasses,2.0,,,,,,False,,False,False,1,0.08969061827656727,False,Normal
batch1-0191.jpg,90265578,12/29/2017,Cabrera-Thompson Martin-Morgan,1095.24,3,set of 6 German Roemer wine,2.0,,,,,,False,,False,False,1,0.08969061827656727,False,Normal
batch1-0191.jpg,90265578,12/29/2017,Cabrera-Thompson Martin-Morgan,1095.24,4,Vintage Wine Basket Holder - 3,5.0,,,,,,False,,False,False,1,0.07862962768810455,False,Normal
batch1-0191.jpg,90265578,12/29/2017,Cabrera-Thompson Martin-Morgan,1095.24,5,6) Vintage Leaf Etched Straight,5.0,,,,,,False,,False,False,1,0.07862962768810455,False,Normal
batch1-0191.jpg,90265578,12/29/2017,Cabrera-Thompson Martin-Morgan,1095.24,6,Selmash Lux Home Alcohol,2.0,,,,,,False,,False,False,1,0.08969061827656727,False,Normal
batch1-0192.jpg,50846623,01/30/2016,"Hood, Andrade and Kim",120.99,1,Sony PlayStation 3 12 GB Charcoal Black Console (Used),1.0,,,,,,False,,False,False,1,0.06889057152290301,False,Normal
batch1-0194.jpg,68094256,02/18/2016,Johnson LLC Briggs Inc,3221.63,1,36 Inches Marble Meeting Table,1.0,1376.25,1376.25,10.0,1513.87,1376.25,True,1513.8750000000002,True,True,-1,-0.13917522694585704,True,Unusual pattern detected by Isolation Forest
batch1-0194.jpg,68094256,02/18/2016,Johnson LLC Briggs Inc,3221.63,2,Multi Color Stones Inlay Art,3.0,517.5,1552.5,10.0,1707.75,1552.5,True,1707.7500000000002,True,True,-1,-0.06864570620989474,True,Unusual pattern detected by Isolation Forest
batch1-0195.jpg,63959029,09/29/2020,Tapia-Cline,47600.71,1,Semi precious Stone Work Inlaid Dinning Table Top Marble Kitchen Table 42 Inches,2.0,,,,,,False,,False,False,1,0.08969061827656727,False,Normal
batch1-0195.jpg,63959029,09/29/2020,Tapia-Cline,47600.71,2,36 Inches Marble Office Table Top with Multi Gemstones Work Dinning Table Top,3.0,,,,,,False,,False,False,1,0.09996470912184524,False,Normal
batch1-0195.jpg,63959029,09/29/2020,Tapia-Cline,47600.71,3,"48"" Marble Round Dining Table Top Lapis Floral Inlay Arts. Restaurant Decor E1053",4.0,,,,,,False,,False,False,1,0.09500330356536002,False,Normal
batch1-0196.jpg,67117171,01/27/2021,"Gilmore, Brady and Carter",172.22,1,The Complete Idiots Guide to,4.0,,,,,,False,,False,False,1,0.09500330356536002,False,Normal
batch1-0196.jpg,67117171,01/27/2021,"Gilmore, Brady and Carter",172.22,2,Aesop's Fables Aesop Illustrated,4.0,,,,,,False,,False,False,1,0.09500330356536002,False,Normal
batch1-0197.jpg,74467550,04/04/2017,Jordan-Morse,9.0,1,A History of Christianity Vol. 1:,2.0,,,,,,False,,False,False,1,0.08969061827656727,False,Normal
batch1-0198.jpg,18001647,03/21/2013,,39.51,1,Black House: A Novel by,4.0,,,,,,False,,False,False,1,0.09500330356536002,False,Normal
batch1-0198.jpg,18001647,03/21/2013,,39.51,2,A Million Little Bricks The,4.0,,,,,,False,,False,False,1,0.09500330356536002,False,Normal
batch1-0199.jpg,82017885,01/20/2012,Porter PLC,1023.94,1,PUMA RS DREAMER SUPER MARIO 64 NINTENDO Little Kids US 2.5,4.0,,,,,,False,,False,False,1,0.09500330356536002,False,Normal
batch1-0199.jpg,82017885,01/20/2012,Porter PLC,1023.94,2,NWT VANS BOYS/YOUTH SK8-HI MTE SNEAKERS/SHOES SIZE 13.BRAND NEW FOR 2020! wow!,1.0,,,,,,False,,False,False,1,0.06889057152290301,False,Normal
batch1-0199.jpg,82017885,01/20/2012,Porter PLC,1023.94,3,Florsheim kid's boys Lace Up Oxford Suede Dress Shoes Size 6M Solid Beige,4.0,,,,,,False,,False,False,1,0.09500330356536002,False,Normal
batch1-0199.jpg,82017885,01/20/2012,Porter PLC,1023.94,4,jordan 3 white cement size 13.5 kids youth boys,4.0,,,,,,False,,False,False,1,0.09500330356536002,False,Normal
batch1-0199.jpg,82017885,01/20/2012,Porter PLC,1023.94,5,Roper Boys' American Patriot Boot Square Toe Sz 4 Big Kids Flag Red White Blue,4.0,,,,,,False,,False,False,1,0.09500330356536002,False,Normal
batch1-0199.jpg,82017885,01/20/2012,Porter PLC,1023.94,6,Boys water/beach/pool black orange and blue hook and loop size 13-1 shoes,5.0,,,,,,False,,False,False,1,0.07862962768810455,False,Normal
batch1-0200.jpg,82786776,09/26/2018,,162.72,1,Nike Air Precision High-Top,1.0,,,,,,False,,False,False,1,0.06889057152290301,False,Normal
batch1-0200.jpg,82786776,09/26/2018,,162.72,2,Joma Youth Boy Supercopa 201,3.0,,,,,,False,,False,False,1,0.09996470912184524,False,Normal
batch1-0200.jpg,82786776,09/26/2018,,162.72,3,Durango Lil' Little Kid Western,1.0,,,,,,False,,False,False,1,0.06889057152290301,False,Normal
batch1-0200.jpg,82786776,09/26/2018,,162.72,4,SEVENTEEN Semicolon Special,3.0,,,,,,False,,False,False,1,0.09996470912184524,False,Normal
batch1-0201.jpg,68899128,10/15/2013,Dominguez LLC,1159.39,1,Checkered Gabbeh Kashkoli Oriental Area Rug Contemporary Hand-knotted 6x8 Carpet,1.0,417.24,417.24,10.0,458.96,417.24,True,458.96400000000006,True,True,-1,-0.08000807595991755,True,Unusual pattern detected by Isolation Forest
batch1-0201.jpg,68899128,10/15/2013,Dominguez LLC,1159.39,2,YILONG 1.2x1.7' 300L Tree And Birds Handmade Silk Rug Carpet Tapestry LH691A,3.0,188.0,564.0,10.0,620.4,564.0,True,620.4000000000001,True,True,-1,-0.040497807419209275,True,Unusual pattern detected by Isolation Forest
batch1-0201.jpg,68899128,10/15/2013,Dominguez LLC,1159.39,3,Silky Fake Fur Fluffy Carpet Non-slip Shaggy Area Rug Floor Mat White+Brown,3.0,14.61,43.83,10.0,48.21,43.83,True,48.213,True,True,1,0.02882133101327894,False,Normal
batch1-0201.jpg,68899128,10/15/2013,Dominguez LLC,1159.39,4,Luxury Bedroom Carpet Faux Fur Area Rugs Shaggy for Floor Reading Room Gray,2.0,14.46,28.92,10.0,31.81,28.92,True,31.812000000000005,True,True,1,0.037693303793770006,False,Normal
batch1-0202.jpg,49923258,10/26/2011,Watson LLC Roth-Smith,1182.5,1,Original Nintendo Gaming,1.0,,,,,,False,,False,False,1,0.06889057152290301,False,Normal
batch1-0202.jpg,49923258,10/26/2011,Watson LLC Roth-Smith,1182.5,2,Nintendo Switch Gaming,2.0,,,,,,False,,False,False,1,0.08969061827656727,False,Normal
batch1-0203.jpg,44649974,11/27/2012,,3187.64,1,Nintendo Wii White Console RVL-001 Bundle 10 games Complete Gamecube Compatible,2.0,,,,,,False,,False,False,1,0.08969061827656727,False,Normal
batch1-0203.jpg,44649974,11/27/2012,,3187.64,2,Presale Microsoft Xbox Series X 1TB Black Console Confirmed Order Free Shipping,1.0,,,,,,False,,False,False,1,0.06889057152290301,False,Normal
batch1-0203.jpg,44649974,11/27/2012,,3187.64,3,Xbox One X 1 TB Console w/ Wireless Controller,2.0,,,,,,False,,False,False,1,0.08969061827656727,False,Normal
batch1-0203.jpg,44649974,11/27/2012,,3187.64,4,Sony PlayStation 1 PS1 Console model scph-7501,3.0,,,,,,False,,False,False,1,0.09996470912184524,False,Normal
batch1-0203.jpg,44649974,11/27/2012,,3187.64,5,PlayStation Vita Minecraft Special Edition Bundle Console SONY JPN import F/S,3.0,,,,,,False,,False,False,1,0.09996470912184524,False,Normal
batch1-0203.jpg,44649974,11/27/2012,,3187.64,6,Nintendo Wii Console Mario Kart Controller Wii Fit 2 Board Remotes Game BUNDLE,4.0,,,,,,False,,False,False,1,0.09500330356536002,False,Normal
batch1-0204.jpg,57475368,06/19/2020,Hayes-Sanders,1473.8,1,Nintendo Wii U Console Deluxe/Hangheld Bundle,5.0,,,,,,False,,False,False,1,0.07862962768810455,False,Normal
batch1-0204.jpg,57475368,06/19/2020,Hayes-Sanders,1473.8,2,Nintendo DSOriginal NTR-001 Console - Camouflage - Tested Works,5.0,,,,,,False,,False,False,1,0.07862962768810455,False,Normal
batch1-0204.jpg,57475368,06/19/2020,Hayes-Sanders,1473.8,3,Nintendo Game Boy Micro Console - Black (OXYSFBB),1.0,,,,,,False,,False,False,1,0.06889057152290301,False,Normal
batch1-0204.jpg,57475368,06/19/2020,Hayes-Sanders,1473.8,4,Sega V Saturn Victor Console RG-JX1 Gray Tested Working Japan,3.0,,,,,,False,,False,False,1,0.09996470912184524,False,Normal
batch1-0204.jpg,57475368,06/19/2020,Hayes-Sanders,1473.8,5,Sony PlayStation 1 PS1 Console model scph-7501,1.0,,,,,,False,,False,False,1,0.06889057152290301,False,Normal
batch1-0204.jpg,57475368,06/19/2020,Hayes-Sanders,1473.8,6,Nintendo Wii Console - 2 sets controllers Plus All Cables Included Works Great,3.0,,,,,,False,,False,False,1,0.09996470912184524,False,Normal
batch1-0204.jpg,57475368,06/19/2020,Hayes-Sanders,1473.8,7,Nintendo GameCube System Console Bundle Mario Sunshine + Genuine controller LOT,1.0,,,,,,False,,False,False,1,0.06889057152290301,False,Normal
batch1-0205.jpg,47725399,05/14/2013,"Olson, Holt and Burton Pope, Yang and Farley",3262.02,1,Dell Optiplex 390 i5,3.1,84.99,254.97,10.0,280.47,263.469,False,280.46700000000004,True,False,-1,-0.01126029823052821,True,Unusual pattern detected by Isolation Forest
batch1-0205.jpg,47725399,05/14/2013,"Olson, Holt and Burton Pope, Yang and Farley",3262.02,2,HP ProDesk G1 Desktop,1.0,119.95,119.95,10.0,131.95,119.95,True,131.94500000000002,True,True,-1,-0.030708273584244217,True,Unusual pattern detected by Isolation Forest
batch1-0205.jpg,47725399,05/14/2013,"Olson, Holt and Burton Pope, Yang and Farley",3262.02,3,HP Windows 10 Pro Fast,4.0,69.95,279.8,10.0,307.78,279.8,True,307.78000000000003,True,True,-1,-0.015144530861352146,True,Unusual pattern detected by Isolation Forest
batch1-0205.jpg,47725399,05/14/2013,"Olson, Holt and Burton Pope, Yang and Farley",3262.02,4,6 Gigabit Lan Firewall Desktop,3.0,237.0,711.0,10.0,782.1,711.0,True,782.1,True,True,-1,-0.04491307403970357,True,Unusual pattern detected by Isolation Forest
batch1-0205.jpg,47725399,05/14/2013,"Olson, Holt and Burton Pope, Yang and Farley",3262.02,5,Dell OptiPlex 390 SFF Computer,5.0,59.95,299.75,10.0,329.73,299.75,True,329.725,True,True,-1,-0.029936317982989014,True,Unusual pattern detected by Isolation Forest
batch1-0205.jpg,47725399,05/14/2013,"Olson, Holt and Burton Pope, Yang and Farley",3262.02,6,2 Gaming Computers,1.0,1300.0,1300.0,10.0,1430.0,1300.0,True,1430.0000000000002,True,True,-1,-0.13400675032295162,True,Unusual pattern detected by Isolation Forest
batch1-0206.jpg,95163776,07/10/2016,Banks Group Ellis Group,731.23,1,CLEARANCE! Fast Dell Desktop,3.0,209.0,627.0,10.0,689.7,627.0,True,689.7,True,True,-1,-0.03991484400783596,True,Unusual pattern detected by Isolation Forest
batch1-0206.jpg,95163776,07/10/2016,Banks Group Ellis Group,731.23,2,HP T520 Thin Client Computer,1.0,37.75,37.75,10.0,41.53,37.75,True,41.525000000000006,True,True,1,0.014749347172345995,False,Normal
batch1-0207.jpg,24327499,1/28/2017,"White, Ward and Esparza",19208.48,1,YILONG 5.6'x8.2° Handknotted,3.0,3300.0,9900.0,10.0,10890.0,9900.0,True,10890.0,True,True,-1,-0.1648923568156162,True,Unusual pattern detected by Isolation Forest
batch1-0207.jpg,24327499,1/28/2017,"White, Ward and Esparza",19208.48,2,"Turkish Kayseri Small Kilim Rug,",5.0,55.0,275.0,10.0,302.5,275.0,True,302.5,True,True,-1,-0.030747304531439368,True,Unusual pattern detected by Isolation Forest
batch1-0207.jpg,24327499,1/28/2017,"White, Ward and Esparza",19208.48,3,4'x6' Wool Floral Handmade,2.0,299.0,598.0,10.0,657.8,598.0,True,657.8000000000001,True,True,-1,-0.0498503860312699,True,Unusual pattern detected by Isolation Forest
batch1-0207.jpg,24327499,1/28/2017,"White, Ward and Esparza",19208.48,4,Yilong 5.5'x8' Handwoven Silk,2.0,3300.0,6600.0,10.0,7260.0,6600.0,True,7260.000000000001,True,True,-1,-0.17551980910460674,True,Unusual pattern detected by Isolation Forest
batch1-0207.jpg,24327499,1/28/2017,"White, Ward and Esparza",19208.48,5,3X5 Ft Cotton Chindi Rug Dining,5.0,17.85,89.25,10.0,98.18,89.25,True,98.17500000000001,True,True,1,0.00789987463744718,False,Normal
batch1-0208.jpg,22883270,06/20/2018,"Cox, Garcia and Briggs Jordan LLC",5493.34,1,8362 Nintendo 2DS console,2.0,29.99,59.98,10.0,65.98,59.98,True,65.97800000000001,True,True,1,0.03365630737266617,False,Normal
batch1-0208.jpg,22883270,06/20/2018,"Cox, Garcia and Briggs Jordan LLC",5493.34,2,Nintendo Switch Animal,4.0,399.0,1596.0,10.0,1755.6,1596.0,True,1755.6000000000001,True,True,-1,-0.07295676538642848,True,Unusual pattern detected by Isolation Forest
batch1-0208.jpg,22883270,06/20/2018,"Cox, Garcia and Briggs Jordan LLC",5493.34,3,NEC PC Engine INTERFACE UNIT,3.0,159.99,479.97,10.0,527.97,479.97,True,527.9670000000001,True,True,-1,-0.034175036015426596,True,Unusual pattern detected by Isolation Forest
batch1-0208.jpg,22883270,06/20/2018,"Cox, Garcia and Briggs Jordan LLC",5493.34,4,Nintendo Switch Lite Turquoise,3.0,135.0,405.0,10.0,445.5,405.0,True,445.50000000000006,True,True,-1,-0.020838900629829626,True,Unusual pattern detected by Isolation Forest
batch1-0208.jpg,22883270,06/20/2018,"Cox, Garcia and Briggs Jordan LLC",5493.34,5,Original Nintendo Gaming,5.0,475.0,2375.0,10.0,2612.5,2375.0,True,2612.5,True,True,-1,-0.11985390308390353,True,Unusual pattern detected by Isolation Forest
batch1-0208.jpg,22883270,06/20/2018,"Cox, Garcia and Briggs Jordan LLC",5493.34,6,PocketGo Bittboy v2 White,2.0,39.0,78.0,10.0,85.8,78.0,True,85.80000000000001,True,True,1,0.023282350169911148,False,Normal
batch1-0209.jpg,41888239,08/11/2018,Snyder-Singleton,6594.14,1,October Mist - Deer Metal Side,4.0,89.95,359.8,10.0,395.78,359.8,True,395.78000000000003,True,True,-1,-0.014052674922933384,True,Unusual pattern detected by Isolation Forest
batch1-0209.jpg,41888239,08/11/2018,Snyder-Singleton,6594.14,2,24” Marble White Coffee Top,3.0,918.17,2754.51,10.0,3029.96,2754.5099999999998,True,3029.9610000000007,True,True,-1,-0.12804170705061968,True,Unusual pattern detected by Isolation Forest
batch1-0209.jpg,41888239,08/11/2018,Snyder-Singleton,6594.14,3,2' Black Marble Coffee Top Side,4.0,539.5,2158.0,10.0,2373.8,2158.0,True,2373.8,True,True,-1,-0.0995882956211731,True,Unusual pattern detected by Isolation Forest
batch1-0209.jpg,41888239,08/11/2018,Snyder-Singleton,6594.14,4,4Pcs Adjustable Stainless Steel,2.0,11.95,23.9,10.0,26.29,23.9,True,26.29,True,True,1,0.04161809328618282,False,Normal
batch1-0209.jpg,41888239,08/11/2018,Snyder-Singleton,6594.14,5,Hardwood Insect Pinning Block,1.0,13.46,13.46,10.0,14.81,13.46,True,14.806000000000003,True,True,1,0.028326781594397665,False,Normal
batch1-0209.jpg,41888239,08/11/2018,Snyder-Singleton,6594.14,6,"15""x15"" White Marble Coffee",1.0,685.0,685.0,10.0,753.5,685.0,True,753.5000000000001,True,True,-1,-0.10417001090298239,True,Unusual pattern detected by Isolation Forest
batch1-0210.jpg,46920651,11/15/2015,Powell Ltd,425.26,1,NEW 6 Pcs Rabbit Wine Opener,4.0,,,,,,False,,False,False,1,0.09500330356536002,False,Normal
batch1-0210.jpg,46920651,11/15/2015,Powell Ltd,425.26,2,Alcoholmeter Alcohol Meter,3.0,,,,,,False,,False,False,1,0.09996470912184524,False,Normal
batch1-0210.jpg,46920651,11/15/2015,Powell Ltd,425.26,3,Vintage Metal Art Sculpture,4.0,,,,,,False,,False,False,1,0.09500330356536002,False,Normal
batch1-0210.jpg,46920651,11/15/2015,Powell Ltd,425.26,4,Grand Reserve Wine Bottle,2.0,,,,,,False,,False,False,1,0.08969061827656727,False,Normal
batch1-0210.jpg,46920651,11/15/2015,Powell Ltd,425.26,5,Wine Opener Accessories Gift,1.0,,,,,,False,,False,False,1,0.06889057152290301,False,Normal
batch1-0210.jpg,46920651,11/15/2015,Powell Ltd,425.26,6,(2) stacking Metal 8 Wine bottle,1.0,,,,,,False,,False,False,1,0.06889057152290301,False,Normal
batch1-0210.jpg,46920651,11/15/2015,Powell Ltd,425.26,7,HOME ESSENTIALS GRADIENT,4.0,,,,,,False,,False,False,1,0.09500330356536002,False,Normal
batch1-0211.jpg,30231187,07/22/2011,"Smith, Johnson and Cannon Sanchez-Wilson",142.9,1,Nike Dangeruss Wilson Youth,1.0,19.95,19.95,10.0,21.95,19.95,True,21.945,True,True,1,0.026726968341963753,False,Normal
batch1-0211.jpg,30231187,07/22/2011,"Smith, Johnson and Cannon Sanchez-Wilson",142.9,2,Joma Boys Youth Super Copa,1.0,19.99,19.99,10.0,21.99,19.99,True,21.989,True,True,1,0.026726968341963753,False,Normal
batch1-0211.jpg,30231187,07/22/2011,"Smith, Johnson and Cannon Sanchez-Wilson",142.9,3,FABULOUS Nike Boy's Kyrie 3,3.0,29.99,89.97,10.0,98.97,89.97,True,98.96700000000001,True,True,1,0.029662536949483675,False,Normal
batch1-0212.jpg,23882917,03/29/2014,"Hawkins PLC Lopez, Beard and James",178.16,1,Birthday Girl 15 oz Hand,4.0,,,,,,False,,False,False,1,0.09500330356536002,False,Normal
batch1-0212.jpg,23882917,03/29/2014,"Hawkins PLC Lopez, Beard and James",178.16,2,Wine spoon,3.0,,,,,,False,,False,False,1,0.09996470912184524,False,Normal
batch1-0212.jpg,23882917,03/29/2014,"Hawkins PLC Lopez, Beard and James",178.16,3,Metal 12” tabletop Wine Bottle,1.0,,,,,,False,,False,False,1,0.06889057152290301,False,Normal
batch1-0212.jpg,23882917,03/29/2014,"Hawkins PLC Lopez, Beard and James",178.16,4,Wine Bottle Holder From Costa,1.0,,,,,,False,,False,False,1,0.06889057152290301,False,Normal
batch1-0212.jpg,23882917,03/29/2014,"Hawkins PLC Lopez, Beard and James",178.16,5,Vintage Anjou Water,5.0,,,,,,False,,False,False,1,0.07862962768810455,False,Normal
batch1-0213.jpg,23436462,03/06/2012,"Franklin, Wilson and Moore",38879.73,1,15*x15* White Marble Chess Top Table Carnelian Inlay Art Black Friday Gift Deco,4.0,,,,,,False,,False,False,1,0.09500330356536002,False,Normal
batch1-0213.jpg,23436462,03/06/2012,"Franklin, Wilson and Moore",38879.73,2,"18"" White Marble Corner Coffee Table Top Lapis Floral Inlay Kitchen Decors W282",2.0,,,,,,False,,False,False,1,0.08969061827656727,False,Normal
batch1-0213.jpg,23436462,03/06/2012,"Franklin, Wilson and Moore",38879.73,3,6'x3' Marble Dining Center Table Marquetry Inlay Italian Mosaic Patio Arts H3112,2.0,,,,,,False,,False,False,1,0.08969061827656727,False,Normal
batch1-0213.jpg,23436462,03/06/2012,"Franklin, Wilson and Moore",38879.73,4,25 Inches Black Marble Center Table Top with Multi Stones Coffee Table for Home,5.0,,,,,,False,,False,False,1,0.07862962768810455,False,Normal
batch1-0213.jpg,23436462,03/06/2012,"Franklin, Wilson and Moore",38879.73,5,"12"" Marble Coffee Side Table Top Lapis Peacock Floral Inlay Bedroom Decors W019",2.0,,,,,,False,,False,False,1,0.08969061827656727,False,Normal
batch1-0213.jpg,23436462,03/06/2012,"Franklin, Wilson and Moore",38879.73,6,"12"" White Marble Side Coffee Table Top Jasper Elephant Inlay Garden Decor W026",5.0,,,,,,False,,False,False,1,0.07862962768810455,False,Normal
batch1-0213.jpg,23436462,03/06/2012,"Franklin, Wilson and Moore",38879.73,7,48 Inch Marble Restaurant Table Inlay with Lapis Lazuli Stone Dinning Table Top,5.0,,,,,,False,,False,False,1,0.07862962768810455,False,Normal
batch1-0214.jpg,43437889,12/06/2019,"Smith, Jennings and Daugherty Gallagher LLC",5371.27,1,Presale Microsoft Xbox Series X,4.0,,,,,,False,,False,False,1,0.09500330356536002,False,Normal
batch1-0214.jpg,43437889,12/06/2019,"Smith, Jennings and Daugherty Gallagher LLC",5371.27,2,New Nintendo 20S XL Console,3.0,,,,,,False,,False,False,1,0.09996470912184524,False,Normal
batch1-0214.jpg,43437889,12/06/2019,"Smith, Jennings and Daugherty Gallagher LLC",5371.27,3,Hyperkin RetroN 3 HD Console,5.0,,,,,,False,,False,False,1,0.07862962768810455,False,Normal
batch1-0214.jpg,43437889,12/06/2019,"Smith, Jennings and Daugherty Gallagher LLC",5371.27,4,Xbox 360 console with games,5.0,,,,,,False,,False,False,1,0.07862962768810455,False,Normal
batch1-0214.jpg,43437889,12/06/2019,"Smith, Jennings and Daugherty Gallagher LLC",5371.27,5,BRAND NEW Nintendo Switch,4.0,,,,,,False,,False,False,1,0.09500330356536002,False,Normal
batch1-0215.jpg,97781335,12/21/2018,"Mccormick, Hendricks and Powers",88976.98,1,Silky Fake Fur Fluffy Carpet Non-slip Shaggy Area Rug Floor Mat White+Brown,2.0,,,,,,False,,False,False,1,0.08969061827656727,False,Normal
batch1-0215.jpg,97781335,12/21/2018,"Mccormick, Hendricks and Powers",88976.98,2,YILONG 4'x6' Vintage Handmade Carpet Medallion Porch Hand Knotted Silk Rugs 080B,2.0,,,,,,False,,False,False,1,0.08969061827656727,False,Normal
batch1-0215.jpg,97781335,12/21/2018,"Mccormick, Hendricks and Powers",88976.98,3,Leopard Printed Rug Skin Mat Leather Faux Fur Animals Area Rugs Home Carpets,2.0,,,,,,False,,False,False,1,0.08969061827656727,False,Normal
batch1-0215.jpg,97781335,12/21/2018,"Mccormick, Hendricks and Powers",88976.98,4,New Design Rectangular Hand,4.0,,,,,,False,,False,False,1,0.09500330356536002,False,Normal
batch1-0215.jpg,97781335,12/21/2018,"Mccormick, Hendricks and Powers",88976.98,5,YILONG 9'x12' Oversize Handmade Silk Carpet Antistatic Luxurious Area Rug T}107A,5.0,,,,,,False,,False,False,1,0.07862962768810455,False,Normal
batch1-0215.jpg,97781335,12/21/2018,"Mccormick, Hendricks and Powers",88976.98,6,YILONG 4'x6' Traditional Handmade Carpet Parlor Home Hand Knotted Silk Rugs 084B,5.0,,,,,,False,,False,False,1,0.07862962768810455,False,Normal
batch1-0215.jpg,97781335,12/21/2018,"Mccormick, Hendricks and Powers",88976.98,7,Yilong 5.5'x8' Handwoven Silk,5.0,,,,,,False,,False,False,1,0.07862962768810455,False,Normal
batch1-0217.jpg,90418276,09/06/2016,,8405.45,1,HP Pro 3500 Microtower Desktop Computer 3.4GHz i3 AGB 500GB Windows 10 Pro,1.0,,,,,,False,,False,False,1,0.06889057152290301,False,Normal
batch1-0217.jpg,90418276,09/06/2016,,8405.45,2,ViewSonic VOT 133 Nettop Mini PC Computer VS14165 E-350 @ 1.6GHz 2GB 320GB NO OS,5.0,,,,,,False,,False,False,1,0.07862962768810455,False,Normal
batch1-0217.jpg,90418276,09/06/2016,,8405.45,3,GAMING PC Desktop Computer RGB BUNDLE Intel CORE i7 16GB RAM Nvidia GTX 1650 1TB,2.0,,,,,,False,,False,False,1,0.08969061827656727,False,Normal
batch1-0217.jpg,90418276,09/06/2016,,8405.45,4,STUDENT/WORK COMPUTER WORKSTATION WINDOWS 10 PRO,1.0,,,,,,False,,False,False,1,0.06889057152290301,False,Normal
batch1-0217.jpg,90418276,09/06/2016,,8405.45,5,10-Core Gaming Computer Desktop PC Tower 500 GB Quad 8GB AMD R7 GRAPHICS NEW,5.0,,,,,,False,,False,False,1,0.07862962768810455,False,Normal
batch1-0217.jpg,90418276,09/06/2016,,8405.45,6,Dell Desktop Computer PC Core iS 3.1GHz 8GB RAM 500GB HD Wifi DVD Windows 10,4.0,,,,,,False,,False,False,1,0.09500330356536002,False,Normal
batch1-0217.jpg,90418276,09/06/2016,,8405.45,7,Fast i7 RGB Gaming Desktop PC Computer VR-Ready WiFi AAA Fortnite GTAV PUBG IG3,4.0,,,,,,False,,False,False,1,0.09500330356536002,False,Normal
batch1-0218.jpg,26413291,01/17/2019,Morales-Snyder,78.58,1,Cherry Halter Rockabilly Black Summer Dress Size 3/4,2.0,,,,,,False,,False,False,1,0.08969061827656727,False,Normal
batch1-0218.jpg,26413291,01/17/2019,Morales-Snyder,78.58,2,Women Sexy Lingerie Lace Dress Underwear Babydoll Sleepwear G-string Bikini Lot,3.0,,,,,,False,,False,False,1,0.09996470912184524,False,Normal
batch1-0218.jpg,26413291,01/17/2019,Morales-Snyder,78.58,3,Rebecca Minkoff Black Polyester Fringe and Lambskin Dress Sz 12,,,,,,,False,,False,False,1,0.015377551514200227,False,Normal
batch1-0218.jpg,26413291,01/17/2019,Morales-Snyder,78.58,4,Unbranded Dress Sleeveless Cowl Neck Gold Silver Purple Metallic Size 6S,,,,,,,False,,False,False,1,0.015377551514200227,False,Normal
batch1-0219.jpg,92354720,07/05/2018,"Delgado, Smith and Austin Randolph Inc",565.0,1,Pier 1 Multi-color Cordial,5.0,,,,,,False,,False,False,1,0.07862962768810455,False,Normal
batch1-0219.jpg,92354720,07/05/2018,"Delgado, Smith and Austin Randolph Inc",565.0,2,Uncork New York rolling,1.0,,,,,,False,,False,False,1,0.06889057152290301,False,Normal
batch1-0219.jpg,92354720,07/05/2018,"Delgado, Smith and Austin Randolph Inc",565.0,3,1PC European Type Wine Glass,3.0,,,,,,False,,False,False,1,0.09996470912184524,False,Normal
batch1-0219.jpg,92354720,07/05/2018,"Delgado, Smith and Austin Randolph Inc",565.0,4,1P¢ Wine Glass Holder Beautiful,2.0,,,,,,False,,False,False,1,0.08969061827656727,False,Normal
batch1-0219.jpg,92354720,07/05/2018,"Delgado, Smith and Austin Randolph Inc",565.0,5,Wild West Wine,5.0,,,,,,False,,False,False,1,0.07862962768810455,False,Normal
batch1-0219.jpg,92354720,07/05/2018,"Delgado, Smith and Austin Randolph Inc",565.0,6,Ol' Red Wine Glasses Ball Mason,2.0,,,,,,False,,False,False,1,0.08969061827656727,False,Normal
batch1-0220.jpg,87588849,07/05/2016,"Byrd, Gould and Hill",486.6,1,a pair of wine glasses drawer 1,2.0,,,,,,False,,False,False,1,0.08969061827656727,False,Normal
batch1-0220.jpg,87588849,07/05/2016,"Byrd, Gould and Hill",486.6,2,Twas The Nightcap Before,4.0,,,,,,False,,False,False,1,0.09500330356536002,False,Normal
batch1-0220.jpg,87588849,07/05/2016,"Byrd, Gould and Hill",486.6,3,Moonshine Still 8Gal/30L Water,4.0,,,,,,False,,False,False,1,0.09500330356536002,False,Normal
batch1-0221.jpg,23993628,05/29/2012,Campos LLC Contreras-Torres,125.23,1,Vintage Gothic Lolita Dress,5.0,22.77,113.85,10.0,125.23,113.85,True,125.235,True,True,1,0.00520353287347286,False,Normal
batch1-0222.jpg,90834323,07/27/2011,George and Sons,47.77,1,Entertaining,2.0,,,,,,False,,False,False,1,0.08969061827656727,False,Normal
batch1-0222.jpg,90834323,07/27/2011,George and Sons,47.77,2,Motorcycle Journeys Through North America : A Guide for Choosing and Planning...,2.0,,,,,,False,,False,False,1,0.08969061827656727,False,Normal
batch1-0222.jpg,90834323,07/27/2011,George and Sons,47.77,3,The Complete idiots Guide to Trouble-Free Home Re,5.0,,,,,,False,,False,False,1,0.07862962768810455,False,Normal
batch1-0223.jpg,13187294,0/08/2013,"Cook, Schwartz and Phillips",111.0,1,White Wine Brewing+( Red Wine Brewing )Active Dry Wine Yeast Alcohol 2Packs,,,,,,,False,,False,False,1,0.015377551514200227,False,Normal
batch1-0223.jpg,13187294,0/08/2013,"Cook, Schwartz and Phillips",111.0,2,Wine Glasses Set Of 4,,,,,,,False,,False,False,1,0.015377551514200227,False,Normal
batch1-0223.jpg,13187294,0/08/2013,"Cook, Schwartz and Phillips",111.0,3,"Stemless wine glass Etched coordinates of Myakka River State Park, Very Good",,,,,,,False,,False,False,1,0.015377551514200227,False,Normal
batch1-0224.jpg,93493698,04/05/2015,Gould-Martinez,6140.09,1,Nintendo Gameboy Pocket,3.0,,,,,,False,,False,False,1,0.09996470912184524,False,Normal
batch1-0224.jpg,93493698,04/05/2015,Gould-Martinez,6140.09,2,Microsoft Xbox One S Console,3.0,,,,,,False,,False,False,1,0.09996470912184524,False,Normal
batch1-0224.jpg,93493698,04/05/2015,Gould-Martinez,6140.09,3,Sony PlayStation 5 Console -,5.0,,,,,,False,,False,False,1,0.07862962768810455,False,Normal
batch1-0224.jpg,93493698,04/05/2015,Gould-Martinez,6140.09,4,PS4 PlayStation 4 500 GB,5.0,,,,,,False,,False,False,1,0.07862962768810455,False,Normal
batch1-0224.jpg,93493698,04/05/2015,Gould-Martinez,6140.09,5,Nintendo Switch Lite Yellow,4.0,,,,,,False,,False,False,1,0.09500330356536002,False,Normal
batch1-0225.jpg,34911755,01/30/2019,,199.2,1,Metal Storage Shelf Wine Glass,5.0,22.42,112.1,10.0,123.31,112.10000000000001,True,123.31,True,True,1,0.00520353287347286,False,Normal
batch1-0225.jpg,34911755,01/30/2019,,199.2,2,Wine Things Unlimited - Tipsy,1.0,8.99,8.99,10.0,9.89,8.99,True,9.889000000000001,True,True,1,0.023324911768011325,False,Normal
batch1-0225.jpg,34911755,01/30/2019,,199.2,3,Set of 2 Stemless Christmas,5.0,12.0,60.0,10.0,66.0,60.0,True,66.0,True,True,1,0.008017232174818534,False,Normal
batch1-0226.jpg,67300087,03/16/2018,Dean LLC,22409.38,1,Yilong 5‘x7.3' Hand Knotted Silk Rug Home Decor Traditional Raindrop Carpet 1549 Yilong 5'x7.5' Hand Knotted Silk Area Rug Medium Size Classic Floor Carpets 0186 Garden Flower Carpet Quilted Bedroom Floor Princess Tapis Lace Rug Carpets Double Dorje Carpet Tibetan Rug Handwoven by Artisans in Nepal Indian Rectangular Beautifully Made Chindi Rag Rug Floor Carpet Ethnic Mat Fluffy Floor Mat Anti-Skid Shaggy Area Rugs Dining Living Room Carpet Home Decor,2.0,,,,,,False,,False,False,1,0.08969061827656727,False,Normal
batch1-0227.jpg,13886485,11/24/2013,Chan-Becker,46215.06,1,1 Set of Mini Cute Resin Micro,1.0,,,,,,False,,False,False,1,0.06889057152290301,False,Normal
batch1-0227.jpg,13886485,11/24/2013,Chan-Becker,46215.06,2,6'x3' Green Marble Decorative,2.0,,,,,,False,,False,False,1,0.08969061827656727,False,Normal
batch1-0227.jpg,13886485,11/24/2013,Chan-Becker,46215.06,3,"12"" White Marble Side Coffee",1.0,,,,,,False,,False,False,1,0.06889057152290301,False,Normal
batch1-0227.jpg,13886485,11/24/2013,Chan-Becker,46215.06,4,6’x3' Black Marble Dining,3.0,,,,,,False,,False,False,1,0.09996470912184524,False,Normal
batch1-0227.jpg,13886485,11/24/2013,Chan-Becker,46215.06,5,7'x4' Collectible Marble Green,1.0,,,,,,False,,False,False,1,0.06889057152290301,False,Normal
batch1-0228.jpg,35992997,02/01/2017,Anderson Inc,37016.78,1,YILONG 4'x6' Golden Handmade,5.0,4800.0,24000.0,10.0,26400.0,24000.0,True,26400.000000000004,True,True,-1,-0.20906098000585283,True,Unusual pattern detected by Isolation Forest
batch1-0228.jpg,35992997,02/01/2017,Anderson Inc,37016.78,2,Yilong 9'x12' Oversized,1.0,7800.0,7800.0,10.0,8580.0,7800.0,True,8580.0,True,True,-1,-0.19962270055599673,True,Unusual pattern detected by Isolation Forest
batch1-0228.jpg,35992997,02/01/2017,Anderson Inc,37016.78,3,| Checkered Gabbeh Kashkoli,4.0,417.24,1668.96,10.0,1835.86,1668.96,True,1835.8560000000002,True,True,-1,-0.07585210442021872,True,Unusual pattern detected by Isolation Forest
batch1-0228.jpg,35992997,02/01/2017,Anderson Inc,37016.78,4,Plush Carpet for Living Room,1.0,20.36,20.36,10.0,22.4,20.36,True,22.396,True,True,1,0.025215016632823495,False,Normal
batch1-0228.jpg,35992997,02/01/2017,Anderson Inc,37016.78,5,KEEP OFF classic Patterned,1.0,89.0,89.0,10.0,97.9,89.0,True,97.9,True,True,-1,-0.009968894899682335,True,Unusual pattern detected by Isolation Forest
batch1-0228.jpg,35992997,02/01/2017,Anderson Inc,37016.78,6,3 Pieces Fluffy Faux Fur Seat,5.0,14.66,73.3,10.0,80.63,73.3,True,80.63000000000001,True,True,1,0.009187904359575227,False,Normal
batch1-0229.jpg,87958388,04/11/2016,,5101.77,1,"16""x16"" Marble Top Customize",3.0,,,,,,False,,False,False,1,0.09996470912184524,False,Normal
batch1-0229.jpg,87958388,04/11/2016,,5101.77,2,"16""x16”"" White Marble Top",3.0,,,,,,False,,False,False,1,0.09996470912184524,False,Normal
batch1-0230.jpg,51300355,03/28/2012,Williams Ltd,570.82,1,Size 3y Nike Air Speed Turf (PS) Sneakers Shoe BV2526 100 White/Blue/Red,2.0,,,,,,False,,False,False,1,0.08969061827656727,False,Normal
batch1-0230.jpg,51300355,03/28/2012,Williams Ltd,570.82,2,PUMA Boys Youth Universal FG Jr Soccer Cleats 5 White High Risk Red Black SY,4.0,,,,,,False,,False,False,1,0.09500330356536002,False,Normal
batch1-0230.jpg,51300355,03/28/2012,Williams Ltd,570.82,3,TODDLER SHAQ HIGH TOP SHOES SIZE 4,2.0,,,,,,False,,False,False,1,0.08969061827656727,False,Normal
batch1-0230.jpg,51300355,03/28/2012,Williams Ltd,570.82,4,Skechers Hypno Splash Light Up Shoes Size 4 Medium Big Kid New,1.0,,,,,,False,,False,False,1,0.06889057152290301,False,Normal
batch1-0230.jpg,51300355,03/28/2012,Williams Ltd,570.82,5,Tip Top Kids Boys Black Laces Oxford Shoes 12 Kids,3.0,,,,,,False,,False,False,1,0.09996470912184524,False,Normal
batch1-0230.jpg,51300355,03/28/2012,Williams Ltd,570.82,6,foamposite Size 6c,5.0,,,,,,False,,False,False,1,0.07862962768810455,False,Normal
batch1-0231.jpg,98396639,02/27/2012,Mullen-Smith,18614.34,1,2x Soft Faux Fur Chair Cover Small Area Rugs Mat for Bedroom Floor Carpet 30cm,2.0,,,,,,False,,False,False,1,0.08969061827656727,False,Normal
batch1-0231.jpg,98396639,02/27/2012,Mullen-Smith,18614.34,2,YILONG,6.56,,,,,,False,,False,False,1,0.038768660751473505,False,Normal
batch1-0231.jpg,98396639,02/27/2012,Mullen-Smith,18614.34,3,YILONG 4‘x6' Golden Handmade Carpet House Decor Hand Knotted Silk Rugs 088B,2.0,,,,,,False,,False,False,1,0.08969061827656727,False,Normal
batch1-0231.jpg,98396639,02/27/2012,Mullen-Smith,18614.34,4,Round Rug Carpets for Living Room Decor Kids Room Long Plush Rugs Bedroom Mats*,5.0,,,,,,False,,False,False,1,0.07862962768810455,False,Normal
batch1-0231.jpg,98396639,02/27/2012,Mullen-Smith,18614.34,5,Silky Fake Fur Fluffy Carpet Non-slip Shaggy Area Rug Floor Mat White+Brown,5.0,,,,,,False,,False,False,1,0.07862962768810455,False,Normal
batch1-0232.jpg,51594396,12/10/2016,Ford Ltd,5553.0,1,3D Stones Florals Corridor Carpet Doorway Mat Soft Antislip Living Room Area Rug,5.0,15.19,75.95,10.0,83.55,75.95,True,83.54500000000002,True,True,1,0.006516961905712437,False,Normal
batch1-0232.jpg,51594396,12/10/2016,Ford Ltd,5553.0,2,Happy Christmas Home Decoration Rug Mat Carpet Bedroom Rugs Bedside Area Rug New,1.0,60.32,60.32,10.0,66.35,60.32,True,66.352,True,True,1,0.008893365333010494,False,Normal
batch1-0232.jpg,51594396,12/10/2016,Ford Ltd,5553.0,3,Checkered Modern Kashkoli Oriental Area Rug Foyer Hand-knotted Wool Carpet 4'x6',3.0,806.0,2418.0,10.0,2659.8,2418.0,True,2659.8,True,True,-1,-0.1075209835772597,True,Unusual pattern detected by Isolation Forest
batch1-0232.jpg,51594396,12/10/2016,Ford Ltd,5553.0,4,YILONG 1.2x1.7' 300L Handmade Tree of Life Silk Carpet Home Tapestry LH693A,5.0,188.0,940.0,10.0,1034.0,940.0,True,1034.0,True,True,-1,-0.06932738850343345,True,Unusual pattern detected by Isolation Forest
batch1-0232.jpg,51594396,12/10/2016,Ford Ltd,5553.0,5,Pittsburgh Steelers Anti-Skid Area Rug Floor Mat Soft Carpet Living Room Bedroom,5.0,18.04,90.2,10.0,99.22,90.19999999999999,True,99.22000000000001,True,True,1,0.00789987463744718,False,Normal
batch1-0232.jpg,51594396,12/10/2016,Ford Ltd,5553.0,6,handmade carpet rug vtg moroccan boucherouite wollen 9.4*3.5 / 288cm*107cm,5.0,289.99,1449.95,10.0,1594.95,1449.95,True,1594.9450000000002,True,True,-1,-0.076783540345016,True,Unusual pattern detected by Isolation Forest
batch1-0232.jpg,51594396,12/10/2016,Ford Ltd,5553.0,7,3D Bottomless Hole Optical Illusion Area Rug Carpet Sofa Door Mats Non-slip Home,1.0,13.76,13.76,10.0,15.14,13.76,True,15.136000000000001,True,True,1,0.02823399199473381,False,Normal
batch1-0233.jpg,48765740,06/22/2017,Avila Inc,631.99,1,J.Crew Collection Black & White,1.0,,,,,,False,,False,False,1,0.06889057152290301,False,Normal
batch1-0233.jpg,48765740,06/22/2017,Avila Inc,631.99,2,DESIGNER MICHAEL KORS,5.0,,,,,,False,,False,False,1,0.07862962768810455,False,Normal
batch1-0233.jpg,48765740,06/22/2017,Avila Inc,631.99,3,PAS DE CALAIS DRESS WOMENS,5.0,,,,,,False,,False,False,1,0.07862962768810455,False,Normal
batch1-0233.jpg,48765740,06/22/2017,Avila Inc,631.99,4,Boden black blue floral short,4.0,,,,,,False,,False,False,1,0.09500330356536002,False,Normal
batch1-0233.jpg,48765740,06/22/2017,Avila Inc,631.99,5,Lulus Women's Black Bell,2.0,,,,,,False,,False,False,1,0.08969061827656727,False,Normal
batch1-0233.jpg,48765740,06/22/2017,Avila Inc,631.99,6,Coolibar Sun Protection Tunic,3.0,,,,,,False,,False,False,1,0.09996470912184524,False,Normal
batch1-0233.jpg,48765740,06/22/2017,Avila Inc,631.99,7,R&M; RICHARDS WOMAN’S,4.0,,,,,,False,,False,False,1,0.09500330356536002,False,Normal
batch1-0234.jpg,95825613,04/15/2017,Johnson Ltd,51823.31,1,"12"" Marble Side Coffee Table Top Malachite Mosaic Floral Inlay Garden Decor W168",1.0,250.04,250.04,10.0,275.04,250.04,True,275.04400000000004,True,True,-1,-0.06666541721510466,True,Unusual pattern detected by Isolation Forest
batch1-0234.jpg,95825613,04/15/2017,Johnson Ltd,51823.31,2,Semi Precious Stone Inlay Art Island Table Top Marble Dinning Table 36 Inches,5.0,1751.25,8756.25,10.0,9631.87,8756.25,True,9631.875,True,True,-1,-0.18080433949646246,True,Unusual pattern detected by Isolation Forest
batch1-0234.jpg,95825613,04/15/2017,Johnson Ltd,51823.31,3,6'x3' Black Marble Top Dining Room Table Sets Scagaliola Very Pietradure Decor,4.0,5710.22,22840.88,10.0,25124.97,22840.88,True,25124.968000000004,True,True,-1,-0.20918281427273844,True,Unusual pattern detected by Isolation Forest
batch1-0234.jpg,95825613,04/15/2017,Johnson Ltd,51823.31,4,6'x3' Marble Dining Living Room Top Table Multi Pietra Dura Inlaid Decor HS009A,3.0,5088.31,15264.93,10.0,16791.42,15264.93,True,16791.423000000003,True,True,-1,-0.16388305787361535,True,Unusual pattern detected by Isolation Forest
batch1-0235.jpg,76724637,07/10/2017,"Harrell, Johnson and Thompson",418.84,3,Nike Air Force 1 Low 314192-117 Tripie White Youth Boys Size 5Y,5.0,,,,,,False,,False,False,1,0.07862962768810455,False,Normal
batch1-0235.jpg,76724637,07/10/2017,"Harrell, Johnson and Thompson",418.84,4,Adidas Baseball Youth Cleats Spikes Kids Shoes Black White Size 12K,1.0,,,,,,False,,False,False,1,0.06889057152290301,False,Normal
batch1-0235.jpg,76724637,07/10/2017,"Harrell, Johnson and Thompson",418.84,5,Skechers Shoes Kids Size 2,4.0,,,,,,False,,False,False,1,0.09500330356536002,False,Normal
batch1-0236.jpg,11724045,04/09/2019,"Swanson, Garza and Snyder",1100.73,1,Hippie 3D Starry Sky Carpet Child Play Area Rug Kids Room Carpets Mat Home Decor,5.0,,,,,,False,,False,False,1,0.07862962768810455,False,Normal
batch1-0236.jpg,11724045,04/09/2019,"Swanson, Garza and Snyder",1100.73,2,Deluxe Soft Faux Sheepskin Shaggy Area Floor Rugs Kids Play Carpet,4.0,,,,,,False,,False,False,1,0.09500330356536002,False,Normal
batch1-0236.jpg,11724045,04/09/2019,"Swanson, Garza and Snyder",1100.73,3,Imitation Wool Carpet Rugs Koala Panda Plush Living Room Blankets Non Slip Decor,2.0,,,,,,False,,False,False,1,0.08969061827656727,False,Normal
batch1-0236.jpg,11724045,04/09/2019,"Swanson, Garza and Snyder",1100.73,4,51.2x31.5in Area Rugs Road Traffic Baby Crawling Carpet Blanket Floor Mat,1.0,,,,,,False,,False,False,1,0.06889057152290301,False,Normal
batch1-0236.jpg,11724045,04/09/2019,"Swanson, Garza and Snyder",1100.73,5,Silky Fake Fur Fluffy Carpets Non-slip Shaggy Area Rug Floor Mat Light Pink,1.0,,,,,,False,,False,False,1,0.06889057152290301,False,Normal
batch1-0236.jpg,11724045,04/09/2019,"Swanson, Garza and Snyder",1100.73,6,6'8 x 5' Handwoven Afghan Kilim Wool Area Rug Kelim Tapis Oriental Carpet #4434,3.0,,,,,,False,,False,False,1,0.09996470912184524,False,Normal
batch1-0237.jpg,54329016,01/18/2012,Brooks Inc Davis-Greene,1022.88,1,Fast Dell Optiplex Windows 10,2.0,,,,,,False,,False,False,1,0.08969061827656727,False,Normal
batch1-0237.jpg,54329016,01/18/2012,Brooks Inc Davis-Greene,1022.88,2,Intel core i7 Geforce GTX1060,1.0,,,,,,False,,False,False,1,0.06889057152290301,False,Normal
batch1-0238.jpg,50405163,04/16/2020,"Shah, Parsons and Shea",3065.64,1,Nintendo Gameboy Pocket Console Green with Box MGB-001 Japan Tested Working 55,4.0,,,,,,False,,False,False,1,0.09500330356536002,False,Normal
batch1-0238.jpg,50405163,04/16/2020,"Shah, Parsons and Shea",3065.64,2,L442 Nintendo Gamecube Official Console Orange Japan GC w/Controller adapter,5.0,,,,,,False,,False,False,1,0.07862962768810455,False,Normal
batch1-0238.jpg,50405163,04/16/2020,"Shah, Parsons and Shea",3065.64,3,Playstation 2 Slim console white SCPH-90000 boxed Japan PS2 System,5.0,,,,,,False,,False,False,1,0.07862962768810455,False,Normal
batch1-0238.jpg,50405163,04/16/2020,"Shah, Parsons and Shea",3065.64,4,"Original Nintendo Gaming Console with Robot, 9 games & extras",1.0,,,,,,False,,False,False,1,0.06889057152290301,False,Normal
batch1-0238.jpg,50405163,04/16/2020,"Shah, Parsons and Shea",3065.64,5,Nintendo Switch Lite Console 32gb Coral/Pink,3.0,,,,,,False,,False,False,1,0.09996470912184524,False,Normal
batch1-0239.jpg,13026595,01/26/2017,Ryan LLC Thompson-Wright,7269.8,1,FAST Dell Windows 10 Desktop,1.0,169.95,169.95,10.0,186.95,169.95,True,186.945,True,True,-1,-0.04563149232642627,True,Unusual pattern detected by Isolation Forest
batch1-0239.jpg,13026595,01/26/2017,Ryan LLC Thompson-Wright,7269.8,2,Gaming PC Desktop Computer,4.0,689.99,2759.96,10.0,3035.96,2759.96,True,3035.956,True,True,-1,-0.12621535026285824,True,Unusual pattern detected by Isolation Forest
batch1-0239.jpg,13026595,01/26/2017,Ryan LLC Thompson-Wright,7269.8,3,gaming computer,5.0,620.0,3100.0,10.0,3410.0,3100.0,True,3410.0000000000005,True,True,-1,-0.13352477354759174,True,Unusual pattern detected by Isolation Forest
batch1-0239.jpg,13026595,01/26/2017,Ryan LLC Thompson-Wright,7269.8,4,Desktop Computer Gaming PC,1.0,579.0,579.0,10.0,636.9,579.0,True,636.9000000000001,True,True,-1,-0.09386832615179241,True,Unusual pattern detected by Isolation Forest
batch1-0240.jpg,72196558,5/06/2013,Watson PLC,126.9,1,One Year through the Bible by David R. Veerman,3.0,,,,,,False,,False,False,1,0.09996470912184524,False,Normal
batch1-0240.jpg,72196558,5/06/2013,Watson PLC,126.9,2,The Neuroscience of Emotion A New Synthesis by Ralph Adolphs,3.0,,,,,,False,,False,False,1,0.09996470912184524,False,Normal
batch1-0240.jpg,72196558,5/06/2013,Watson PLC,126.9,3,Herbal Tarot Deck,4.0,,,,,,False,,False,False,1,0.09500330356536002,False,Normal
batch1-0242.jpg,58715920,1/05/2015,Adams-Kelly,19189.78,1,3'x2' Black Marvels Top Dining,4.0,,,,,,False,,False,False,1,0.09500330356536002,False,Normal
batch1-0242.jpg,58715920,1/05/2015,Adams-Kelly,19189.78,2,18” White Marble Coffee Table,2.0,,,,,,False,,False,False,1,0.08969061827656727,False,Normal
batch1-0242.jpg,58715920,1/05/2015,Adams-Kelly,19189.78,3,48 Inches Marble Coffee Table,1.0,,,,,,False,,False,False,1,0.06889057152290301,False,Normal
batch1-0242.jpg,58715920,1/05/2015,Adams-Kelly,19189.78,4,"24x24"" Black Marble Round",1.0,,,,,,False,,False,False,1,0.06889057152290301,False,Normal
batch1-0242.jpg,58715920,1/05/2015,Adams-Kelly,19189.78,5,"15""x15"" White Marble Coffee",3.0,,,,,,False,,False,False,1,0.09996470912184524,False,Normal
batch1-0244.jpg,87301946,02/23/2012,"Baker, Meyers and Diaz",9091.2,1,Semi Antique Classic Ivory,1.0,,,,,,False,,False,False,1,0.06889057152290301,False,Normal
batch1-0244.jpg,87301946,02/23/2012,"Baker, Meyers and Diaz",9091.2,2,Happy Christmas Home,4.0,,,,,,False,,False,False,1,0.09500330356536002,False,Normal
batch1-0244.jpg,87301946,02/23/2012,"Baker, Meyers and Diaz",9091.2,3,125*150cm/49*59inch Cat Nap,5.0,,,,,,False,,False,False,1,0.07862962768810455,False,Normal
batch1-0244.jpg,87301946,02/23/2012,"Baker, Meyers and Diaz",9091.2,4,Victorian European Country,4.0,,,,,,False,,False,False,1,0.09500330356536002,False,Normal
batch1-0244.jpg,87301946,02/23/2012,"Baker, Meyers and Diaz",9091.2,5,Yilong 5.6'x8.3' Four Seasons,2.0,,,,,,False,,False,False,1,0.08969061827656727,False,Normal
batch1-0244.jpg,87301946,02/23/2012,"Baker, Meyers and Diaz",9091.2,6,Egg Bathroom Rug Carpet Area,4.0,,,,,,False,,False,False,1,0.09500330356536002,False,Normal
batch1-0245.jpg,25844703,07/09/2013,Kim Ltd Steele PLC,158490.25,1,Yellow Marble Royal Look,3.0,6076.0,18228.0,10.0,20050.8,18228.0,True,20050.800000000003,True,True,-1,-0.19200455121451698,True,Unusual pattern detected by Isolation Forest
batch1-0245.jpg,25844703,07/09/2013,Kim Ltd Steele PLC,158490.25,2,24 Inches Round Marble Coffee,3.0,446.25,1338.75,10.0,1472.63,1338.75,True,1472.6250000000002,True,True,-1,-0.061114324023243904,True,Unusual pattern detected by Isolation Forest
batch1-0245.jpg,25844703,07/09/2013,Kim Ltd Steele PLC,158490.25,3,7'x4' Collectible Marble Green,5.0,13536.06,67680.3,10.0,74448.33,67680.3,True,74448.33000000002,True,True,-1,-0.22478230661846266,True,Unusual pattern detected by Isolation Forest
batch1-0245.jpg,25844703,07/09/2013,Kim Ltd Steele PLC,158490.25,4,72 Inches Marble Dinning Table,5.0,8400.0,42000.0,10.0,46200.0,42000.0,True,46200.00000000001,True,True,-1,-0.21270048726733026,True,Unusual pattern detected by Isolation Forest
batch1-0245.jpg,25844703,07/09/2013,Kim Ltd Steele PLC,158490.25,5,54 Inches Marble Dinning Table,3.0,4600.0,13800.0,10.0,15180.0,13800.0,True,15180.000000000002,True,True,-1,-0.16984955364528354,True,Unusual pattern detected by Isolation Forest
batch1-0245.jpg,25844703,07/09/2013,Kim Ltd Steele PLC,158490.25,6,Multi Color Stones Inlay Art,2.0,517.5,1035.0,10.0,1138.5,1035.0,True,1138.5,True,True,-1,-0.07713958968288359,True,Unusual pattern detected by Isolation Forest
batch1-0246.jpg,94067363,03/21/2017,"Stafford, Reynolds and Hood",148.44,1,"10"" Cuphead Game Soft Plush Coll Cuphead Mugman Mecup Brocup kids Gift US Stock",5.0,,,,,,False,,False,False,1,0.07862962768810455,False,Normal
batch1-0247.jpg,62517865,06/02/2015,Trujillo-Hunt,9.35,1,Care & Repair of Furniture,2.0,,,,,,False,,False,False,1,0.08969061827656727,False,Normal
batch1-0248.jpg,52316398,06/03/2012,Moore-Hughes,11633.66,1,YILONG 9°x12' Oversize,1.0,7800.0,7800.0,10.0,8580.0,7800.0,True,8580.0,True,True,-1,-0.19962270055599673,True,Unusual pattern detected by Isolation Forest
batch1-0248.jpg,52316398,06/03/2012,Moore-Hughes,11633.66,2,Cartoon Rabbit Printed Round,1.0,177.08,177.08,10.0,194.79,177.08,True,194.78800000000004,True,True,-1,-0.04397980307085292,True,Unusual pattern detected by Isolation Forest
batch1-0248.jpg,52316398,06/03/2012,Moore-Hughes,11633.66,3,New Design Rectangular Hand,3.0,29.99,89.97,10.0,98.97,89.97,True,98.96700000000001,True,True,1,0.029662536949483675,False,Normal
batch1-0248.jpg,52316398,06/03/2012,Moore-Hughes,11633.66,4,Garden Flower Carpet Quilted,2.0,45.5,91.0,10.0,100.1,91.0,True,100.10000000000001,True,True,1,0.023410180315393214,False,Normal
batch1-0248.jpg,52316398,06/03/2012,Moore-Hughes,11633.66,5,Checkered Modern Kashkoli,3.0,806.0,2418.0,10.0,2659.8,2418.0,True,2659.8,True,True,-1,-0.1075209835772597,True,Unusual pattern detected by Isolation Forest
batch1-0249.jpg,60416276,04/01/2016,Hodge PLC,600.15,1,Calvin Klein Women Long Active Dress. Size Small,3.0,,,,,,False,,False,False,1,0.09996470912184524,False,Normal
batch1-0249.jpg,60416276,04/01/2016,Hodge PLC,600.15,2,Evening Dress Sexy Cocktail US Mini Women Party Bandage Long Sleeve Club Bodycon,3.0,,,,,,False,,False,False,1,0.09996470912184524,False,Normal
batch1-0249.jpg,60416276,04/01/2016,Hodge PLC,600.15,3,Matilda Jane Womans Lets Go Together Black Knit Dress Size M Medium NWT,5.0,,,,,,False,,False,False,1,0.07862962768810455,False,Normal
batch1-0249.jpg,60416276,04/01/2016,Hodge PLC,600.15,4,Burent Orange Long Dress With Beads SUE WONG SIZE 2,3.0,,,,,,False,,False,False,1,0.09996470912184524,False,Normal
batch1-0249.jpg,60416276,04/01/2016,Hodge PLC,600.15,5,StellaLuxe One Shoulder Lace Oress,4.0,,,,,,False,,False,False,1,0.09500330356536002,False,Normal
batch1-0249.jpg,60416276,04/01/2016,Hodge PLC,600.15,6,Zara black dress in Small,2.0,,,,,,False,,False,False,1,0.08969061827656727,False,Normal
batch1-0249.jpg,60416276,04/01/2016,Hodge PLC,600.15,7,LuLaRoe Nicole Dress Size Large 26,5.0,,,,,,False,,False,False,1,0.07862962768810455,False,Normal
batch1-0250.jpg,50712639,01/10/2021,"Smith, Blackburn and Barton",208.5,1,foamposite Size 6c,4.0,,,,,,False,,False,False,1,0.09500330356536002,False,Normal
batch1-0250.jpg,50712639,01/10/2021,"Smith, Blackburn and Barton",208.5,2,Joma Boys Youth Gol-102,5.0,,,,,,False,,False,False,1,0.07862962768810455,False,Normal
batch1-0251.jpg,41893391,08/08/2015,Moore and Sons,1438.21,1,Geometry Hippie Non-slip Area Rugs Kitchen Rug Floor Mat LivingRoom Carpet Decor 2Pack Soft Fluffy Faux Fur Plain Chair Cover Washable Shaggy Area Rugs Carpet 3D Printed Mat Vortex Illusion Living room Rug Carpet Floors Doors Round Mat Garden Flower Carpet Quilted Bedroom Floor Princess Tapis Lace Rug Carpets Indian Green Red Color 2.6'x4' Carpet Hand Knotted Living Room Traditional Chobi Deluxe Soft Faux Sheepskin Shaggy Area Floor Rugs Kids Play Carpet War Horse Series Small Large Long Floor Carpet Area Rugs Various Size Soft Rug,1.0,,,,,,False,,False,False,1,0.06889057152290301,False,Normal
batch1-0252.jpg,45279263,02/18/2013,Anderson Ltd,25.15,1,"Harry Potter and the Chamber of Secrets (Book 2) by Rowling, J. K. Paperback The",3.0,,,,,,False,,False,False,1,0.09996470912184524,False,Normal
batch1-0253.jpg,12492197,07/05/2020,Holland-Austin,1324.32,1,Nintendo Game Boy Micro Console - Black (OXYSFBB),4.0,,,,,,False,,False,False,1,0.09500330356536002,False,Normal
batch1-0253.jpg,12492197,07/05/2020,Holland-Austin,1324.32,2,Handheld Video Game Console 400 in 1 Mini Retro Console Built in Video Games,3.0,,,,,,False,,False,False,1,0.09996470912184524,False,Normal
batch1-0253.jpg,12492197,07/05/2020,Holland-Austin,1324.32,3,Nintendo Switch Lite Turquoise Biue CONSOLE ONLY - No Charger (B4-1],1.0,,,,,,False,,False,False,1,0.06889057152290301,False,Normal
batch1-0253.jpg,12492197,07/05/2020,Holland-Austin,1324.32,4,Super Nintendo SNES System Console Controller & Cables - SNS-001 + 3 Games,4.0,,,,,,False,,False,False,1,0.09500330356536002,False,Normal
batch1-0253.jpg,12492197,07/05/2020,Holland-Austin,1324.32,5,SONY Playstation2 Slim Console set * SCPH-90000 / White */ TESTED Working 11194,1.0,,,,,,False,,False,False,1,0.06889057152290301,False,Normal
batch1-0255.jpg,32177071,04/12/2017,Kirby PLC Nelson Inc,103.92,1,VINTAGE IRON WINE BOTTLE,1.0,,,,,,False,,False,False,1,0.06889057152290301,False,Normal
batch1-0255.jpg,32177071,04/12/2017,Kirby PLC Nelson Inc,103.92,2,ELTOW Modular Plastic Wine,3.0,,,,,,False,,False,False,1,0.09996470912184524,False,Normal
batch1-0256.jpg,77522687,05/14/2019,"Smith, Page and Ross Powers LLC",47502.39,1,6'x3' Marble Counter Height,3.0,,,,,,False,,False,False,1,0.09996470912184524,False,Normal
batch1-0256.jpg,77522687,05/14/2019,"Smith, Page and Ross Powers LLC",47502.39,2,6'x3' Multi Pietra Dura Design,5.0,,,,,,False,,False,False,1,0.07862962768810455,False,Normal
batch1-0257.jpg,52786363,06/11/2011,Thomas-Moore,25.5,1,Beyblade Burst B-163 Superking Grave Valkyrie.Ev’ 2A Top {Launcher /Grip Kid Toy,,,,,,,False,,False,False,1,0.015377551514200227,False,Normal
batch1-0258.jpg,22553110,07/26/2011,Evans-Nelson,44630.49,1,"Clear Acrylic Table, Breakfast",2.0,,,,,,False,,False,False,1,0.08969061827656727,False,Normal
batch1-0258.jpg,22553110,07/26/2011,Evans-Nelson,44630.49,2,4Pcs Adjustable Stainless Steel,4.0,,,,,,False,,False,False,1,0.09500330356536002,False,Normal
batch1-0258.jpg,22553110,07/26/2011,Evans-Nelson,44630.49,3,"12""x18"" White Marble Coffee",3.0,,,,,,False,,False,False,1,0.09996470912184524,False,Normal
batch1-0258.jpg,22553110,07/26/2011,Evans-Nelson,44630.49,4,18” Marble White Top Chess,3.0,,,,,,False,,False,False,1,0.09996470912184524,False,Normal
batch1-0258.jpg,22553110,07/26/2011,Evans-Nelson,44630.49,5,6'x3' Black Marble Dining Table,4.0,,,,,,False,,False,False,1,0.09500330356536002,False,Normal
batch1-0258.jpg,22553110,07/26/2011,Evans-Nelson,44630.49,6,Marquetry Art Marble Inlay,2.0,,,,,,False,,False,False,1,0.08969061827656727,False,Normal
batch1-0259.jpg,40046347,07/28/2011,Campos-Cooper,130.83,1,Joma Youth Boys Gol 205 Piso,3.0,19.99,59.97,10.0,65.97,59.97,True,65.967,True,True,1,0.03628216713640553,False,Normal
batch1-0259.jpg,40046347,07/28/2011,Campos-Cooper,130.83,2,3 Boys sneakers light up size 11,5.0,3.0,15.0,10.0,16.5,15.0,True,16.5,True,True,-1,-0.00458551670669205,True,Unusual pattern detected by Isolation Forest
batch1-0259.jpg,40046347,07/28/2011,Campos-Cooper,130.83,3,LL Bean HIGH TOP Black Canvas.,2.0,16.99,33.98,10.0,37.38,33.98,True,37.378,True,True,1,0.035890756238903476,False,Normal
batch1-0259.jpg,40046347,07/28/2011,Campos-Cooper,130.83,5,Wonder Nation Kids Shoes Size,1.0,2.0,6.0,10.0,6.6,2.0,False,6.6000000000000005,True,False,1,0.010140782796678793,False,Normal
batch1-0260.jpg,33085665,11/07/2011,,1023.94,1,Oell Desktop Computer PC Core,3.0,,,,,,False,,False,False,1,0.09996470912184524,False,Normal
batch1-0260.jpg,33085665,11/07/2011,,1023.94,2,Dell Precision Workstation,4.0,,,,,,False,,False,False,1,0.09500330356536002,False,Normal
batch1-0261.jpg,29075921,05/24/2021,Rosales-Krause,21467.33,1,YILONG 4'x6' Yellow Handmade Carpet Living Room Hand Knotted Silk Rugs 077B,5.0,,,,,,False,,False,False,1,0.07862962768810455,False,Normal
batch1-0261.jpg,29075921,05/24/2021,Rosales-Krause,21467.33,2,New Golden Brown Oriental Rug 4X6 Oushak Chobi Floral Hand-Knotted Foyer Carpet,3.0,,,,,,False,,False,False,1,0.09996470912184524,False,Normal
batch1-0261.jpg,29075921,05/24/2021,Rosales-Krause,21467.33,3,Handmade Tribal Geometric Design 4X6 Indo-Gabbeh Oriental Rug Kids Room Carpet,3.0,,,,,,False,,False,False,1,0.09996470912184524,False,Normal
batch1-0262.jpg,92564069,09/14/2018,"Brown, Werner and Smith Holland PLC",2.18,1,Large Blue Long Sleeve Fit &,2.0,0.99,1.98,10.0,2.18,1.98,True,2.178,True,True,1,0.00944520825775913,False,Normal
batch1-0264.jpg,74221189,10/26/2015,Perry Inc Caldwell-jJordan,262.77,1,ZARA TRAFALUC Metallic Gold,2.0,12.99,25.98,10.0,28.58,25.98,True,28.578000000000003,True,True,1,0.038028736232178395,False,Normal
batch1-0264.jpg,74221189,10/26/2015,Perry Inc Caldwell-jJordan,262.77,2,Lilly Pulitzer dress size 0,3.0,45.0,135.0,10.0,148.5,135.0,True,148.5,True,True,1,0.012454422090700468,False,Normal
batch1-0264.jpg,74221189,10/26/2015,Perry Inc Caldwell-jJordan,262.77,3,Xhilaration Womens L Burgandy,2.0,14.95,29.9,10.0,32.89,29.9,True,32.89,True,True,1,0.03775816957789119,False,Normal
batch1-0264.jpg,74221189,10/26/2015,Perry Inc Caldwell-jJordan,262.77,4,Women Elegant Fashion O-Neck,4.0,12.0,48.0,10.0,52.8,48.0,True,52.800000000000004,True,True,1,0.023609510761265162,False,Normal
batch1-0265.jpg,27166082,09/29/2020,Webb-Oconnor,15803.26,1,Faux Fur Star Heart Bedroom,4.0,,,,,,False,,False,False,1,0.09500330356536002,False,Normal
batch1-0265.jpg,27166082,09/29/2020,Webb-Oconnor,15803.26,2,Yilong 5'x7.5' Hand Knotted Silk,3.0,,,,,,False,,False,False,1,0.09996470912184524,False,Normal
batch1-0265.jpg,27166082,09/29/2020,Webb-Oconnor,15803.26,3,3D Starry sky Carpet Child Play,4.0,,,,,,False,,False,False,1,0.09500330356536002,False,Normal
batch1-0265.jpg,27166082,09/29/2020,Webb-Oconnor,15803.26,4,Yilong 2'x3’ Traditional,4.0,,,,,,False,,False,False,1,0.09500330356536002,False,Normal
batch1-0265.jpg,27166082,09/29/2020,Webb-Oconnor,15803.26,5,Rectangle Faux Fur Sheepskin,4.0,,,,,,False,,False,False,1,0.09500330356536002,False,Normal
batch1-0265.jpg,27166082,09/29/2020,Webb-Oconnor,15803.26,6,6’8 x 5‘ Handwoven Afghan,3.0,,,,,,False,,False,False,1,0.09996470912184524,False,Normal
batch1-0266.jpg,91851148,11/08/2015,"Freeman, Carter and Peterson",760.1,1,Nintendo N64 Atomic Purple,5.0,,,,,,False,,False,False,1,0.07862962768810455,False,Normal
batch1-0266.jpg,91851148,11/08/2015,"Freeman, Carter and Peterson",760.1,2,Clear Purple 10 Levels,4.0,,,,,,False,,False,False,1,0.09500330356536002,False,Normal
batch1-0267.jpg,27006132,09/18/2017,"Vasquez, May and Lewis",5289.89,1,AMD Custom Built Quad Core,1.0,599.99,599.99,10.0,659.99,599.99,True,659.989,True,True,-1,-0.09166266367019982,True,Unusual pattern detected by Isolation Forest
batch1-0267.jpg,27006132,09/18/2017,"Vasquez, May and Lewis",5289.89,2,"Intel Compute Stick (32GB, Intel",5.0,45.0,225.0,10.0,247.5,225.0,True,247.50000000000003,True,True,-1,-0.015947310979032125,True,Unusual pattern detected by Isolation Forest
batch1-0267.jpg,27006132,09/18/2017,"Vasquez, May and Lewis",5289.89,3,HP ProDesk 7th Gen. | 16GB |,4.0,279.0,1116.0,10.0,1227.6,1116.0,True,1227.6000000000001,True,True,-1,-0.04625312512542934,True,Unusual pattern detected by Isolation Forest
batch1-0267.jpg,27006132,09/18/2017,"Vasquez, May and Lewis",5289.89,4,Fast Dell Optiplex Desktop PC,4.0,217.0,868.0,10.0,954.8,868.0,True,954.8000000000001,True,True,-1,-0.04529330326795733,True,Unusual pattern detected by Isolation Forest
batch1-0267.jpg,27006132,09/18/2017,"Vasquez, May and Lewis",5289.89,5,SAMA RGB Gaming PC Desktop,5.0,400.0,2000.0,10.0,2200.0,2000.0,True,2200.0,True,True,-1,-0.09686354457904212,True,Unusual pattern detected by Isolation Forest
batch1-0268.jpg,83299043,06/24/2019,Clayton Inc,3129.42,1,Nintendo Wii Console Complete Bundle w/extras tested,2.0,,,,,,False,,False,False,1,0.08969061827656727,False,Normal
batch1-0268.jpg,83299043,06/24/2019,Clayton Inc,3129.42,2,SONY Playstation2 Slim Console set ” SCPH-90000 / White ” / TESTED Working 11192,3.0,,,,,,False,,False,False,1,0.09996470912184524,False,Normal
batch1-0268.jpg,83299043,06/24/2019,Clayton Inc,3129.42,3,"— PS4 PlayStation 4 500 GB Console CUH-1115A Bundle, 1 Controller, 8 Games",3.0,,,,,,False,,False,False,1,0.09996470912184524,False,Normal
batch1-0268.jpg,83299043,06/24/2019,Clayton Inc,3129.42,4,"Microsoft Xbox Original Black Gaming Console Bundle With Controller, Many Games",5.0,,,,,,False,,False,False,1,0.07862962768810455,False,Normal
batch1-0268.jpg,83299043,06/24/2019,Clayton Inc,3129.42,5,8306 Nintendo 3DS console Misty Pink Japan x,1.0,,,,,,False,,False,False,1,0.06889057152290301,False,Normal
batch1-0268.jpg,83299043,06/24/2019,Clayton Inc,3129.42,6,New Nintendo 3DS XL Red System Console Working W/ AC Adapter Bundle,1.0,,,,,,False,,False,False,1,0.06889057152290301,False,Normal
batch1-0268.jpg,83299043,06/24/2019,Clayton Inc,3129.42,7,Nintendo Wii Black Console RVL-001 Bundle 10 games Complete Gamecube Compatible,5.0,,,,,,False,,False,False,1,0.07862962768810455,False,Normal
batch1-0269.jpg,67095041,12/14/2018,"Wade, Scott and Glover",87.96,1,Champagne Glass Holder,4.0,19.99,79.96,10.0,87.96,79.96,True,87.956,True,True,1,0.02993587929001018,False,Normal
batch1-0270.jpg,59977720,06/16/2020,"Long LLC Long, Nguyen and Anderson",331.78,1,Hardwood Insect Pinning Block,4.0,,,,,,False,,False,False,1,0.09500330356536002,False,Normal
batch1-0270.jpg,59977720,06/16/2020,"Long LLC Long, Nguyen and Anderson",331.78,2,"12"" White Marble Side Coffee",1.0,,,,,,False,,False,False,1,0.06889057152290301,False,Normal
batch1-0271.jpg,65863078,03/16/2017,Mejia-Garcia,1843.4,1,Nintendo Super Famicom Console in box with 2 controllers tested working japan,3.0,,,,,,False,,False,False,1,0.09996470912184524,False,Normal
batch1-0271.jpg,65863078,03/16/2017,Mejia-Garcia,1843.4,2,B310 Nintendo 3DS console Cosmo Black Japan x,5.0,,,,,,False,,False,False,1,0.07862962768810455,False,Normal
batch1-0271.jpg,65863078,03/16/2017,Mejia-Garcia,1843.4,3,Sega Game Gear Micro console 4 color complete set 30th Anniversary GG w/window,1.0,,,,,,False,,False,False,1,0.06889057152290301,False,Normal
batch1-0271.jpg,65863078,03/16/2017,Mejia-Garcia,1843.4,4,Nintendo DS Lite Onyx Black System Console & 6 games Mario Charger Stylus,,,,,,,False,,False,False,1,0.015377551514200227,False,Normal
batch1-0272.jpg,32762320,12/04/2016,Harris-Thomas,129.6,1,Gold Band Wine Glasses Clear glass round stems 2 12 ounce elegant stems,1.0,,,,,,False,,False,False,1,0.06889057152290301,False,Normal
batch1-0272.jpg,32762320,12/04/2016,Harris-Thomas,129.6,2,Hoodie Wine Bottle Holder,2.0,,,,,,False,,False,False,1,0.08969061827656727,False,Normal
batch1-0272.jpg,32762320,12/04/2016,Harris-Thomas,129.6,3,1Pc Wine Glass Holder Beautiful Goblet Storage Cup Draining Rack (Black),1.0,,,,,,False,,False,False,1,0.06889057152290301,False,Normal
batch1-0272.jpg,32762320,12/04/2016,Harris-Thomas,129.6,4,3 Ikea Stainless Steel 4-bottle Wine Rack,300.55,,,,,,False,,False,False,-1,-0.006653489433431803,True,Unusual pattern detected by Isolation Forest
batch1-0273.jpg,43292704,06/20/2015,Ball-King Stewart-Moyer,107680.75,1,72 Inches Marble Dinning Table,2.0,8400.0,16800.0,10.0,18480.0,16800.0,True,18480.0,True,True,-1,-0.18934568429549248,True,Unusual pattern detected by Isolation Forest
batch1-0273.jpg,43292704,06/20/2015,Ball-King Stewart-Moyer,107680.75,2,"12"" White Marble Coffee Table",1.0,295.73,295.73,10.0,325.3,295.73,True,325.30300000000005,True,True,-1,-0.06956397362493483,True,Unusual pattern detected by Isolation Forest
batch1-0273.jpg,43292704,06/20/2015,Ball-King Stewart-Moyer,107680.75,3,"15""x15* White Marble Coffee",1.0,575.99,575.99,10.0,633.59,575.99,True,633.589,True,True,-1,-0.09346665886598049,True,Unusual pattern detected by Isolation Forest
batch1-0273.jpg,43292704,06/20/2015,Ball-King Stewart-Moyer,107680.75,4,7'x4' Pietra Dura Marble Dining,4.0,19506.53,78026.12,10.0,85828.73,78026.12,True,85828.732,True,True,-1,-0.21898144077912607,True,Unusual pattern detected by Isolation Forest
batch1-0273.jpg,43292704,06/20/2015,Ball-King Stewart-Moyer,107680.75,5,25 Inches Black Marble Center,3.0,731.25,2193.75,10.0,2413.13,2193.75,True,2413.125,True,True,-1,-0.10054038670739374,True,Unusual pattern detected by Isolation Forest
batch1-0274.jpg,65123866,11/20/2012,,913.65,1,The Four Agreements: A Practical Guide to Personal Freedom by Don Miguel Ruiz,1.0,,,,,,False,,False,False,1,0.06889057152290301,False,Normal
batch1-0274.jpg,65123866,11/20/2012,,913.65,2,The World of Van Gogh from Time Life Library of Art,4.0,,,,,,False,,False,False,1,0.09500330356536002,False,Normal
batch1-0274.jpg,65123866,11/20/2012,,913.65,3,"Principles of Virology, 2 Volume Set (ASM Books)",5.0,,,,,,False,,False,False,1,0.07862962768810455,False,Normal
batch1-0274.jpg,65123866,11/20/2012,,913.65,4,A boy who grew up eating nightmare It's Okay to Not Be Okay Picturebook QO000000,3.0,,,,,,False,,False,False,1,0.09996470912184524,False,Normal
batch1-0274.jpg,65123866,11/20/2012,,913.65,5,The Vaiue Of Time,5.0,,,,,,False,,False,False,1,0.07862962768810455,False,Normal
batch1-0274.jpg,65123866,11/20/2012,,913.65,6,The Home Stretch,2.0,,,,,,False,,False,False,1,0.08969061827656727,False,Normal
batch1-0275.jpg,27405523,03/24/2018,"Case, Mccarthy and Dean Peterson-Crane",120.62,1,Women Spaghetti Strap,1.0,,,,,,False,,False,False,1,0.06889057152290301,False,Normal
batch1-0275.jpg,27405523,03/24/2018,"Case, Mccarthy and Dean Peterson-Crane",120.62,2,WD NY BLACK & OFF WHITE,2.0,,,,,,False,,False,False,1,0.08969061827656727,False,Normal
batch1-0275.jpg,27405523,03/24/2018,"Case, Mccarthy and Dean Peterson-Crane",120.62,3,db Yellow Link Print Fit and Flare,2.0,,,,,,False,,False,False,1,0.08969061827656727,False,Normal
batch1-0275.jpg,27405523,03/24/2018,"Case, Mccarthy and Dean Peterson-Crane",120.62,4,Banana Republic Maroon,2.0,,,,,,False,,False,False,1,0.08969061827656727,False,Normal
batch1-0275.jpg,27405523,03/24/2018,"Case, Mccarthy and Dean Peterson-Crane",120.62,5,Fashion Sexy Backless,4.0,,,,,,False,,False,False,1,0.09500330356536002,False,Normal
batch1-0275.jpg,27405523,03/24/2018,"Case, Mccarthy and Dean Peterson-Crane",120.62,6,Unbranded Dress Sleeveless,1.0,,,,,,False,,False,False,1,0.06889057152290301,False,Normal
batch1-0276.jpg,25210895,05/14/2019,Lyons Inc,89.06,1,LuLaRoe Nicole Dress Size Large,3.0,,,,,,False,,False,False,1,0.09996470912184524,False,Normal
batch1-0276.jpg,25210895,05/14/2019,Lyons Inc,89.06,2,Escada Long Black Dress SZ 40,1.0,,,,,,False,,False,False,1,0.06889057152290301,False,Normal
batch1-0277.jpg,64994538,03/12/2017,,30210.16,1,Luxurious Pattern Stone Dinning Table Top Marble Conference Table Size 48 Inches,5.0,,,,,,False,,False,False,1,0.07862962768810455,False,Normal
batch1-0277.jpg,64994538,03/12/2017,,30210.16,2,"26""x26”"" Top White Marble Coffee Table Historical Taj Mahal Art Black Friday Gift",1.0,,,,,,False,,False,False,1,0.06889057152290301,False,Normal
batch1-0277.jpg,64994538,03/12/2017,,30210.16,3,5'x2' Marble White Center Table Top With 18° Tall Stand Pauashell Inlay Art Deco,2.0,,,,,,False,,False,False,1,0.08969061827656727,False,Normal
batch1-0279.jpg,37598290,09/04/2016,"Beck, Martin and Jones",3255.91,2,New Sony Playstation 4 Slim 1TB 3 Game Bundle Console. Sealed!!!,3.0,,,,,,False,,False,False,1,0.09996470912184524,False,Normal
batch1-0279.jpg,37598290,09/04/2016,"Beck, Martin and Jones",3255.91,3,Nintendo Wii - Original 8GB Black Home Console,5.0,,,,,,False,,False,False,1,0.07862962768810455,False,Normal
batch1-0279.jpg,37598290,09/04/2016,"Beck, Martin and Jones",3255.91,4,Nintendo 64 console complete in box with extra controller,2.0,,,,,,False,,False,False,1,0.08969061827656727,False,Normal
batch1-0280.jpg,81153047,12/12/2020,"White, Watkins and Barton",203.19,1,Rectangle Area Rug Wood Grain,4.0,184.72,18.47,10.0,144.36,738.88,False,20.317,False,False,-1,-0.03268046859309537,True,Unusual pattern detected by Isolation Forest
batch1-0280.jpg,81153047,12/12/2020,"White, Watkins and Barton",203.19,2,Romantic Rose Flowers Area,4.0,,,,,,False,,False,False,1,0.09500330356536002,False,Normal
batch1-0282.jpg,63028625,2/19/2019,,2298.9,1,Atari console cx 2600 with box and 4 games with boxes,5.0,,,,,,False,,False,False,1,0.07862962768810455,False,Normal
batch1-0282.jpg,63028625,2/19/2019,,2298.9,2,NEC PC Engine INTERFACE UNIT IFU-30 CD ROM Console PI-TGOO1 Tested Japan,4.0,,,,,,False,,False,False,1,0.09500330356536002,False,Normal
batch1-0282.jpg,63028625,2/19/2019,,2298.9,3,Nintendo Wii Console - 2 sets controllers Plus All Cables Included Works Great,5.0,,,,,,False,,False,False,1,0.07862962768810455,False,Normal
batch1-0283.jpg,77980602,05/07/2017,,314.27,1,Beach Lunch Lounge Striped Shirt Dress Large Navy Blue White Long Sleeve Causal,2.0,,,,,,False,,False,False,1,0.08969061827656727,False,Normal
batch1-0283.jpg,77980602,05/07/2017,,314.27,2,Jams World Hawaiian (| Dress Rayon sz.L,3.0,,,,,,False,,False,False,1,0.09996470912184524,False,Normal
batch1-0283.jpg,77980602,05/07/2017,,314.27,3,Talbots Petite 8 Navy & White Dandelion Puffs Sleeveless Oress,3.0,,,,,,False,,False,False,1,0.09996470912184524,False,Normal
batch1-0283.jpg,77980602,05/07/2017,,314.27,4,J Crew A Line Ponte Dress Red Size 0,1.0,,,,,,False,,False,False,1,0.06889057152290301,False,Normal
batch1-0285.jpg,80871648,02/18/2013,Yang-Pierce,200.4,1,Fluffy Rug Carpet Non Slip Soft,2.0,182.18,18.22,10.0,18.9,364.36,False,20.042,False,False,-1,-0.018418055534774935,True,Unusual pattern detected by Isolation Forest
batch1-0285.jpg,80871648,02/18/2013,Yang-Pierce,200.4,2,"Turkish Kayseri Small Kilim Rug,",3.0,,,,,,False,,False,False,1,0.09996470912184524,False,Normal
batch1-0286.jpg,46460686,12/23/2017,"Barnes, Parks and Jenkins",18471.6,1,7x10 Diamond Geometric Rugs,5.0,,,,,,False,,False,False,1,0.07862962768810455,False,Normal
batch1-0286.jpg,46460686,12/23/2017,"Barnes, Parks and Jenkins",18471.6,2,YILONG 4'x6' Traditional,4.0,,,,,,False,,False,False,1,0.09500330356536002,False,Normal
batch1-0286.jpg,46460686,12/23/2017,"Barnes, Parks and Jenkins",18471.6,3,War Horse Series Smail Large,1.0,,,,,,False,,False,False,1,0.06889057152290301,False,Normal
batch1-0286.jpg,46460686,12/23/2017,"Barnes, Parks and Jenkins",18471.6,4,Deluxe Soft Faux Sheepskin,3.0,,,,,,False,,False,False,1,0.09996470912184524,False,Normal
batch1-0286.jpg,46460686,12/23/2017,"Barnes, Parks and Jenkins",18471.6,5,YILONG 1.2x1.7' 300L,3.0,,,,,,False,,False,False,1,0.09996470912184524,False,Normal
batch1-0287.jpg,51335214,03/27/2015,Rivera Group,204.27,3,"Vintage MIKASA Crystal Glass Wine Bottie Stopper Grape Cluster 6"" EUC",5.0,,,,,,False,,False,False,1,0.07862962768810455,False,Normal
batch1-0288.jpg,64855498,08/01/2019,Johnston-Douglas,1.09,1,Lakai Select Skate Shoe - Little Boy’s 11 - Black,1.0,,,,,,False,,False,False,1,0.06889057152290301,False,Normal
batch1-0289.jpg,67973203,09/03/2012,Brown-Russell,350.24,1,Boys Kids Printed Cotton,5.0,,,,,,False,,False,False,1,0.07862962768810455,False,Normal
batch1-0289.jpg,67973203,09/03/2012,Brown-Russell,350.24,2,Tip Top Kids Boys Black Laces,5.0,,,,,,False,,False,False,1,0.07862962768810455,False,Normal
batch1-0290.jpg,55623924,03/13/2015,Johns-Brown,5213.9,3,"Gaming PC Desktop Computer RGB Intel i7 GTX 1650, 16GB RAM, 2TB HDD, 240GB SSD",4.0,,,,,,False,,False,False,1,0.09500330356536002,False,Normal
batch1-0291.jpg,93356118,06/14/2013,Simon-Colon,9645.88,1,Semi Precious Stone Inlay Art,5.0,,,,,,False,,False,False,1,0.07862962768810455,False,Normal
batch1-0291.jpg,93356118,06/14/2013,Simon-Colon,9645.88,2,6 Pack Metal Plated Table Locks,1.0,,,,,,False,,False,False,1,0.06889057152290301,False,Normal
batch1-0292.jpg,63279232,04/24/2017,"Allen, Gibbs and Holmes Jones-Black",328.2,1,Roper Boys' American Patriot,1.0,49.0,49.0,10.0,53.9,49.0,True,53.900000000000006,True,True,1,0.012040954197245213,False,Normal
batch1-0292.jpg,63279232,04/24/2017,"Allen, Gibbs and Holmes Jones-Black",328.2,2,"New KID CUDI “WZRD"" Rap Hip",4.0,22.49,89.96,10.0,98.96,89.96,True,98.956,True,True,1,0.02825781543319683,False,Normal
batch1-0292.jpg,63279232,04/24/2017,"Allen, Gibbs and Holmes Jones-Black",328.2,3,Kid's Boys Hiking Garden,5.0,31.88,159.4,10.0,175.34,159.4,True,175.34000000000003,True,True,-1,-0.0008963310625402787,True,Unusual pattern detected by Isolation Forest
batch1-0293.jpg,36433509,03/29/2021,Gutierrez LLC,12.76,1,boys shoes size 5,,5.8,11.6,10.0,12.76,,False,12.76,True,False,1,0.005067994874570159,False,Normal
batch1-0294.jpg,90853270,03/04/2013,"Underwood, Rowe and Peterson",989.67,1,Dell Desktop Computer]16GB,3.0,,,,,,False,,False,False,1,0.09996470912184524,False,Normal
batch1-0294.jpg,90853270,03/04/2013,"Underwood, Rowe and Peterson",989.67,2,FAST Dell Windows 10 Desktop,3.0,,,,,,False,,False,False,1,0.09996470912184524,False,Normal
batch1-0295.jpg,67103708,01/20/2020,,43.96,1,The Neuroscience of Emotion A,4.0,,,,,,False,,False,False,1,0.09500330356536002,False,Normal
batch1-0296.jpg,76098038,08/20/2012,Kennedy-Odonnell,169.25,1,Leidenfcost Vineyards Stemware Wine Glass,5.0,,,,,,False,,False,False,1,0.07862962768810455,False,Normal
batch1-0296.jpg,76098038,08/20/2012,Kennedy-Odonnell,169.25,2,Wine bottle holder rack,2.0,,,,,,False,,False,False,1,0.08969061827656727,False,Normal
batch1-0296.jpg,76098038,08/20/2012,Kennedy-Odonnell,169.25,3,"BLACK Butterfly Winged Corkscrew WINE BOTTLE OPENER Swing-a-Way 4 Fabulous at 50 wine glass, Out of the Box, 33",1.0,,,,,,False,,False,False,1,0.06889057152290301,False,Normal
batch1-0297.jpg,24206086,05/24/2012,"Hall, Hancock and Holt Weber-Roy",8.8,1,Heroes' Feast (Dungeons &,2.0,4.0,8.0,10.0,8.8,8.0,True,8.8,True,True,1,0.0280516683280172,False,Normal
batch1-0298.jpg,22019496,03/14/2012,Barron-Rodriguez,162.33,1,Collectors Paperweights 86,4.0,,,,,,False,,False,False,1,0.09500330356536002,False,Normal
batch1-0298.jpg,22019496,03/14/2012,Barron-Rodriguez,162.33,2,A History of Christianity Vol. 1 : Beginnings to 1500 by Kenneth S. Latourette,1.0,,,,,,False,,False,False,1,0.06889057152290301,False,Normal
batch1-0298.jpg,22019496,03/14/2012,Barron-Rodriguez,162.33,3,An Hour With Jesus,2.0,,,,,,False,,False,False,1,0.08969061827656727,False,Normal
batch1-0298.jpg,22019496,03/14/2012,Barron-Rodriguez,162.33,4,Dr. Bob and the Good Oldtimers,5.0,,,,,,False,,False,False,1,0.07862962768810455,False,Normal
batch1-0298.jpg,22019496,03/14/2012,Barron-Rodriguez,162.33,5,One Year through the Bibie by David R. Veerman,2.0,,,,,,False,,False,False,1,0.08969061827656727,False,Normal
batch1-0298.jpg,22019496,03/14/2012,Barron-Rodriguez,162.33,6,Theodore Boone: The Activist by John Grisham,4.0,,,,,,False,,False,False,1,0.09500330356536002,False,Normal
batch1-0298.jpg,22019496,03/14/2012,Barron-Rodriguez,162.33,7,Photosynthesis by Rabinowitch,5.0,,,,,,False,,False,False,1,0.07862962768810455,False,Normal
batch1-0299.jpg,31838082,10/19/2013,"Howe, Evans and Velazquez",191.76,1,Skechers Hypno Splash Light Up Shoes Size 4 Medium Big Kid New,3.0,,,,,,False,,False,False,1,0.09996470912184524,False,Normal
batch1-0299.jpg,31838082,10/19/2013,"Howe, Evans and Velazquez",191.76,2,PLAE SAM 2.0 Shoes Sandals Breathable Summer Strap Navy Blue Size 12 Kid,4.0,,,,,,False,,False,False,1,0.09500330356536002,False,Normal
batch1-0299.jpg,31838082,10/19/2013,"Howe, Evans and Velazquez",191.76,3,Boys Kids Printed Cotton Slippers Zip Fastening 350172494,2.0,,,,,,False,,False,False,1,0.08969061827656727,False,Normal
batch1-0300.jpg,76619276,11/16/2011,"Bailey, Adams and Pacheco Morgan Ltd",343.87,1,Vintage Metal Art Sculpture,5.0,25.98,129.9,10.0,142.89,129.9,True,142.89000000000001,True,True,1,0.004995065653908115,False,Normal
batch1-0300.jpg,76619276,11/16/2011,"Bailey, Adams and Pacheco Morgan Ltd",343.87,2,Gold Band Wine Glasses Clear,4.0,1.99,7.96,10.0,8.76,7.96,True,8.756,True,True,1,0.00693087819314403,False,Normal
batch1-0300.jpg,76619276,11/16/2011,"Bailey, Adams and Pacheco Morgan Ltd",343.87,3,Galvanized Metal Wine Caddy,5.0,34.95,174.75,10.0,192.23,174.75,True,192.22500000000002,True,True,-1,-0.003876527765850346,True,Unusual pattern detected by Isolation Forest
batch1-0301.jpg,37066060,05/07/2019,Fisher LLC Nixon Ltd,1759.88,1,Super Nintendo SNES System,2.0,,,,,,False,,False,False,1,0.08969061827656727,False,Normal
batch1-0301.jpg,37066060,05/07/2019,Fisher LLC Nixon Ltd,1759.88,2,Nintendo 64 console complete,4.0,,,,,,False,,False,False,1,0.09500330356536002,False,Normal
batch1-0301.jpg,37066060,05/07/2019,Fisher LLC Nixon Ltd,1759.88,3,HUGE Sony PlayStation 3,1.0,,,,,,False,,False,False,1,0.06889057152290301,False,Normal
batch1-0302.jpg,95434324,10/16/2017,Gross-Aguilar,1026.7,1,Durango Lil' Little Kid Saddle,4.0,68.0,272.0,10.0,299.2,272.0,True,299.20000000000005,True,True,-1,-0.016191211976771647,True,Unusual pattern detected by Isolation Forest
batch1-0302.jpg,95434324,10/16/2017,Gross-Aguilar,1026.7,2,Nike Air Precision High-Top,5.0,4.99,24.95,10.0,27.45,24.950000000000003,True,27.445,True,True,1,0.002327377930136487,False,Normal
batch1-0302.jpg,95434324,10/16/2017,Gross-Aguilar,1026.7,3,Adult Girl Version Hermione,3.0,64.16,192.48,10.0,211.73,192.48,True,211.728,True,True,1,0.0043246079564592255,False,Normal
batch1-0302.jpg,95434324,10/16/2017,Gross-Aguilar,1026.7,4,Joma Youth Boys Gol 205 Piso,2.0,19.99,39.98,10.0,43.98,39.98,True,43.978,True,True,1,0.03651119622011417,False,Normal
batch1-0302.jpg,95434324,10/16/2017,Gross-Aguilar,1026.7,5,Roper Boys' American Patriot,4.0,49.0,196.0,10.0,215.6,196.0,True,215.60000000000002,True,True,1,0.002830446047403068,False,Normal
batch1-0302.jpg,95434324,10/16/2017,Gross-Aguilar,1026.7,6,Timberland Kid's Brown Field,5.0,39.99,199.95,10.0,219.95,199.95000000000002,True,219.945,True,True,-1,-0.013709894093166142,True,Unusual pattern detected by Isolation Forest
batch1-0302.jpg,95434324,10/16/2017,Gross-Aguilar,1026.7,7,Timberland brown slip on shoes,4.0,2.0,8.0,10.0,8.8,8.0,True,8.8,True,True,1,0.00693087819314403,False,Normal
batch1-0303.jpg,94027975,07/22/2014,"Johnson, Williams and Melton",87.96,1,Joma Boys Youth Gol-102,4.0,,,,,,False,,False,False,1,0.09500330356536002,False,Normal
batch1-0304.jpg,73164326,07/13/2012,Larson-Freeman,8377.33,1,Computer Desktop Gaming i5 Ram 16G,2.0,315.0,630.0,10.0,693.0,630.0,True,693.0,True,True,-1,-0.052031641465905,True,Unusual pattern detected by Isolation Forest
batch1-0304.jpg,73164326,07/13/2012,Larson-Freeman,8377.33,2,Dell Desktop Computer Optiplex 790 USFF Core i3 4GB 250GB HD Windows 10 Pro PC,3.0,99.95,299.85,10.0,329.84,299.85,True,329.83500000000004,True,True,-1,-0.01231449824827835,True,Unusual pattern detected by Isolation Forest
batch1-0304.jpg,73164326,07/13/2012,Larson-Freeman,8377.33,3,AMD Custom Built Quad Core Ryzen 5 Gaming PC Computer 8GB DDR4 Vega 11 SSD,5.0,599.99,2999.95,10.0,3299.95,2999.95,True,3299.945,True,True,-1,-0.13033597008963949,True,Unusual pattern detected by Isolation Forest
batch1-0304.jpg,73164326,07/13/2012,Larson-Freeman,8377.33,4,Intel core i7 Geforce GTX1060 Super Game Gamer Master Gaming Desktop Computer PC,5.0,689.99,3449.95,10.0,3794.95,3449.95,True,3794.945,True,True,-1,-0.14197787382599492,True,Unusual pattern detected by Isolation Forest
batch1-0304.jpg,73164326,07/13/2012,Larson-Freeman,8377.33,5,personal computer,4.0,59.0,236.0,10.0,259.6,236.0,True,259.6,True,True,-1,-0.008731663950294566,True,Unusual pattern detected by Isolation Forest
batch1-0305.jpg,14845988,0/25/2017,"Taylor, Chen and Hooper",1656.47,1,"Intel Compute Stick PC (32GB,",5.0,,,,,,False,,False,False,1,0.07862962768810455,False,Normal
batch1-0305.jpg,14845988,0/25/2017,"Taylor, Chen and Hooper",1656.47,2,"HP Computer 8300 Elite USOT,",2.0,,,,,,False,,False,False,1,0.08969061827656727,False,Normal
batch1-0305.jpg,14845988,0/25/2017,"Taylor, Chen and Hooper",1656.47,3,computer,4.0,,,,,,False,,False,False,1,0.09500330356536002,False,Normal
batch1-0305.jpg,14845988,0/25/2017,"Taylor, Chen and Hooper",1656.47,4,Desktop Computer AMD,3.0,,,,,,False,,False,False,1,0.09996470912184524,False,Normal
batch1-0306.jpg,25078556,01/09/2015,Valencia-Pearson,1330.04,1,Ol' Red Wine Glasses Ball Mason Jar Fancy Rednecks Set of 2 New in Box,4.0,,,,,,False,,False,False,1,0.09500330356536002,False,Normal
batch1-0306.jpg,25078556,01/09/2015,Valencia-Pearson,1330.04,2,Stemware Rack Display Kitchen Wine Glass Holder Bottle Carbon Steel Free Punch,4.0,,,,,,False,,False,False,1,0.09500330356536002,False,Normal
batch1-0306.jpg,25078556,01/09/2015,Valencia-Pearson,1330.04,3,Twas The Nightcap Before Christmas Rosy Red Felt Fabric Wine Bottle Cover,1.0,,,,,,False,,False,False,1,0.06889057152290301,False,Normal
batch1-0306.jpg,25078556,01/09/2015,Valencia-Pearson,1330.04,4,Wine Opener Accessories Gift Tools Set with Waiters Corkscrew Opener 5 Piece*,2.0,,,,,,False,,False,False,1,0.08969061827656727,False,Normal
batch1-0306.jpg,25078556,01/09/2015,Valencia-Pearson,1330.04,5,Set Of 2 Etched “ Hers” and “Hers Too” Wine Glasses,1.0,,,,,,False,,False,False,1,0.06889057152290301,False,Normal
batch1-0306.jpg,25078556,01/09/2015,Valencia-Pearson,1330.04,6,Vintage Wine Basket Holder - 3 Bottles,2.0,,,,,,False,,False,False,1,0.08969061827656727,False,Normal
batch1-0306.jpg,25078556,01/09/2015,Valencia-Pearson,1330.04,7,"Selmash Lux Home Alcoho! Distiller Kit for wine brewing, 15 20 301",5.0,,,,,,False,,False,False,1,0.07862962768810455,False,Normal
batch1-0307.jpg,33965841,11/27/2017,Moore-Kelly,228.1,1,The Value Of Time,5.0,,,,,,False,,False,False,1,0.07862962768810455,False,Normal
batch1-0307.jpg,33965841,11/27/2017,Moore-Kelly,228.1,2,Aesop's Fables Aesop Illustrated By A. Rackham Sealed Leather Bound Collectible,2.0,,,,,,False,,False,False,1,0.08969061827656727,False,Normal
batch1-0307.jpg,33965841,11/27/2017,Moore-Kelly,228.1,3,"My Life in and Out of the Rough by John Daly (2006, Hardcover) FREE SHIPPING 4 Beloved by Toni Morrison",5.0,,,,,,False,,False,False,1,0.07862962768810455,False,Normal
batch1-0308.jpg,19579298,02/02/2018,Merritt-Gallagher,23988.86,1,YILONG 4‘x6' Handmade Carpet,5.0,,,,,,False,,False,False,1,0.07862962768810455,False,Normal
batch1-0308.jpg,19579298,02/02/2018,Merritt-Gallagher,23988.86,2,New Golden Brown Oriental Rug,1.0,,,,,,False,,False,False,1,0.06889057152290301,False,Normal
batch1-0308.jpg,19579298,02/02/2018,Merritt-Gallagher,23988.86,3,Garden Flower Carpet Quilted,1.0,,,,,,False,,False,False,1,0.06889057152290301,False,Normal
batch1-0308.jpg,19579298,02/02/2018,Merritt-Gallagher,23988.86,4,Rectangle Faux Fur Sheepskin,2.0,,,,,,False,,False,False,1,0.08969061827656727,False,Normal
batch1-0308.jpg,19579298,02/02/2018,Merritt-Gallagher,23988.86,5,2x3 Blue Colour Carpet Home,2.0,,,,,,False,,False,False,1,0.08969061827656727,False,Normal
batch1-0308.jpg,19579298,02/02/2018,Merritt-Gallagher,23988.86,6,YILONG 3'x4.5' Handknotted,1.0,,,,,,False,,False,False,1,0.06889057152290301,False,Normal
batch1-0309.jpg,38710038,07/27/2013,Ruiz-Foster,5989.26,1,Alarco Gaming PC Desktop,3.0,,,,,,False,,False,False,1,0.09996470912184524,False,Normal
batch1-0309.jpg,38710038,07/27/2013,Ruiz-Foster,5989.26,2,Alarco Gaming PC Desktop,5.0,,,,,,False,,False,False,1,0.07862962768810455,False,Normal
batch1-0309.jpg,38710038,07/27/2013,Ruiz-Foster,5989.26,3,Dell OptiPlex 390 SFF Computer,3.0,,,,,,False,,False,False,1,0.09996470912184524,False,Normal
batch1-0309.jpg,38710038,07/27/2013,Ruiz-Foster,5989.26,4,Dell Optiplex All in One,2.0,,,,,,False,,False,False,1,0.08969061827656727,False,Normal
batch1-0309.jpg,38710038,07/27/2013,Ruiz-Foster,5989.26,5,Dell Optiplex 790 Computer i7,5.0,,,,,,False,,False,False,1,0.07862962768810455,False,Normal
batch1-0309.jpg,38710038,07/27/2013,Ruiz-Foster,5989.26,6,hp all in one desktop computer,1.0,,,,,,False,,False,False,1,0.06889057152290301,False,Normal
batch1-0311.jpg,26889356,07/21/2011,"Mcintyre-Cox Rivera, Santiago and Brown",122.12,1,Stemware Rack Display Kitchen,1.0,,,,,,False,,False,False,1,0.06889057152290301,False,Normal
batch1-0311.jpg,26889356,07/21/2011,"Mcintyre-Cox Rivera, Santiago and Brown",122.12,2,Wine Rack Holder Iron Art,1.0,,,,,,False,,False,False,1,0.06889057152290301,False,Normal
batch1-0311.jpg,26889356,07/21/2011,"Mcintyre-Cox Rivera, Santiago and Brown",122.12,3,Bottle tops lid reusable,5.0,,,,,,False,,False,False,1,0.07862962768810455,False,Normal
batch1-0312.jpg,89959314,09/01/2012,Robinson Group,1740.04,1,Vintage Set of 3 Cobalt Blue,3.0,,,,,,False,,False,False,1,0.09996470912184524,False,Normal
batch1-0312.jpg,89959314,09/01/2012,Robinson Group,1740.04,2,Press Wine 15L Fruit Cider,5.0,,,,,,False,,False,False,1,0.07862962768810455,False,Normal
batch1-0312.jpg,89959314,09/01/2012,Robinson Group,1740.04,3,‘NIB Corkit Wine Cork & Bottle,3.0,,,,,,False,,False,False,1,0.09996470912184524,False,Normal
batch1-0312.jpg,89959314,09/01/2012,Robinson Group,1740.04,4,CYLINDER GLASS PAROT for,2.0,,,,,,False,,False,False,1,0.08969061827656727,False,Normal
batch1-0313.jpg,77658002,01/21/2014,"Mckenzie, Clay and Campos",323.14,1,Divided Black Asymmetrical Dress -size 8 - NWT,1.0,,,,,,False,,False,False,1,0.06889057152290301,False,Normal
batch1-0313.jpg,77658002,01/21/2014,"Mckenzie, Clay and Campos",323.14,2,Eileen Fisher Women’s Long Sleeve Fleece Lined Front Pockets Dress XS Gray,4.0,,,,,,False,,False,False,1,0.09500330356536002,False,Normal
batch1-0313.jpg,77658002,01/21/2014,"Mckenzie, Clay and Campos",323.14,3,db Yellow Link Print Fit and Flare Sleeveless Dress Sz M/L,3.0,,,,,,False,,False,False,1,0.09996470912184524,False,Normal
batch1-0313.jpg,77658002,01/21/2014,"Mckenzie, Clay and Campos",323.14,4,womens Sparkle dress size 2X Holiday Party RED metallic,5.0,,,,,,False,,False,False,1,0.07862962768810455,False,Normal
batch1-0313.jpg,77658002,01/21/2014,"Mckenzie, Clay and Campos",323.14,5,Lands End Womens 3/4 Sleeve Oress Plus 3X Navy Blue Floral Cotton Knit 482038,4.0,,,,,,False,,False,False,1,0.09500330356536002,False,Normal
batch1-0313.jpg,77658002,01/21/2014,"Mckenzie, Clay and Campos",323.14,6,Liza Byrd Dress Sz L- Coral Green Medallion Print Short Sleeve 100% Cotton Line,2.0,,,,,,False,,False,False,1,0.08969061827656727,False,Normal
batch1-0313.jpg,77658002,01/21/2014,"Mckenzie, Clay and Campos",323.14,7,CLIFFORD & WILLS BLACK NET/MESH OVER TAUPE LONG DRESS SIZE 4,1.0,,,,,,False,,False,False,1,0.06889057152290301,False,Normal
batch1-0314.jpg,74427960,04/03/2014,"Butler, Salazar and Davis",880.89,1,Libbey Snowflake Wine Dessert,1.0,,,,,,False,,False,False,1,0.06889057152290301,False,Normal
batch1-0314.jpg,74427960,04/03/2014,"Butler, Salazar and Davis",880.89,2,Moonshine Still 8Gal/30L Water,4.0,,,,,,False,,False,False,1,0.09500330356536002,False,Normal
batch1-0314.jpg,74427960,04/03/2014,"Butler, Salazar and Davis",880.89,3,Air Pressure Pump Wine Opener,4.0,,,,,,False,,False,False,1,0.09500330356536002,False,Normal
batch1-0314.jpg,74427960,04/03/2014,"Butler, Salazar and Davis",880.89,4,Vintner's Reserve Wine Bottle,5.0,,,,,,False,,False,False,1,0.07862962768810455,False,Normal
batch1-0314.jpg,74427960,04/03/2014,"Butler, Salazar and Davis",880.89,5,Lifefactory 17 oz Wine Glass 4,2.0,,,,,,False,,False,False,1,0.08969061827656727,False,Normal
batch1-0316.jpg,20237936,11/08/2020,Santos-Lee,428.9,1,Escada Long Black Dress SZ 40,4.0,,,,,,False,,False,False,1,0.09500330356536002,False,Normal
batch1-0316.jpg,20237936,11/08/2020,Santos-Lee,428.9,2,Liza Byrd Dress $z L- Coral,5.0,,,,,,False,,False,False,1,0.07862962768810455,False,Normal
batch1-0317.jpg,85163803,04/23/2014,Rangel-Edwards,13111.43,1,HP ProDesk G1 Desktop,3.0,,,,,,False,,False,False,1,0.09996470912184524,False,Normal
batch1-0317.jpg,85163803,04/23/2014,Rangel-Edwards,13111.43,2,Sentry Gaming Computer |,1.0,,,,,,False,,False,False,1,0.06889057152290301,False,Normal
batch1-0317.jpg,85163803,04/23/2014,Rangel-Edwards,13111.43,3,10 Core Gaming Computer,1.0,,,,,,False,,False,False,1,0.06889057152290301,False,Normal
batch1-0317.jpg,85163803,04/23/2014,Rangel-Edwards,13111.43,4,Desktop Computer Gaming PC,5.0,,,,,,False,,False,False,1,0.07862962768810455,False,Normal
batch1-0317.jpg,85163803,04/23/2014,Rangel-Edwards,13111.43,5,Coinmine One Intel or AMD with,5.0,,,,,,False,,False,False,1,0.07862962768810455,False,Normal
batch1-0317.jpg,85163803,04/23/2014,Rangel-Edwards,13111.43,6,Gaming PC Desktop Computer,5.0,,,,,,False,,False,False,1,0.07862962768810455,False,Normal
batch1-0317.jpg,85163803,04/23/2014,Rangel-Edwards,13111.43,7,Dell Desktop Computers J,5.0,,,,,,False,,False,False,1,0.07862962768810455,False,Normal
batch1-0318.jpg,60552183,02/01/2020,,39974.41,1,Fashion Home Rectangle Area,2.0,,,,,,False,,False,False,1,0.08969061827656727,False,Normal
batch1-0318.jpg,60552183,02/01/2020,,39974.41,2,Soft Sheepskin Mat Faux Fur,5.0,,,,,,False,,False,False,1,0.07862962768810455,False,Normal
batch1-0318.jpg,60552183,02/01/2020,,39974.41,3,Unicorn Series Small Large Long,3.0,,,,,,False,,False,False,1,0.09996470912184524,False,Normal
batch1-0318.jpg,60552183,02/01/2020,,39974.41,4,YILONG 6'x9' Handmade Silk,3.0,,,,,,False,,False,False,1,0.09996470912184524,False,Normal
batch1-0318.jpg,60552183,02/01/2020,,39974.41,5,120cm*160cm Large Faux,1.0,,,,,,False,,False,False,1,0.06889057152290301,False,Normal
batch1-0318.jpg,60552183,02/01/2020,,39974.41,6,Geometry Hippie Non-slip Area,1.0,,,,,,False,,False,False,1,0.06889057152290301,False,Normal
batch1-0318.jpg,60552183,02/01/2020,,39974.41,7,Valentine's Day Roses Area,2.0,,,,,,False,,False,False,1,0.08969061827656727,False,Normal
batch1-0319.jpg,50840230,04/27/2017,Reyes Ltd,593.2,1,8311 Nintendo 30S console Cosmo Black Japan x,1.0,,,,,,False,,False,False,1,0.06889057152290301,False,Normal
batch1-0319.jpg,50840230,04/27/2017,Reyes Ltd,593.2,2,Sony PlayStation 2 Black Home Console,4.0,,,,,,False,,False,False,1,0.09500330356536002,False,Normal
batch1-0319.jpg,50840230,04/27/2017,Reyes Ltd,593.2,3,Nintendo BLUE Wii System Game Console Complete with 2 Motion Remotes Tested Work Microsoft Xbox 360 Console 49 Game Bundle 250GB Black Sega Saturn HST-3220 white Console from japan,1.0,,,,,,False,,False,False,1,0.06889057152290301,False,Normal
batch1-0320.jpg,12408005,08/08/2019,Gonzales-Hart,186.96,1,Matilda Jane Womans Lets Go,5.0,,,,,,False,,False,False,1,0.07862962768810455,False,Normal
batch1-0320.jpg,12408005,08/08/2019,Gonzales-Hart,186.96,2,Liza Byrd Dress $z L- Coral,4.0,,,,,,False,,False,False,1,0.09500330356536002,False,Normal
batch1-0322.jpg,38086377,04/22/2018,"Hobbs, Chavez and Norman",415.69,1,Fast Dell Optiplex Windows 10,2.0,,,,,,False,,False,False,1,0.08969061827656727,False,Normal
batch1-0322.jpg,38086377,04/22/2018,"Hobbs, Chavez and Norman",415.69,2,Custom Build Dell Desktop,2.0,,,,,,False,,False,False,1,0.08969061827656727,False,Normal
batch1-0323.jpg,24417396,03/02/2012,Anderson-Garcia,3153.58,1,SONY Playstation2 Console,3.0,,,,,,False,,False,False,1,0.09996470912184524,False,Normal
batch1-0323.jpg,24417396,03/02/2012,Anderson-Garcia,3153.58,2,B397 Nintendo DSi console Red,1.0,,,,,,False,,False,False,1,0.06889057152290301,False,Normal
batch1-0323.jpg,24417396,03/02/2012,Anderson-Garcia,3153.58,3,Sega Saturn Console Gray,4.0,,,,,,False,,False,False,1,0.09500330356536002,False,Normal
batch1-0323.jpg,24417396,03/02/2012,Anderson-Garcia,3153.58,4,Nintendo Switch Console Tablet,2.0,,,,,,False,,False,False,1,0.08969061827656727,False,Normal
batch1-0323.jpg,24417396,03/02/2012,Anderson-Garcia,3153.58,5,Pre Order New Sony PlayStation,2.0,,,,,,False,,False,False,1,0.08969061827656727,False,Normal
batch1-0324.jpg,51661013,05/11/2021,Rivas PLC,198.0,1,J.Crew Collection Black & White,5.0,,,,,,False,,False,False,1,0.07862962768810455,False,Normal
batch1-0324.jpg,51661013,05/11/2021,Rivas PLC,198.0,2,WD NY BLACK & OFF WHITE,3.0,,,,,,False,,False,False,1,0.09996470912184524,False,Normal
batch1-0325.jpg,35712927,05/02/2018,,833.12,1,Air Pressure Pump Wine Opener,4.0,,,,,,False,,False,False,1,0.09500330356536002,False,Normal
batch1-0325.jpg,35712927,05/02/2018,,833.12,2,NIB Corkit Wine Cork & Bottle,1.0,,,,,,False,,False,False,1,0.06889057152290301,False,Normal
batch1-0325.jpg,35712927,05/02/2018,,833.12,3,TWO NEW CORK CAGE,5.0,,,,,,False,,False,False,1,0.07862962768810455,False,Normal
batch1-0325.jpg,35712927,05/02/2018,,833.12,4,Vintage Anjou Water,3.0,,,,,,False,,False,False,1,0.09996470912184524,False,Normal
batch1-0325.jpg,35712927,05/02/2018,,833.12,5,3 Gal 12L Moonshine Still,5.0,,,,,,False,,False,False,1,0.07862962768810455,False,Normal
batch1-0325.jpg,35712927,05/02/2018,,833.12,6,Vintage Metal Art Sculpture,2.0,,,,,,False,,False,False,1,0.08969061827656727,False,Normal
batch1-0325.jpg,35712927,05/02/2018,,833.12,7,4 Piece Glass Set Wine,3.0,,,,,,False,,False,False,1,0.09996470912184524,False,Normal
batch1-0326.jpg,26660573,03/08/2014,"Nelson, Norris and Barron",155.98,1,Vintage Crystal Red Wine,4.0,,,,,,False,,False,False,1,0.09500330356536002,False,Normal
batch1-0328.jpg,14165207,02/13/2014,Patel-Park,97.76,1,The Art of Gien Loates,2.0,6.08,12.16,10.0,13.38,12.16,True,13.376000000000001,True,True,1,0.04061957752251072,False,Normal
batch1-0328.jpg,14165207,02/13/2014,Patel-Park,97.76,2,Black Dragon Codex (The Dragon Codices) by R.D. Henham,3.0,4.49,13.47,10.0,14.82,13.47,True,14.817000000000002,True,True,1,0.03322557780898494,False,Normal
batch1-0328.jpg,14165207,02/13/2014,Patel-Park,97.76,3,Quilts of llusion,3.0,5.79,17.37,10.0,19.11,17.37,True,19.107000000000003,True,True,1,0.03090348105770624,False,Normal
batch1-0328.jpg,14165207,02/13/2014,Patel-Park,97.76,4,Walleye wisdom,1.0,4.49,4.49,10.0,4.94,4.49,True,4.939000000000001,True,True,1,0.010823871999727008,False,Normal
batch1-0328.jpg,14165207,02/13/2014,Patel-Park,97.76,5,Fundamentals of Cosmobiology. A Correspondence Study. Eleonora Kimmel (1972) SC,1.0,9.95,9.95,10.0,10.94,9.95,True,10.945,True,True,1,0.025302084390171842,False,Normal
batch1-0328.jpg,14165207,02/13/2014,Patel-Park,97.76,6,Dont Sweat the Small Stuff... and Its All Small Stuff: Simple Ways to Keep,4.0,4.49,17.96,10.0,19.76,17.96,True,19.756000000000004,True,True,1,0.022358066647857555,False,Normal
batch1-0328.jpg,14165207,02/13/2014,Patel-Park,97.76,7,Red Dragon Codex (Deckle Edge) (The Dragon Codices) by R.D. Henham,3.0,4.49,13.47,10.0,14.82,13.47,True,14.817000000000002,True,True,1,0.03322557780898494,False,Normal
batch1-0329.jpg,69117260,08/12/2019,"Robinson, Solis and Smith",46.75,1,Atari Flashback 4 Classic Game Console 75 built in games Space Invaders Asteroid,5.0,8.5,42.5,10.0,46.75,42.5,True,46.75000000000001,True,True,1,0.0004184666237097012,False,Normal
batch1-0330.jpg,53272540,12/16/2015,"Melendez, Clark and Avery Cabrera, Todd and Anderson",389.27,1,Nutcracker Christmas Tales New,5.0,34.99,174.95,10.0,192.45,174.95000000000002,True,192.445,True,True,-1,-0.003876527765850346,True,Unusual pattern detected by Isolation Forest
batch1-0330.jpg,53272540,12/16/2015,"Melendez, Clark and Avery Cabrera, Todd and Anderson",389.27,2,Red Dragon Codex (Deckle,2.0,4.49,8.98,10.0,9.88,8.98,True,9.878000000000002,True,True,1,0.02894938644197592,False,Normal
batch1-0330.jpg,53272540,12/16/2015,"Melendez, Clark and Avery Cabrera, Todd and Anderson",389.27,3,CS Forester’ Hornblower Saga,1.0,169.95,169.95,10.0,186.95,169.95,True,186.945,True,True,-1,-0.04563149232642627,True,Unusual pattern detected by Isolation Forest
batch1-0331.jpg,94138597,02/05/2018,Ochoa-Scott,1773.75,1,NWT J.Crew Silk Wedding Oress,4.0,,,,,,False,,False,False,1,0.09500330356536002,False,Normal
batch1-0331.jpg,94138597,02/05/2018,Ochoa-Scott,1773.75,2,fire los angeles dress Medium,5.0,,,,,,False,,False,False,1,0.07862962768810455,False,Normal
batch1-0333.jpg,74819543,10/07/2020,"Solomon, Ford and Ellis",137.5,1,Crystal Grape Wine Bottle,5.0,,,,,,False,,False,False,1,0.07862962768810455,False,Normal
batch1-0334.jpg,65498230,02/16/2021,Duncan Ltd Edwards-Archer,50.05,1,Garden Flower Carpet Quilted,1.0,45.5,45.5,10.0,50.05,45.5,True,50.050000000000004,True,True,1,0.011226641745517796,False,Normal
batch1-0335.jpg,51467723,04/21/2019,Johnson-Brooks,106498.92,1,"25""x25° Marble Black Top",5.0,,,,,,False,,False,False,1,0.07862962768810455,False,Normal
batch1-0335.jpg,51467723,04/21/2019,Johnson-Brooks,106498.92,2,7'x4' Marble Side Dining,1.0,,,,,,False,,False,False,1,0.06889057152290301,False,Normal
batch1-0335.jpg,51467723,04/21/2019,Johnson-Brooks,106498.92,3,4'x2' Marble Black Center Top,3.0,,,,,,False,,False,False,1,0.09996470912184524,False,Normal
batch1-0335.jpg,51467723,04/21/2019,Johnson-Brooks,106498.92,4,6'x3' White Marble Living Room,4.0,,,,,,False,,False,False,1,0.09500330356536002,False,Normal
batch1-0335.jpg,51467723,04/21/2019,Johnson-Brooks,106498.92,5,6'x3' Black Marble Inlaid Dining,4.0,,,,,,False,,False,False,1,0.09500330356536002,False,Normal
batch1-0335.jpg,51467723,04/21/2019,Johnson-Brooks,106498.92,6,12” Marble Side Coffee Table,1.0,,,,,,False,,False,False,1,0.06889057152290301,False,Normal
batch1-0335.jpg,51467723,04/21/2019,Johnson-Brooks,106498.92,7,"24""x24° White Marble Top",2.0,,,,,,False,,False,False,1,0.08969061827656727,False,Normal
batch1-0336.jpg,97511742,04/07/2016,,4746.42,1,Nintendo Wii New Super Mario,1.0,,,,,,False,,False,False,1,0.06889057152290301,False,Normal
batch1-0336.jpg,97511742,04/07/2016,,4746.42,2,Sony PlayStation 5 Console -,1.0,,,,,,False,,False,False,1,0.06889057152290301,False,Normal
batch1-0336.jpg,97511742,04/07/2016,,4746.42,3,Microsoft Xbox One S 1TB,5.0,,,,,,False,,False,False,1,0.07862962768810455,False,Normal
batch1-0336.jpg,97511742,04/07/2016,,4746.42,4,Nintendo Wii Teal Blue Limited,2.0,,,,,,False,,False,False,1,0.08969061827656727,False,Normal
batch1-0336.jpg,97511742,04/07/2016,,4746.42,5,Sony PlayStation 5 Console -,3.0,,,,,,False,,False,False,1,0.09996470912184524,False,Normal
batch1-0337.jpg,94098997,10/04/2020,"Snyder, Bryan and Booth",15231.45,1,"25""x25"" White Marble Top Counter Table Carnelian Marquetry Art Columbus Day Gift",2.0,,,,,,False,,False,False,1,0.08969061827656727,False,Normal
batch1-0337.jpg,94098997,10/04/2020,"Snyder, Bryan and Booth",15231.45,2,DEALER-RITA Antique rust tree root bark coffe table Georgeous Nakashima,1.0,,,,,,False,,False,False,1,0.06889057152290301,False,Normal
batch1-0337.jpg,94098997,10/04/2020,"Snyder, Bryan and Booth",15231.45,3,4'x2' Marble Black Center Top Tabie Mosaic Gemstone Patio Art Black Friday Gift,1.0,,,,,,False,,False,False,1,0.06889057152290301,False,Normal
batch1-0337.jpg,94098997,10/04/2020,"Snyder, Bryan and Booth",15231.45,4,"12”""x12"" Wild Agate Stone Side Coffee Table Top Handicrafted Kitchen Decors A042",1.0,,,,,,False,,False,False,1,0.06889057152290301,False,Normal
batch1-0337.jpg,94098997,10/04/2020,"Snyder, Bryan and Booth",15231.45,5,"18"" Marble White Top Chess Table Handmade Collectible Black Friday Gift Décor",4.0,,,,,,False,,False,False,1,0.09500330356536002,False,Normal
batch1-0338.jpg,11926242,03/01/2012,Bailey PLC,3674.52,1,Cherry Halter Rockabilly Black Summer Dress Size 3/4,1.0,,,,,,False,,False,False,1,0.06889057152290301,False,Normal
batch1-0338.jpg,11926242,03/01/2012,Bailey PLC,3674.52,2,Cabi 5610 Striped White Blue Launch Maxi Dress Womens $z M,3.0,,,,,,False,,False,False,1,0.09996470912184524,False,Normal
batch1-0338.jpg,11926242,03/01/2012,Bailey PLC,3674.52,3,sandro dress,1.0,,,,,,False,,False,False,1,0.06889057152290301,False,Normal
batch1-0338.jpg,11926242,03/01/2012,Bailey PLC,3674.52,4,O'Neill Black Pink gray green Floral Dress Beach coverup xs 0,2.0,,,,,,False,,False,False,1,0.08969061827656727,False,Normal
batch1-0338.jpg,11926242,03/01/2012,Bailey PLC,3674.52,5,balmain dress 36,2.0,,,,,,False,,False,False,1,0.08969061827656727,False,Normal
batch1-0339.jpg,48531206,08/03/2019,,6146.7,1,Dell Optiplex XE2 SFF Desktop Computer W10 Pro Licensed,3.0,,,,,,False,,False,False,1,0.09996470912184524,False,Normal
batch1-0339.jpg,48531206,08/03/2019,,6146.7,2,"Custom Gaming Desktop PC Computer - Core i5 4690, RX 470, 8GB RAM",3.0,,,,,,False,,False,False,1,0.09996470912184524,False,Normal
batch1-0339.jpg,48531206,08/03/2019,,6146.7,3,Dell Optiplex Windows 10 Pro Desktop Computer PC i5 4th Gen 3.2GHz 8GB 512SSD,3.0,,,,,,False,,False,False,1,0.09996470912184524,False,Normal
batch1-0339.jpg,48531206,08/03/2019,,6146.7,4,Dell Optiplex 9010 PC Computer Intel Core,2.0,,,,,,False,,False,False,1,0.08969061827656727,False,Normal
batch1-0339.jpg,48531206,08/03/2019,,6146.7,5,HP Windows 10 Pro Fast Desktop Computer PC | Intel,3.0,,,,,,False,,False,False,1,0.09996470912184524,False,Normal
batch1-0339.jpg,48531206,08/03/2019,,6146.7,6,"Gaming PC Desktop Computer RGB Intel i7, RTX 2060, 16GB RAM, 240GB SSD, 2TB HDD",3.0,,,,,,False,,False,False,1,0.09996470912184524,False,Normal
batch1-0339.jpg,48531206,08/03/2019,,6146.7,7,hp or Dell Desktop PC Computer Oual Core 4GB RAM DUAL 19° LCDs WiFi Windows 10,3.0,,,,,,False,,False,False,1,0.09996470912184524,False,Normal
batch1-0340.jpg,82977013,12/06/2013,"Daniel-Morrison Snyder, Benton and Reed",269.49,1,Reebok Kids Boys Blue Sneakers,5.0,5.0,25.0,10.0,27.5,25.0,True,27.500000000000004,True,True,1,0.002327377930136487,False,Normal
batch1-0340.jpg,82977013,12/06/2013,"Daniel-Morrison Snyder, Benton and Reed",269.49,2,Kids Jordan 7 Retro $z 2y,3.0,72.0,216.0,10.0,237.6,216.0,True,237.60000000000002,True,True,-1,-0.0008148723025231952,True,Unusual pattern detected by Isolation Forest
batch1-0340.jpg,82977013,12/06/2013,"Daniel-Morrison Snyder, Benton and Reed",269.49,3,Wonder Nation Kids Shoes Size,1.0,3.99,3.99,10.0,4.39,3.99,True,4.389,True,True,1,0.0086944035470215,False,Normal
batch1-0341.jpg,86225018,12/18/2015,Collins Group,5950.69,1,Fast i5 RGB Gaming Desktop PC Computer nVidia Gefore WiFi Fortnite GTAV PUBG IG3,5.0,,,,,,False,,False,False,1,0.07862962768810455,False,Normal
batch1-0341.jpg,86225018,12/18/2015,Collins Group,5950.69,2,"FAST Dell Optiplex Windows 10 Desktop Computer Tower C2D 4GB OVD WiFi 17"" LCD",1.0,,,,,,False,,False,False,1,0.06889057152290301,False,Normal
batch1-0341.jpg,86225018,12/18/2015,Collins Group,5950.69,3,Dell Desktop Computer PC Optiplex 790 Quad Core i5 8GB 480GB SSD Windows 10 Wifi,5.0,,,,,,False,,False,False,1,0.07862962768810455,False,Normal
batch1-0341.jpg,86225018,12/18/2015,Collins Group,5950.69,4,"Dell Gaming PC 17, NVIDIA GTX 1650, SSD + 1TB, 16GB RAM, WIN10, Desktop Computer",3.0,,,,,,False,,False,False,1,0.09996470912184524,False,Normal
batch1-0341.jpg,86225018,12/18/2015,Collins Group,5950.69,5,Dell Optiplex 790 Computer i7 @ 3.40 Ghz Quad Core 250GB 4GB Working,3.0,,,,,,False,,False,False,1,0.09996470912184524,False,Normal
batch1-0342.jpg,79064100,05/25/2018,Love Inc,92.88,1,Rickshaw Decoration Gift Wine,1.0,,,,,,False,,False,False,1,0.06889057152290301,False,Normal
batch1-0342.jpg,79064100,05/25/2018,Love Inc,92.88,2,New without boxes heavy duty,1.0,,,,,,False,,False,False,1,0.06889057152290301,False,Normal
batch1-0343.jpg,69057610,08/20/2013,Williams Group,17529.89,1,Ex+ PlayStation PS Vita console PCH-1000AB04 PCH-1000 Sapphire Blue 4GB 001904,2.0,,,,,,False,,False,False,1,0.08969061827656727,False,Normal
batch1-0343.jpg,69057610,08/20/2013,Williams Group,17529.89,2,"Original Nintendo Gaming Console with Robot, 9 games & extras",4.0,,,,,,False,,False,False,1,0.09500330356536002,False,Normal
batch1-0343.jpg,69057610,08/20/2013,Williams Group,17529.89,3,SEGA Genesis COX game console color black used item with box from japan rare,5.0,,,,,,False,,False,False,1,0.07862962768810455,False,Normal
batch1-0344.jpg,85473134,04/24/2017,Saunders-Lee,889.76,1,The Home Stretch,1.0,,,,,,False,,False,False,1,0.06889057152290301,False,Normal
batch1-0344.jpg,85473134,04/24/2017,Saunders-Lee,889.76,2,Q&A a Day: 5-Year Journal,1.0,,,,,,False,,False,False,1,0.06889057152290301,False,Normal
batch1-0344.jpg,85473134,04/24/2017,Saunders-Lee,889.76,3,Evolutionary Analysis.,1.0,,,,,,False,,False,False,1,0.06889057152290301,False,Normal
batch1-0344.jpg,85473134,04/24/2017,Saunders-Lee,889.76,4,Black Dragon Codex (The,5.0,,,,,,False,,False,False,1,0.07862962768810455,False,Normal
batch1-0344.jpg,85473134,04/24/2017,Saunders-Lee,889.76,5,C S Forester’ Hornblower Saga,4.0,,,,,,False,,False,False,1,0.09500330356536002,False,Normal
batch1-0344.jpg,85473134,04/24/2017,Saunders-Lee,889.76,6,The Complete Idiots Guide to,4.0,,,,,,False,,False,False,1,0.09500330356536002,False,Normal
batch1-0344.jpg,85473134,04/24/2017,Saunders-Lee,889.76,7,Hekate Soteira : A Study of,3.0,,,,,,False,,False,False,1,0.09996470912184524,False,Normal
batch1-0346.jpg,49380136,02/21/2019,"Moran, Harris and Smith Hughes-Raymond",190.62,1,100pcs Heat Shrink Capsules,2.0,5.75,11.5,10.0,12.65,11.5,True,12.65,True,True,1,0.03959392460216982,False,Normal
batch1-0346.jpg,49380136,02/21/2019,"Moran, Harris and Smith Hughes-Raymond",190.62,2,Champagne Glass Holder,5.0,19.99,99.95,10.0,109.94,99.94999999999999,True,109.94500000000001,True,True,1,0.01064504643535319,False,Normal
batch1-0346.jpg,49380136,02/21/2019,"Moran, Harris and Smith Hughes-Raymond",190.62,3,"2 Wine Glasses 80z 7"" inches",3.0,5.0,15.0,10.0,16.5,15.0,True,16.5,True,True,1,0.030686574650966414,False,Normal
batch1-0346.jpg,49380136,02/21/2019,"Moran, Harris and Smith Hughes-Raymond",190.62,4,Wine Opener Accessories Gift,4.0,,,,,,False,,False,False,1,0.09500330356536002,False,Normal
batch1-0347.jpg,89042780,10/16/2015,"Henderson, Brown and Carson Brown, Dodson and Weaver",2099.42,1,27 Inches Black Marble Coffee,1.0,596.25,596.25,10.0,655.87,596.25,True,655.875,True,True,-1,-0.09206310998455014,True,Unusual pattern detected by Isolation Forest
batch1-0347.jpg,89042780,10/16/2015,"Henderson, Brown and Carson Brown, Dodson and Weaver",2099.42,2,"12x12"" Wild Agate Stone Side",5.0,259.77,1298.85,10.0,1428.73,1298.85,True,1428.7350000000001,True,True,-1,-0.0653179474305533,True,Unusual pattern detected by Isolation Forest
batch1-0347.jpg,89042780,10/16/2015,"Henderson, Brown and Carson Brown, Dodson and Weaver",2099.42,3,Hardwood Insect Pinning Block,1.0,13.46,13.46,10.0,14.81,13.46,True,14.806000000000003,True,True,1,0.028326781594397665,False,Normal
batch1-0348.jpg,50956755,09/06/2019,Miller Inc,31954.82,1,Semi Antique Classic Ivory,1.0,,,,,,False,,False,False,1,0.06889057152290301,False,Normal
batch1-0348.jpg,50956755,09/06/2019,Miller Inc,31954.82,2,"YILONG 6'x9"" Handmade Silk",1.0,,,,,,False,,False,False,1,0.06889057152290301,False,Normal
batch1-0348.jpg,50956755,09/06/2019,Miller Inc,31954.82,3,3X5 Ft Cotton Chindi Rug Dining,5.0,,,,,,False,,False,False,1,0.07862962768810455,False,Normal
batch1-0348.jpg,50956755,09/06/2019,Miller Inc,31954.82,4,Double Dorje Carpet Tibetan,1.0,,,,,,False,,False,False,1,0.06889057152290301,False,Normal
batch1-0348.jpg,50956755,09/06/2019,Miller Inc,31954.82,5,YILONG 4'x6' Yellow Handmade,4.0,,,,,,False,,False,False,1,0.09500330356536002,False,Normal
batch1-0348.jpg,50956755,09/06/2019,Miller Inc,31954.82,6,Beige Color Hand Knotted 2’x4',2.0,,,,,,False,,False,False,1,0.08969061827656727,False,Normal
batch1-0348.jpg,50956755,09/06/2019,Miller Inc,31954.82,7,Red Traditional Oriental,3.0,,,,,,False,,False,False,1,0.09996470912184524,False,Normal
batch1-0349.jpg,39571754,07/03/2013,,7645.22,1,3D Modern Printing Flower,4.0,,,,,,False,,False,False,1,0.09500330356536002,False,Normal
batch1-0349.jpg,39571754,07/03/2013,,7645.22,2,Soft Sheepskin Mat Faux Fur,3.0,,,,,,False,,False,False,1,0.09996470912184524,False,Normal
batch1-0349.jpg,39571754,07/03/2013,,7645.22,3,All-Over Modern Gabbeh,1.0,,,,,,False,,False,False,1,0.06889057152290301,False,Normal
batch1-0349.jpg,39571754,07/03/2013,,7645.22,4,Yilong 2.5'x4' Antique,3.0,,,,,,False,,False,False,1,0.09996470912184524,False,Normal
batch1-0349.jpg,39571754,07/03/2013,,7645.22,5,Pittsburgh Steelers Anti-Skid,4.0,,,,,,False,,False,False,1,0.09500330356536002,False,Normal
batch1-0350.jpg,39077025,12/15/2011,Daniel-Benson,3901.63,1,Nintendo Switch Animal Crossing: New Horizon Special Edition Console BRAND NEW,3.0,399.0,1197.0,10.0,1316.7,1197.0,True,1316.7,True,True,-1,-0.06039079296482519,True,Unusual pattern detected by Isolation Forest
batch1-0350.jpg,39077025,12/15/2011,Daniel-Benson,3901.63,2,B408 Nintendo Gameboy Color console Ice Blue Toysrus Limited Japan GBC REAR x,2.0,74.99,149.98,10.0,164.98,149.98,True,164.978,True,True,1,0.007433962385017423,False,Normal
batch1-0350.jpg,39077025,12/15/2011,Daniel-Benson,3901.63,3,Nintendo 64 N64 Console Complete in Box Mint Beautiful! From Japan!,4.0,269.99,1079.96,10.0,1187.96,1079.96,True,1187.9560000000001,True,True,-1,-0.04835744309136181,True,Unusual pattern detected by Isolation Forest
batch1-0350.jpg,39077025,12/15/2011,Daniel-Benson,3901.63,4,PSS5- PlayStation 5 Console Disc Version **Confirmed PREORDER**,1.0,820.0,820.0,10.0,902.0,820.0,True,902.0000000000001,True,True,-1,-0.11728072974932358,True,Unusual pattern detected by Isolation Forest
batch1-0350.jpg,39077025,12/15/2011,Daniel-Benson,3901.63,5,"SONY Playstation2 Console SCPH-39000 "" Aqua Color */ TESTED 11179",5.0,60.0,300.0,10.0,330.0,300.0,True,330.0,True,True,-1,-0.029936317982989014,True,Unusual pattern detected by Isolation Forest
batch1-0351.jpg,77015917,12/21/2017,"Poole-Boyle Ray, Hurst and Cruz",109.94,1,King Arthur And His Knights,5.0,19.99,99.95,10.0,109.94,99.94999999999999,True,109.94500000000001,True,True,1,0.01064504643535319,False,Normal
batch1-0352.jpg,50554106,12/17/2012,,18863.63,1,Yilong 1‘x1.5' 400Lines Area Rug High Density Hand knotted Silk Carpet 221H,4.0,,,,,,False,,False,False,1,0.09500330356536002,False,Normal
batch1-0352.jpg,50554106,12/17/2012,,18863.63,2,Semi Antique Classic Ivory 9'5X12'6 Handmade Living Room Oriental Rug Carpet,1.0,,,,,,False,,False,False,1,0.06889057152290301,False,Normal
batch1-0352.jpg,50554106,12/17/2012,,18863.63,3,Galaxy Butterfly Area Rugs Children Bedroom Non-Slip Doormat Floor Mat Carpet,4.0,,,,,,False,,False,False,1,0.09500330356536002,False,Normal
batch1-0352.jpg,50554106,12/17/2012,,18863.63,4,3X5 Ft Cotton Chindi Rug Dining Room Carpet Floor Mat Handwoven Area Rug Throw,2.0,,,,,,False,,False,False,1,0.08969061827656727,False,Normal
batch1-0352.jpg,50554106,12/17/2012,,18863.63,5,YILONG 5‘x7.5° Handknotted Silk Carpet Whirlwind Home Decor Classic Rug 0807,5.0,,,,,,False,,False,False,1,0.07862962768810455,False,Normal
batch1-0352.jpg,50554106,12/17/2012,,18863.63,6,European Colour Sunflower Pattern Mats Hallway Carpets Doormat Bedroom Area Rugs,4.0,,,,,,False,,False,False,1,0.09500330356536002,False,Normal
batch1-0353.jpg,10819011,02/09/2018,Callahan and Sons,561.7,1,Fila Boys Skele-Toes Bay RNR 3,3.0,,,,,,False,,False,False,1,0.09996470912184524,False,Normal
batch1-0353.jpg,10819011,02/09/2018,Callahan and Sons,561.7,2,NWT adidas Pulseboost HD (Big,4.0,,,,,,False,,False,False,1,0.09500330356536002,False,Normal
batch1-0353.jpg,10819011,02/09/2018,Callahan and Sons,561.7,3,PUMA Boys Youth Universal FG,3.0,,,,,,False,,False,False,1,0.09996470912184524,False,Normal
batch1-0353.jpg,10819011,02/09/2018,Callahan and Sons,561.7,4,Joma Boys Youth Super Copa,4.0,,,,,,False,,False,False,1,0.09500330356536002,False,Normal
batch1-0354.jpg,49929761,2/04/2021,Garcia Ltd,3805.63,1,Lularoe Nicole Dress Size Small,5.0,,,,,,False,,False,False,1,0.07862962768810455,False,Normal
batch1-0354.jpg,49929761,2/04/2021,Garcia Ltd,3805.63,2,Escada Long Black Dress $Z 40,3.0,,,,,,False,,False,False,1,0.09996470912184524,False,Normal
batch1-0354.jpg,49929761,2/04/2021,Garcia Ltd,3805.63,3,Sequence dress Size Small,2.0,,,,,,False,,False,False,1,0.08969061827656727,False,Normal
batch1-0354.jpg,49929761,2/04/2021,Garcia Ltd,3805.63,4,balmain dress 36,2.0,,,,,,False,,False,False,1,0.08969061827656727,False,Normal
batch1-0354.jpg,49929761,2/04/2021,Garcia Ltd,3805.63,5,Max Studio Womens Black,1.0,,,,,,False,,False,False,1,0.06889057152290301,False,Normal
batch1-0354.jpg,49929761,2/04/2021,Garcia Ltd,3805.63,6,KAREN SCOTT 3X ORESS,5.0,,,,,,False,,False,False,1,0.07862962768810455,False,Normal
batch1-0355.jpg,92179921,10/11/2012,"Logan, Deleon and Ayers",266.11,1,Cherokee Boys Grayton Skate Shoes 12 Surf Skate Casual 12K Black Extra Laces 12Y,5.0,,,,,,False,,False,False,1,0.07862962768810455,False,Normal
batch1-0355.jpg,92179921,10/11/2012,"Logan, Deleon and Ayers",266.11,2,Nike ZOOM KD 9 KEVIN DURANT Youth Women's Shoes Sneakers,2.0,,,,,,False,,False,False,1,0.08969061827656727,False,Normal
batch1-0355.jpg,92179921,10/11/2012,"Logan, Deleon and Ayers",266.11,3,Skechers Hypno Splash Light Up Shoes Size 4 Medium Big Kid New,1.0,,,,,,False,,False,False,1,0.06889057152290301,False,Normal
batch1-0355.jpg,92179921,10/11/2012,"Logan, Deleon and Ayers",266.11,4,crewcuts shoes,4.0,,,,,,False,,False,False,1,0.09500330356536002,False,Normal
batch1-0356.jpg,23385207,06/23/2012,"Peterson LLC Williams, Yang and Jackson",264.0,1,SONY Playstation2 Console,4.0,60.0,240.0,10.0,264.0,240.0,True,264.0,True,True,-1,-0.009385109626456889,True,Unusual pattern detected by Isolation Forest
batch1-0357.jpg,19507687,09/19/2018,"Houston-Brooks Moore, Hill and Ford",61189.67,1,Yilong 5'x8' Handknotted Silk,5.0,8000.0,40000.0,10.0,44000.0,40000.0,True,44000.0,True,True,-1,-0.22188539680476715,True,Unusual pattern detected by Isolation Forest
batch1-0357.jpg,19507687,09/19/2018,"Houston-Brooks Moore, Hill and Ford",61189.67,2,Sheepskin Shaggy Faux Fur,3.0,8.99,26.97,10.0,29.67,26.97,True,29.667,True,True,1,0.02806586018807622,False,Normal
batch1-0357.jpg,19507687,09/19/2018,"Houston-Brooks Moore, Hill and Ford",61189.67,3,YILONG 9'x12' Handknotted Silk,2.0,7800.0,15600.0,10.0,17160.0,15600.0,True,17160.0,True,True,-1,-0.19051781407728652,True,Unusual pattern detected by Isolation Forest
batch1-0359.jpg,29534383,05/30/2017,"Cook, Bartlett and Giles",362.27,1,Lilly Pulitzer XS Spike the Punch,1.0,,,,,,False,,False,False,1,0.06889057152290301,False,Normal
batch1-0359.jpg,29534383,05/30/2017,"Cook, Bartlett and Giles",362.27,2,Lilly Pulitzer 8 Sunkissed with,5.0,,,,,,False,,False,False,1,0.07862962768810455,False,Normal
batch1-0360.jpg,58126171,08/14/2015,Mclean Inc,33972.73,1,Multi Color Elephant Design White Dinning Table Top Marble Hall Table 36 Inches,5.0,1751.25,8756.25,10.0,9631.87,8756.25,True,9631.875,True,True,-1,-0.18080433949646246,True,Unusual pattern detected by Isolation Forest
batch1-0360.jpg,58126171,08/14/2015,Mclean Inc,33972.73,2,6'x3' Elegant Marble Black Top Dining Table Italian Inlay Furniture Decor E964B,1.0,5469.38,5469.38,10.0,6016.32,5469.38,True,6016.318,True,True,-1,-0.18414925599939447,True,Unusual pattern detected by Isolation Forest
batch1-0360.jpg,58126171,08/14/2015,Mclean Inc,33972.73,3,5'x2' Marble White Center Table Top With 18° Tall Stand Pauashell Inlay Art Deco,3.0,3888.89,11666.67,10.0,12833.34,11666.67,True,12833.337000000001,True,True,-1,-0.16834454986062208,True,Unusual pattern detected by Isolation Forest
batch1-0360.jpg,58126171,08/14/2015,Mclean Inc,33972.73,4,Semi precious Stone Work Inlaid Dinning Table Top Marble Kitchen Table 42 Inches,2.0,2496.0,4992.0,10.0,5491.2,4992.0,True,5491.200000000001,True,True,-1,-0.16114574061996145,True,Unusual pattern detected by Isolation Forest
batch1-0361.jpg,86575728,11/24/2014,Johnson-Young,997.37,1,Kids Jordan 7 Retro Sz 2y,5.0,,,,,,False,,False,False,1,0.07862962768810455,False,Normal
batch1-0361.jpg,86575728,11/24/2014,Johnson-Young,997.37,2,Joma Boys Youth Gol-102 Soccer Cleats Shoes Size 5.5 White Red Futbol NEW,5.0,,,,,,False,,False,False,1,0.07862962768810455,False,Normal
batch1-0361.jpg,86575728,11/24/2014,Johnson-Young,997.37,3,"INC International Concepts Children Shoes nvyzc7, Black, Size Little Kid 2.5",2.0,,,,,,False,,False,False,1,0.08969061827656727,False,Normal
batch1-0361.jpg,86575728,11/24/2014,Johnson-Young,997.37,4,Boys Slip-On Black Dress Shoes Loafers 3.5 W Wide Width,5.0,,,,,,False,,False,False,1,0.07862962768810455,False,Normal
batch1-0361.jpg,86575728,11/24/2014,Johnson-Young,997.37,5,Star Wars 100% 925 sterling silver BB8 Darth Vader Charm R2-D2 Fiit Pandora Gift Under Armour Kids‘ Grade School Curry 3Zer0 2 Basketball Shoes,1.0,,,,,,False,,False,False,1,0.06889057152290301,False,Normal
batch1-0362.jpg,76628307,05/05/2019,Smith-Torres,3393.4,1,"Original Nintendo Gaming Console with Robot, 9 games & extras",3.0,,,,,,False,,False,False,1,0.09996470912184524,False,Normal
batch1-0362.jpg,76628307,05/05/2019,Smith-Torres,3393.4,2,GameCube Nintendo Orange Console Controller]]2 Soft]? AV Power Cable Memory Card,2.0,,,,,,False,,False,False,1,0.08969061827656727,False,Normal
batch1-0362.jpg,76628307,05/05/2019,Smith-Torres,3393.4,3,New Nintendo 2DS XL Console Biack/Turquoise w/ Mario Kart 7 Preinstalled -JA1141,5.0,,,,,,False,,False,False,1,0.07862962768810455,False,Normal
batch1-0362.jpg,76628307,05/05/2019,Smith-Torres,3393.4,4,Anbernic Retro Games 500 in 1 8 Bit Classic Video Game Console Handheld Player,5.0,,,,,,False,,False,False,1,0.07862962768810455,False,Normal
batch1-0362.jpg,76628307,05/05/2019,Smith-Torres,3393.4,5,Microsoft Xbox One 500GB 1540 Black Game Console TESTED Complete,5.0,,,,,,False,,False,False,1,0.07862962768810455,False,Normal
batch1-0363.jpg,16499996,05/05/2019,Nichols-Powell Ballard-Henry,21.45,1,fire los angeles dress Medium,3.0,6.5,19.5,10.0,21.45,19.5,True,21.450000000000003,True,True,1,0.028832705447826457,False,Normal
batch1-0364.jpg,61113263,02/04/2014,Thomas-Andrade,26329.42,1,6'x3' White Marble Living Room,4.0,,,,,,False,,False,False,1,0.09500330356536002,False,Normal
batch1-0364.jpg,61113263,02/04/2014,Thomas-Andrade,26329.42,2,18” Handmade White Top Chess,3.0,,,,,,False,,False,False,1,0.09996470912184524,False,Normal
batch1-0365.jpg,41887329,11/26/2020,Lee Inc,19084.92,1,Yilong 2.5'x4' Hand Knotted Silk,2.0,,,,,,False,,False,False,1,0.08969061827656727,False,Normal
batch1-0365.jpg,41887329,11/26/2020,Lee Inc,19084.92,2,YILONG 4'x6' Traditional,3.0,,,,,,False,,False,False,1,0.09996470912184524,False,Normal
batch1-0365.jpg,41887329,11/26/2020,Lee Inc,19084.92,3,Moroccan Amazigh Handmade,4.0,,,,,,False,,False,False,1,0.09500330356536002,False,Normal
batch1-0365.jpg,41887329,11/26/2020,Lee Inc,19084.92,4,Fluffy Rug Carpet Non Slip Soft,3.0,,,,,,False,,False,False,1,0.09996470912184524,False,Normal
batch1-0365.jpg,41887329,11/26/2020,Lee Inc,19084.92,5,Color Skull Series Small Large,4.0,,,,,,False,,False,False,1,0.09500330356536002,False,Normal
batch1-0365.jpg,41887329,11/26/2020,Lee Inc,19084.92,6,New Design Rectangular Hand,4.0,,,,,,False,,False,False,1,0.09500330356536002,False,Normal
batch1-0365.jpg,41887329,11/26/2020,Lee Inc,19084.92,7,Double Dorje Carpet Tibetan,3.0,,,,,,False,,False,False,1,0.09996470912184524,False,Normal
batch1-0366.jpg,74583312,05/05/2015,Williams Ltd Gross PLC,697.8,1,Midnight Sun(Twilight) by,1.0,24.99,24.99,10.0,27.49,24.99,True,27.489,True,True,1,0.02429412064278902,False,Normal
batch1-0366.jpg,74583312,05/05/2015,Williams Ltd Gross PLC,697.8,2,Warman's Star Wars Field Guide,4.0,5.77,23.08,10.0,25.39,23.08,True,25.388,True,True,1,0.021452431158210605,False,Normal
batch1-0366.jpg,74583312,05/05/2015,Williams Ltd Gross PLC,697.8,3,Catechism of the Catholic,5.0,4.89,24.45,10.0,26.9,24.45,True,26.895000000000003,True,True,1,0.00199054550940414,False,Normal
batch1-0366.jpg,74583312,05/05/2015,Williams Ltd Gross PLC,697.8,4,Begin the Begin : R.E.M.'s Early,2.0,17.45,34.9,10.0,38.39,34.9,True,38.39,True,True,1,0.035065542175355735,False,Normal
batch1-0366.jpg,74583312,05/05/2015,Williams Ltd Gross PLC,697.8,5,A Million Little Bricks The,3.0,4.49,13.47,10.0,14.82,13.47,True,14.817000000000002,True,True,1,0.03322557780898494,False,Normal
batch1-0366.jpg,74583312,05/05/2015,Williams Ltd Gross PLC,697.8,6,Day Trading Joe Ross New Hard,4.0,125.0,500.0,10.0,550.0,500.0,True,550.0,True,True,-1,-0.028046333844997218,True,Unusual pattern detected by Isolation Forest
batch1-0366.jpg,74583312,05/05/2015,Williams Ltd Gross PLC,697.8,7,Theodore Boone: The Activist by,3.0,4.49,13.47,10.0,14.82,13.47,True,14.817000000000002,True,True,1,0.03322557780898494,False,Normal
batch1-0367.jpg,23995139,05/30/2015,Day and Sons,93439.3,1,7'x4' Buy Marble Dining Table With Black Top Marquetry Inlay Hallway Decor E944,5.0,,,,,,False,,False,False,1,0.07862962768810455,False,Normal
batch1-0367.jpg,23995139,05/30/2015,Day and Sons,93439.3,2,18” White Top Chess Table Handmade Inlaid Mosaic Decorative Art Halloween Gift,5.0,,,,,,False,,False,False,1,0.07862962768810455,False,Normal
batch1-0367.jpg,23995139,05/30/2015,Day and Sons,93439.3,3,27 Inches Carnelian Stone Inlay Marble Coffee Table Top White Patio Sofa Table,5.0,,,,,,False,,False,False,1,0.07862962768810455,False,Normal
batch1-0367.jpg,23995139,05/30/2015,Day and Sons,93439.3,4,16” Marble Coffee Table Top Mother of Peral Peacock Inlay Restaurant Decors W366,2.0,,,,,,False,,False,False,1,0.08969061827656727,False,Normal
batch1-0367.jpg,23995139,05/30/2015,Day and Sons,93439.3,5,"26""x26"" Top White Marbie Coffee Table Historical Taj Mahal Art Black Friday Gift",2.0,,,,,,False,,False,False,1,0.08969061827656727,False,Normal
batch1-0368.jpg,87934175,10/19/2016,Horne-Fields,107.78,1,Youth Kids Boys New Balance,2.0,,,,,,False,,False,False,1,0.08969061827656727,False,Normal
batch1-0368.jpg,87934175,10/19/2016,Horne-Fields,107.78,2,Nike Kids KD Trey 5 / Nike Black,2.0,,,,,,False,,False,False,1,0.08969061827656727,False,Normal
batch1-0369.jpg,64809205,08/18/2014,Miller Inc,716.27,1,WO NY BLACK & OFF WHITE ORESS SIZE 8 Button Front,5.0,,,,,,False,,False,False,1,0.07862962768810455,False,Normal
batch1-0369.jpg,64809205,08/18/2014,Miller Inc,716.27,2,Eileen Fisher Women’s Long Sleeve Fleece Lined Front Pockets Dress XS Gray,1.0,,,,,,False,,False,False,1,0.06889057152290301,False,Normal
batch1-0369.jpg,64809205,08/18/2014,Miller Inc,716.27,3,Women's Almatrichi Madrid Dress Chevron Boho Ethnic Exotic Tribal Size 42 L Vintage AGB Black Velvet Maxi Dress L Mandarin Collar NEW NWT OPEN BACK XHILERATION PLUM LACY DRESS WOMENS SIZE MEDIUM 10/12 Ruby Rox Size 5 Black Strapless Evening Party Dress,4.0,,,,,,False,,False,False,1,0.09500330356536002,False,Normal
batch1-0370.jpg,11637316,03/21/2015,"Thornton, Franklin and Hamilton",4140.06,1,Custom Build Dell Desktop Computer i5 | 16GB | 1TB SSD | HDMI Windows 10 PC WiFi,1.0,99.0,99.0,10.0,108.9,99.0,True,108.9,True,True,-1,-0.018227018803893547,True,Unusual pattern detected by Isolation Forest
batch1-0370.jpg,11637316,03/21/2015,"Thornton, Franklin and Hamilton",4140.06,2,HP 8300 Slim Desktop Small Computer PC i5 3.2GHz 4GB 500GB Windows 10 Pro WiFi,1.0,99.99,99.99,10.0,109.99,99.99,True,109.989,True,True,-1,-0.018561621951900253,True,Unusual pattern detected by Isolation Forest
batch1-0370.jpg,11637316,03/21/2015,"Thornton, Franklin and Hamilton",4140.06,3,GAMING PC Desktop Computer RGB BUNDLE Intel CORE i7 16GB RAM Nvidia GTX 1650 1TB,5.0,569.99,2849.95,10.0,3134.95,2849.95,True,3134.945,True,True,-1,-0.12566214042992407,True,Unusual pattern detected by Isolation Forest
batch1-0370.jpg,11637316,03/21/2015,"Thornton, Franklin and Hamilton",4140.06,4,HP Compaq 6200 Pro SFF Desktop Computer Pentium Windows 10 System 500GB 1TB,5.0,113.96,569.8,10.0,626.78,569.8,True,626.78,True,True,-1,-0.0534860418368025,True,Unusual pattern detected by Isolation Forest
batch1-0370.jpg,11637316,03/21/2015,"Thornton, Franklin and Hamilton",4140.06,5,"Dell Desktop PC Computer Core 2 Duo CPU 500GB 4GB Dual 19"" LCD Wifi Windows 10",1.0,144.95,144.95,10.0,159.44,144.95,True,159.445,True,True,-1,-0.04377645043774403,True,Unusual pattern detected by Isolation Forest
batch1-0371.jpg,39652805,03/20/2020,Lewis and Sons,329.99,1,computer,1.0,,,,,,False,,False,False,1,0.06889057152290301,False,Normal
batch1-0373.jpg,99454334,07/08/2017,Jones-Silva,105.6,1,9.5 Inch Dinosaur Bones Wine Bottle Holder,4.0,,,,,,False,,False,False,1,0.09500330356536002,False,Normal
batch1-0374.jpg,87873157,05/09/2017,Kirby Group,6.6,1,New Never Used CROFTON CHEFS COLLECTION WINE COOLING STICK IN PACKAGE,2.0,,,,,,False,,False,False,1,0.08969061827656727,False,Normal
batch1-0375.jpg,23897213,07/14/2019,"Moore, Thomas and Crosby",277.89,1,Gourmet s Old Vienna Cookbook A Viennese Memoir,2.0,,,,,,False,,False,False,1,0.08969061827656727,False,Normal
batch1-0375.jpg,23897213,07/14/2019,"Moore, Thomas and Crosby",277.89,2,Introduction to Themati Cartography ic,5.0,,,,,,False,,False,False,1,0.07862962768810455,False,Normal
batch1-0375.jpg,23897213,07/14/2019,"Moore, Thomas and Crosby",277.89,3,Titans of the Rising Sun - Yamato Class Battleships of World War Il Book,1.0,,,,,,False,,False,False,1,0.06889057152290301,False,Normal
batch1-0375.jpg,23897213,07/14/2019,"Moore, Thomas and Crosby",277.89,4,Rage By Bob Woodward - Donald Trump NEW HARDCOVER Sept 2020,2.0,,,,,,False,,False,False,1,0.08969061827656727,False,Normal
batch1-0375.jpg,23897213,07/14/2019,"Moore, Thomas and Crosby",277.89,5,The Epic of Gilgamesh,4.0,,,,,,False,,False,False,1,0.09500330356536002,False,Normal
batch1-0375.jpg,23897213,07/14/2019,"Moore, Thomas and Crosby",277.89,6,HIROSHIGE One Hundred Famous views of Edo by Taschen NEW HARDCOVER,3.0,,,,,,False,,False,False,1,0.09996470912184524,False,Normal
batch1-0375.jpg,23897213,07/14/2019,"Moore, Thomas and Crosby",277.89,7,All American History Vo! Student Reader,4.0,,,,,,False,,False,False,1,0.09500330356536002,False,Normal
batch1-0376.jpg,60518602,08/30/2016,Ross Group Leblanc and Sons,2568.45,1,Sony PlayStation 1 PS1 Console,1.0,14.99,14.99,10.0,16.49,14.99,True,16.489,True,True,1,0.027747613269903604,False,Normal
batch1-0376.jpg,60518602,08/30/2016,Ross Group Leblanc and Sons,2568.45,2,Sony SCPH-30001R PlayStation,4.0,79.99,319.96,10.0,351.96,319.96,True,351.956,True,True,-1,-0.013626462960631969,True,Unusual pattern detected by Isolation Forest
batch1-0376.jpg,60518602,08/30/2016,Ross Group Leblanc and Sons,2568.45,3,Nintendo Wii U 32GB Black,5.0,400.0,2000.0,10.0,2200.0,2000.0,True,2200.0,True,True,-1,-0.09686354457904212,True,Unusual pattern detected by Isolation Forest
batch1-0377.jpg,35259356,01/20/2018,Wilkins Ltd,692.78,1,Sequence dress Size Smail,5.0,,,,,,False,,False,False,1,0.07862962768810455,False,Normal
batch1-0377.jpg,35259356,01/20/2018,Wilkins Ltd,692.78,2,Lilly Pulitzer 8 Sunkissed with Glow Janice Shift Dress,1.0,,,,,,False,,False,False,1,0.06889057152290301,False,Normal
batch1-0377.jpg,35259356,01/20/2018,Wilkins Ltd,692.78,3,Jams World Hawaiian J Oress Rayon sz.L,5.0,,,,,,False,,False,False,1,0.07862962768810455,False,Normal
batch1-0377.jpg,35259356,01/20/2018,Wilkins Ltd,692.78,4,Forever 21 Blue A-Line Dress SIZE MEDIUM,1.0,,,,,,False,,False,False,1,0.06889057152290301,False,Normal
batch1-0377.jpg,35259356,01/20/2018,Wilkins Ltd,692.78,5,LuLaRoe Nicole Dress Size Medium 11,5.0,,,,,,False,,False,False,1,0.07862962768810455,False,Normal
batch1-0377.jpg,35259356,01/20/2018,Wilkins Ltd,692.78,6,MARC JACOBS IVORY COTTON SHORT SLEEVE BEIGE SILK OVERLAY DRESS SMALL,3.0,,,,,,False,,False,False,1,0.09996470912184524,False,Normal
batch1-0378.jpg,74263194,03/28/2020,Duran Group,131.92,1,FABULOUS Nike Boy's Kyrie 3,2.0,29.99,59.98,10.0,65.98,59.98,True,65.97800000000001,True,True,1,0.03365630737266617,False,Normal
batch1-0378.jpg,74263194,03/28/2020,Duran Group,131.92,2,Oomphies Boys Ankle Boots,5.0,11.99,59.95,10.0,65.95,59.95,True,65.94500000000001,True,True,1,0.008017232174818534,False,Normal
batch1-0379.jpg,59051048,12/12/2015,"Howell, Underwood and Davis",294.27,1,Vintage Gothic Lolita Dress Women Loose Puff Sieeve Pure Color Princess Dresses,2.0,,,,,,False,,False,False,1,0.08969061827656727,False,Normal
batch1-0379.jpg,59051048,12/12/2015,"Howell, Underwood and Davis",294.27,2,StellaLuxe One Shoulder Lace Dress,3.0,,,,,,False,,False,False,1,0.09996470912184524,False,Normal
batch1-0379.jpg,59051048,12/12/2015,"Howell, Underwood and Davis",294.27,3,S.L. Fashions Size 16 Stretch Bodice Dress,2.0,,,,,,False,,False,False,1,0.08969061827656727,False,Normal
batch1-0379.jpg,59051048,12/12/2015,"Howell, Underwood and Davis",294.27,4,Old Navy Womens Sleeveless Rayon Dress Hawaiian Floral Print Size XS,3.0,,,,,,False,,False,False,1,0.09996470912184524,False,Normal
batch1-0379.jpg,59051048,12/12/2015,"Howell, Underwood and Davis",294.27,5,Athleta Corai Paisley Print Stretch Ruching Wrap Athletic Dress Size L,2.0,,,,,,False,,False,False,1,0.08969061827656727,False,Normal
batch1-0380.jpg,13310164,01/16/2020,Montgomery LLC,18749.5,1,"15""x15"" White Marble Coffee Top Table Filigree Lapis Inlay Art Christmas Gift",5.0,,,,,,False,,False,False,1,0.07862962768810455,False,Normal
batch1-0380.jpg,13310164,01/16/2020,Montgomery LLC,18749.5,2,"30”""x30” Marble Black Top Table Semi Precious Bird Art Black Friday Gift Décor",5.0,,,,,,False,,False,False,1,0.07862962768810455,False,Normal
batch1-0380.jpg,13310164,01/16/2020,Montgomery LLC,18749.5,3,"15""x15* White Marble Chess Top Table Carnelian Inlay Art Black Friday Gift Deco",3.0,,,,,,False,,False,False,1,0.09996470912184524,False,Normal
batch1-0381.jpg,76272465,1/06/2017,Williams PLC,665.49,1,DESIGNER MICHAEL KORS,4.0,,,,,,False,,False,False,1,0.09500330356536002,False,Normal
batch1-0381.jpg,76272465,1/06/2017,Williams PLC,665.49,2,Forever 21 Blue A-Line Dress,1.0,,,,,,False,,False,False,1,0.06889057152290301,False,Normal
batch1-0381.jpg,76272465,1/06/2017,Williams PLC,665.49,3,J crew mercantile Knitted Tweed,5.0,,,,,,False,,False,False,1,0.07862962768810455,False,Normal
batch1-0381.jpg,76272465,1/06/2017,Williams PLC,665.49,4,Burent Orange Long Dress With,4.0,,,,,,False,,False,False,1,0.09500330356536002,False,Normal
batch1-0382.jpg,38680884,12/22/2015,"Barnes, Roberts and Hayes Taylor, Padilla and Carson",112.13,1,Nike Air Jordan 1 Mid Obsidian,2.0,24.99,49.98,10.0,54.98,49.98,True,54.978,True,True,1,0.033346378208555516,False,Normal
batch1-0382.jpg,38680884,12/22/2015,"Barnes, Roberts and Hayes Taylor, Padilla and Carson",112.13,2,All Mattel Disney Pixar Model,4.0,,,,,,False,,False,False,1,0.09500330356536002,False,Normal
batch1-0383.jpg,23908850,04/08/2016,"Galloway, Silva and Nelson",304.92,1,Nike Boys Shorts Size 5,4.0,,,,,,False,,False,False,1,0.09500330356536002,False,Normal
batch1-0383.jpg,23908850,04/08/2016,"Galloway, Silva and Nelson",304.92,2,kid shoes soccer,1.0,,,,,,False,,False,False,1,0.06889057152290301,False,Normal
batch1-0383.jpg,23908850,04/08/2016,"Galloway, Silva and Nelson",304.92,3,Joma Youth Boys Gol 205 Piso,1.0,,,,,,False,,False,False,1,0.06889057152290301,False,Normal
batch1-0383.jpg,23908850,04/08/2016,"Galloway, Silva and Nelson",304.92,4,Jordan Hydro 2 (TD)-Child Size,3.0,,,,,,False,,False,False,1,0.09996470912184524,False,Normal
batch1-0383.jpg,23908850,04/08/2016,"Galloway, Silva and Nelson",304.92,5,Jordan 10 Retro Fusion Red Size,3.0,,,,,,False,,False,False,1,0.09996470912184524,False,Normal
batch1-0384.jpg,20295549,1/20/2011,Williams-Morris,7237.02,1,Dell Optiplex SFF Desktop,4.0,89.99,359.96,10.0,395.96,359.96,True,395.956,True,True,-1,-0.014052674922933384,True,Unusual pattern detected by Isolation Forest
batch1-0384.jpg,20295549,1/20/2011,Williams-Morris,7237.02,2,Lenovo C20-00...all in one,5.0,277.64,1388.2,10.0,1527.02,1388.1999999999998,True,1527.0200000000002,True,True,-1,-0.0645669339184074,True,Unusual pattern detected by Isolation Forest
batch1-0384.jpg,20295549,1/20/2011,Williams-Morris,7237.02,3,Fast Dell Optiplex Desktop PC,2.0,217.0,434.0,10.0,477.4,434.0,True,477.40000000000003,True,True,-1,-0.038623416693802426,True,Unusual pattern detected by Isolation Forest
batch1-0384.jpg,20295549,1/20/2011,Williams-Morris,7237.02,4,Fast Dell Optiplex Windows 10,1.0,89.95,89.95,10.0,98.95,89.95,True,98.94500000000001,True,True,-1,-0.00767051889166015,True,Unusual pattern detected by Isolation Forest
batch1-0384.jpg,20295549,1/20/2011,Williams-Morris,7237.02,5,W5 Pro Mini Pocket PC Windows,3.0,119.0,357.0,10.0,392.7,357.0,True,392.70000000000005,True,True,-1,-0.0158672873008312,True,Unusual pattern detected by Isolation Forest
batch1-0384.jpg,20295549,1/20/2011,Williams-Morris,7237.02,6,Fast i? RGB Gaming Desktop PC,5.0,790.0,3950.0,10.0,4345.0,3950.0,True,4345.0,True,True,-1,-0.1529290666677644,True,Unusual pattern detected by Isolation Forest
batch1-0385.jpg,45141161,1/18/2011,Webster-Pierce,5255.87,1,"24"" Sale Online Coffee Top",2.0,,,,,,False,,False,False,1,0.08969061827656727,False,Normal
batch1-0385.jpg,45141161,1/18/2011,Webster-Pierce,5255.87,2,18” Black Marble Coffee Table,4.0,,,,,,False,,False,False,1,0.09500330356536002,False,Normal
batch1-0385.jpg,45141161,1/18/2011,Webster-Pierce,5255.87,3,Used t shirt Blue,5.0,,,,,,False,,False,False,1,0.07862962768810455,False,Normal
batch1-0385.jpg,45141161,1/18/2011,Webster-Pierce,5255.87,4,12” White Marble Coffee Table,2.0,,,,,,False,,False,False,1,0.08969061827656727,False,Normal
batch1-0386.jpg,42910151,04/05/2013,"Terry, Mccarthy and Clark",40507.41,1,36 Inches Marble Dinning Table,5.0,,,,,,False,,False,False,1,0.07862962768810455,False,Normal
batch1-0386.jpg,42910151,04/05/2013,"Terry, Mccarthy and Clark",40507.41,2,54 Inches Marble Dinning Table,4.0,,,,,,False,,False,False,1,0.09500330356536002,False,Normal
batch1-0386.jpg,42910151,04/05/2013,"Terry, Mccarthy and Clark",40507.41,3,36 Inches Marble Meeting Table,5.0,,,,,,False,,False,False,1,0.07862962768810455,False,Normal
batch1-0386.jpg,42910151,04/05/2013,"Terry, Mccarthy and Clark",40507.41,4,16” Marble Coffee Table Top,2.0,,,,,,False,,False,False,1,0.08969061827656727,False,Normal
batch1-0386.jpg,42910151,04/05/2013,"Terry, Mccarthy and Clark",40507.41,5,SOFA SET,5.0,,,,,,False,,False,False,1,0.07862962768810455,False,Normal
batch1-0386.jpg,42910151,04/05/2013,"Terry, Mccarthy and Clark",40507.41,6,"18""x18"" Marble White Top",2.0,,,,,,False,,False,False,1,0.08969061827656727,False,Normal
batch1-0387.jpg,11640046,1/06/2014,Atkinson-Woods,8487.82,1,Dell Desktop Computer intel,1.0,,,,,,False,,False,False,1,0.06889057152290301,False,Normal
batch1-0387.jpg,11640046,1/06/2014,Atkinson-Woods,8487.82,2,Custom Gaming Desktop PC,4.0,,,,,,False,,False,False,1,0.09500330356536002,False,Normal
batch1-0387.jpg,11640046,1/06/2014,Atkinson-Woods,8487.82,3,Fast i7 RGB Gaming Desktop PC,3.0,,,,,,False,,False,False,1,0.09996470912184524,False,Normal
batch1-0387.jpg,11640046,1/06/2014,Atkinson-Woods,8487.82,4,custom gaming computer,3.0,,,,,,False,,False,False,1,0.09996470912184524,False,Normal
batch1-0387.jpg,11640046,1/06/2014,Atkinson-Woods,8487.82,5,Desktop Computer Gaming PC,4.0,,,,,,False,,False,False,1,0.09500330356536002,False,Normal
batch1-0388.jpg,57600191,03/17/2017,"Mckenzie, Johnson and Rich",2454.03,1,New Nintendo Switch 32GB Console - AW1134,3.0,,,,,,False,,False,False,1,0.09996470912184524,False,Normal
batch1-0388.jpg,57600191,03/17/2017,"Mckenzie, Johnson and Rich",2454.03,2,sega cdx console with original power supply (laser info-read description),4.0,,,,,,False,,False,False,1,0.09500330356536002,False,Normal
batch1-0388.jpg,57600191,03/17/2017,"Mckenzie, Johnson and Rich",2454.03,3,Nintendo Gameboy Pocket Console Clear Purple with Box MGB-001 Japan Tested 53,3.0,,,,,,False,,False,False,1,0.09996470912184524,False,Normal
batch1-0388.jpg,57600191,03/17/2017,"Mckenzie, Johnson and Rich",2454.03,4,Nintendo Wii Console - 2 sets controllers Plus All Cables Included Works Great,3.0,,,,,,False,,False,False,1,0.09996470912184524,False,Normal
batch1-0389.jpg,69652053,11/19/2014,"Sanders, Reed and Olson",15096.06,1,"16""x16"" White Coffee Top Table",3.0,,,,,,False,,False,False,1,0.09996470912184524,False,Normal
batch1-0389.jpg,69652053,11/19/2014,"Sanders, Reed and Olson",15096.06,2,6’x3' Black Marble Dining,2.0,,,,,,False,,False,False,1,0.08969061827656727,False,Normal
batch1-0390.jpg,59119338,04/11/2017,Green-Wright,502.74,1,Timberland Women's/junior's Premium 6° Navy Waterproof Boots 3793A,2.0,,,,,,False,,False,False,1,0.08969061827656727,False,Normal
batch1-0390.jpg,59119338,04/11/2017,Green-Wright,502.74,2,Roper Boys’ American Patriot Boot Square Toe Sz 4 Big Kids Flag Red White Biue,2.0,,,,,,False,,False,False,1,0.08969061827656727,False,Normal
batch1-0390.jpg,59119338,04/11/2017,Green-Wright,502.74,3,boys bogs waterproof boots youth size 3,3.0,,,,,,False,,False,False,1,0.09996470912184524,False,Normal
batch1-0390.jpg,59119338,04/11/2017,Green-Wright,502.74,4,Stacy Adams 43373-221 Kids 2M Classic Cognac Oxford,1.0,,,,,,False,,False,False,1,0.06889057152290301,False,Normal
batch1-0390.jpg,59119338,04/11/2017,Green-Wright,502.74,5,FLORSHEIM KIDS BOYS Sz 5 BLACK REVEAL OXFORD DRESS SHOES,5.0,,,,,,False,,False,False,1,0.07862962768810455,False,Normal
batch1-0390.jpg,59119338,04/11/2017,Green-Wright,502.74,6,adidas Youth Boys Soccer Cleats 4.5 FS TRX FG J Vivid Yellow Black NEW G65429,1.0,,,,,,False,,False,False,1,0.06889057152290301,False,Normal
batch1-0391.jpg,84423800,10/11/2019,"Reyes, Fox and Martinez Morgan Ltd",1026.71,1,PUMA RS DREAMER SUPER,2.0,,,,,,False,,False,False,1,0.08969061827656727,False,Normal
batch1-0391.jpg,84423800,10/11/2019,"Reyes, Fox and Martinez Morgan Ltd",1026.71,2,kid shoes,4.0,,,,,,False,,False,False,1,0.09500330356536002,False,Normal
batch1-0391.jpg,84423800,10/11/2019,"Reyes, Fox and Martinez Morgan Ltd",1026.71,3,Newborn Infant Baby Girl Boy,5.0,,,,,,False,,False,False,1,0.07862962768810455,False,Normal
batch1-0391.jpg,84423800,10/11/2019,"Reyes, Fox and Martinez Morgan Ltd",1026.71,4,5 YOUTH Boys Big Kids Nike,3.0,,,,,,False,,False,False,1,0.09996470912184524,False,Normal
batch1-0392.jpg,97830664,09/04/2015,Bell LLC,12543.64,1,War Horse Series Smail Large Long Floor Carpet Area Rugs Various Size Soft Rug,2.0,,,,,,False,,False,False,1,0.08969061827656727,False,Normal
batch1-0392.jpg,97830664,09/04/2015,Bell LLC,12543.64,2,YILONG 5'x7.5' Handknotted Silk Carpet Whirlwind Home Decor Classic Rug 0807,4.0,,,,,,False,,False,False,1,0.09500330356536002,False,Normal
batch1-0392.jpg,97830664,09/04/2015,Bell LLC,12543.64,3,Sheepskin Shaggy Faux Fur Silky Plush Soft Fabric Rectangular Rug Doormat Carpet,5.0,,,,,,False,,False,False,1,0.07862962768810455,False,Normal
batch1-0392.jpg,97830664,09/04/2015,Bell LLC,12543.64,4,Bohemian Rag Rug- Woven Chindi Dari Living Room Rug / Hand-Woven Carpet Rug-Mats Leopard Printed Rug Skin Mat Leather Faux Fur Animals Area Rugs Home Carpets,2.0,,,,,,False,,False,False,1,0.08969061827656727,False,Normal
batch1-0393.jpg,69614664,11/28/2011,Compton and Sons,19.69,1,BLACK Butterfly Winged,2.0,,,,,,False,,False,False,1,0.08969061827656727,False,Normal
batch1-0394.jpg,76880869,08/13/2018,,5101.65,1,Pre SEGA TOYS Game Console,5.0,189.0,945.0,10.0,1039.5,945.0,True,1039.5,True,True,-1,-0.07420198028204295,True,Unusual pattern detected by Isolation Forest
batch1-0394.jpg,76880869,08/13/2018,,5101.65,2,Xbox One X 1TB 4K Black Video,5.0,419.99,2099.95,10.0,2309.95,2099.95,True,2309.945,True,True,-1,-0.10082885290002086,True,Unusual pattern detected by Isolation Forest
batch1-0394.jpg,76880869,08/13/2018,,5101.65,3,Nintendo Wii White Console,2.0,99.99,199.98,10.0,219.98,199.98,True,219.978,True,True,-1,-0.011437251894672484,True,Unusual pattern detected by Isolation Forest
batch1-0394.jpg,76880869,08/13/2018,,5101.65,4,Nintendo N64 Atomic Purple,3.0,51.0,153.0,10.0,168.3,153.0,True,168.3,True,True,1,0.006833108404804056,False,Normal
batch1-0394.jpg,76880869,08/13/2018,,5101.65,5,Nintendo 64 N64 Console Black,5.0,49.99,249.95,10.0,274.95,249.95000000000002,True,274.945,True,True,-1,-0.025310508800785336,True,Unusual pattern detected by Isolation Forest
batch1-0394.jpg,76880869,08/13/2018,,5101.65,6,Nintendo Switch Lite Console -,3.0,310.0,930.0,10.0,1023.0,930.0,True,1023.0000000000001,True,True,-1,-0.0489942742991295,True,Unusual pattern detected by Isolation Forest
batch1-0394.jpg,76880869,08/13/2018,,5101.65,7,"8GB 4.3"" Retro Handheld Game",2.0,29.99,59.98,10.0,65.98,59.98,True,65.97800000000001,True,True,1,0.03365630737266617,False,Normal
batch1-0396.jpg,39489564,06/20/2015,Sparks-Garcia Martin PLC,337.45,1,Skechers Hypno Splash Light Up,3.0,24.99,74.97,10.0,82.47,74.97,True,82.467,True,True,1,0.031939142628841455,False,Normal
batch1-0396.jpg,39489564,06/20/2015,Sparks-Garcia Martin PLC,337.45,2,Kid's Boys Hiking Garden,1.0,31.88,31.88,10.0,35.07,31.88,True,35.068000000000005,True,True,1,0.012874580051126905,False,Normal
batch1-0396.jpg,39489564,06/20/2015,Sparks-Garcia Martin PLC,337.45,3,Joma Youth Boys Gol 205 Piso,3.0,19.99,59.97,10.0,65.97,59.97,True,65.967,True,True,1,0.03628216713640553,False,Normal
batch1-0396.jpg,39489564,06/20/2015,Sparks-Garcia Martin PLC,337.45,4,Saucony Boys’ Ride ISO,5.0,27.99,139.95,10.0,153.94,139.95,True,153.945,True,True,1,0.004995065653908115,False,Normal
batch1-0397.jpg,35963820,07/22/2020,Cook and Sons,159.45,1,A History of Christianity Vol. 1 : Beginnings to 1500 by Kenneth S. Latourette,4.0,,,,,,False,,False,False,1,0.09500330356536002,False,Normal
batch1-0397.jpg,35963820,07/22/2020,Cook and Sons,159.45,2,Beloved by Toni Morrison,4.0,,,,,,False,,False,False,1,0.09500330356536002,False,Normal
batch1-0397.jpg,35963820,07/22/2020,Cook and Sons,159.45,3,The Great One: The Complete Wayne Gretzky Collection,3.0,,,,,,False,,False,False,1,0.09996470912184524,False,Normal
batch1-0397.jpg,35963820,07/22/2020,Cook and Sons,159.45,4,Nightmares in the Sky: Gargoyles and Grotesques,5.0,,,,,,False,,False,False,1,0.07862962768810455,False,Normal
batch1-0397.jpg,35963820,07/22/2020,Cook and Sons,159.45,5,The Fortune of War (Aubrey / Maturin) by Patrick OBrian,5.0,,,,,,False,,False,False,1,0.07862962768810455,False,Normal
batch1-0397.jpg,35963820,07/22/2020,Cook and Sons,159.45,6,"Die with Zero by Bill Perkins ({P'.B,'F, 2020)",4.0,,,,,,False,,False,False,1,0.09500330356536002,False,Normal
batch1-0397.jpg,35963820,07/22/2020,Cook and Sons,159.45,7,Against All Odds : The Untold Story of Canada's Unlikely Hockey Heroes,5.0,,,,,,False,,False,False,1,0.07862962768810455,False,Normal
batch1-0398.jpg,19091235,04/22/2020,Khan-Wyatt,5370.54,1,Desktop Computer Super Writemaster Intel Core Duo Dell Desktop Computers 0 Core iS 16GB 2TB HD 512GB SSD ( Windows 10 PC 22” LCD,3.0,,,,,,False,,False,False,1,0.09996470912184524,False,Normal
batch1-0398.jpg,19091235,04/22/2020,Khan-Wyatt,5370.54,3,custom gaming computer,3.0,,,,,,False,,False,False,1,0.09996470912184524,False,Normal
batch1-0398.jpg,19091235,04/22/2020,Khan-Wyatt,5370.54,4,gaming pc desktop computer intel iS,,,,,,,False,,False,False,1,0.015377551514200227,False,Normal
batch1-0398.jpg,19091235,04/22/2020,Khan-Wyatt,5370.54,5,Dell Optiplex 760 Windows 10 Professional Desktop Computer 4GB 160GB DVD,,,,,,,False,,False,False,1,0.015377551514200227,False,Normal
batch1-0399.jpg,66053252,10/26/2017,Parks-Castillo,49665.33,1,36 Inches Marble Dinning Table Top Inlay Meeting Table with Semi Precious Stone,4.0,,,,,,False,,False,False,1,0.09500330356536002,False,Normal
batch1-0399.jpg,66053252,10/26/2017,Parks-Castillo,49665.33,2,"18""x18"" White Hand Curved Top Coffee Table Inlay Decorative Gift For Her Wedding",5.0,,,,,,False,,False,False,1,0.07862962768810455,False,Normal
batch1-0399.jpg,66053252,10/26/2017,Parks-Castillo,49665.33,3,6'x3' White Marble Living Room Dining Table Top Marquetry Inlay Furniture H4743A,1.0,,,,,,False,,False,False,1,0.06889057152290301,False,Normal
batch1-0399.jpg,66053252,10/26/2017,Parks-Castillo,49665.33,4,"18""x18"" Marble White Top Counter Table Lapis Inlay Floral Art Halloween Gift Art",4.0,,,,,,False,,False,False,1,0.09500330356536002,False,Normal
batch1-0399.jpg,66053252,10/26/2017,Parks-Castillo,49665.33,5,"48"" Beautiful Marbie Dining Top Table With Stand Floral Marquetry Inlaid H3501",4.0,,,,,,False,,False,False,1,0.09500330356536002,False,Normal
batch1-0399.jpg,66053252,10/26/2017,Parks-Castillo,49665.33,6,21 Inches Round Marble Patio Table Top with Unique Pattern Coffee Table for Home,5.0,,,,,,False,,False,False,1,0.07862962768810455,False,Normal
batch1-0399.jpg,66053252,10/26/2017,Parks-Castillo,49665.33,7,"18"" White Marble Corner Coffee Table Top Lapis Floral inlay Kitchen Decors W282",3.0,,,,,,False,,False,False,1,0.09996470912184524,False,Normal
batch1-0400.jpg,51508002,05/19/2015,Walker LLC,414.67,1,Joma Boys Youth Gol-102 Soccer Cleats Shoes Size 1.5 White Red 1.5Y NEW,3.0,,,,,,False,,False,False,1,0.09996470912184524,False,Normal
batch1-0400.jpg,51508002,05/19/2015,Walker LLC,414.67,2,jordan 4 kids Size 8,4.0,,,,,,False,,False,False,1,0.09500330356536002,False,Normal
batch1-0400.jpg,51508002,05/19/2015,Walker LLC,414.67,3,Size 3y Nike Air Speed Turf (PS) Sneakers Shoe BV2526 100 White/Blue/Red,3.0,,,,,,False,,False,False,1,0.09996470912184524,False,Normal
batch1-0401.jpg,63131640,06/21/2015,White PLC,740.69,1,3 Gal 12L Moonshine Still,5.0,,,,,,False,,False,False,1,0.07862962768810455,False,Normal
batch1-0401.jpg,63131640,06/21/2015,White PLC,740.69,2,BLACK Butterfly Winged,5.0,,,,,,False,,False,False,1,0.07862962768810455,False,Normal
batch1-0401.jpg,63131640,06/21/2015,White PLC,740.69,3,Vintage Set of 3 Cobalt Blue,5.0,,,,,,False,,False,False,1,0.07862962768810455,False,Normal
batch1-0401.jpg,63131640,06/21/2015,White PLC,740.69,4,New Never Used CROFTON,3.0,,,,,,False,,False,False,1,0.09996470912184524,False,Normal
batch1-0402.jpg,58805260,03/07/2019,"Murray-Parsons James, Johnson and Martin",6004.31,1,10-Core Gaming Computer,1.0,618.49,618.49,10.0,680.34,618.49,True,680.339,True,True,-1,-0.09206310998455014,True,Unusual pattern detected by Isolation Forest
batch1-0402.jpg,58805260,03/07/2019,"Murray-Parsons James, Johnson and Martin",6004.31,2,Ryzen Gaming Computer,5.0,752.0,3760.0,10.0,4136.0,3760.0,True,4136.0,True,True,-1,-0.14589898105982335,True,Unusual pattern detected by Isolation Forest
batch1-0402.jpg,58805260,03/07/2019,"Murray-Parsons James, Johnson and Martin",6004.31,3,Custom Gaming Desktop PC,3.0,359.99,1079.97,10.0,1187.97,1079.97,True,1187.967,True,True,-1,-0.05150375681706132,True,Unusual pattern detected by Isolation Forest
batch1-0403.jpg,33696326,08/07/2013,Patel and Sons,32625.33,1,Marble Top Side Table Tiger Eye,4.0,341.48,1365.92,10.0,1502.51,1365.92,True,1502.5120000000002,True,True,-1,-0.0547936560953709,True,Unusual pattern detected by Isolation Forest
batch1-0403.jpg,33696326,08/07/2013,Patel and Sons,32625.33,2,Vintage Art from India Marble,5.0,3000.0,15000.0,10.0,16500.0,15000.0,True,16500.0,True,True,-1,-0.18140528894832286,True,Unusual pattern detected by Isolation Forest
batch1-0403.jpg,33696326,08/07/2013,Patel and Sons,32625.33,3,40 Inches Marble Utility Table,1.0,1713.75,1713.75,10.0,1885.13,1713.75,True,1885.1250000000002,True,True,-1,-0.1467113575973482,True,Unusual pattern detected by Isolation Forest
batch1-0403.jpg,33696326,08/07/2013,Patel and Sons,32625.33,4,6'x3' Black Marble Top Dining,2.0,5710.22,11420.44,10.0,12562.48,11420.44,True,12562.484000000002,True,True,-1,-0.18713149430780807,True,Unusual pattern detected by Isolation Forest
batch1-0403.jpg,33696326,08/07/2013,Patel and Sons,32625.33,5,2 Industrial Live edge Legs 16°,1.0,159.28,159.28,10.0,175.21,159.28,True,175.20800000000003,True,True,-1,-0.05053223770393689,True,Unusual pattern detected by Isolation Forest
batch1-0404.jpg,99116837,12/21/2012,,4695.01,1,"Alarco Gaming PC Desktop Computer Intel i5 ,8G,1TB,Win10,WIFI,NVIDIA GTX 650 1GB",2.0,,,,,,False,,False,False,1,0.08969061827656727,False,Normal
batch1-0404.jpg,99116837,12/21/2012,,4695.01,2,Dell Optiplex Windows 10 Pro,2.0,,,,,,False,,False,False,1,0.08969061827656727,False,Normal
batch1-0404.jpg,99116837,12/21/2012,,4695.01,3,Dell OptiPlex 390 SFF Computer Windows 7 Pro i3,3.1,,,,,,False,,False,False,1,0.08414566881505947,False,Normal
batch1-0404.jpg,99116837,12/21/2012,,4695.01,4,Gaming PC Desktop Computer,1.0,,,,,,False,,False,False,1,0.06889057152290301,False,Normal
batch1-0404.jpg,99116837,12/21/2012,,4695.01,5,Dell Optiplex 790 Computer i7 @,3.4,,,,,,False,,False,False,1,0.08162248292782898,False,Normal
batch1-0404.jpg,99116837,12/21/2012,,4695.01,6,FAST Dell Optiplex Windows 10,5.0,,,,,,False,,False,False,1,0.07862962768810455,False,Normal
batch1-0404.jpg,99116837,12/21/2012,,4695.01,7,10-Core Gaming Computer,2.0,,,,,,False,,False,False,1,0.08969061827656727,False,Normal
batch1-0405.jpg,52230192,08/10/2012,"Campbell-Gordon Smith, Richardson and Brown",17108.96,1,Multi Color Stones Inlay Art,1.0,,,,,,False,,False,False,1,0.06889057152290301,False,Normal
batch1-0405.jpg,52230192,08/10/2012,"Campbell-Gordon Smith, Richardson and Brown",17108.96,2,SOFA SET,1.0,,,,,,False,,False,False,1,0.06889057152290301,False,Normal
batch1-0405.jpg,52230192,08/10/2012,"Campbell-Gordon Smith, Richardson and Brown",17108.96,3,"12"" White Marble Side Coffee",3.0,,,,,,False,,False,False,1,0.09996470912184524,False,Normal
batch1-0405.jpg,52230192,08/10/2012,"Campbell-Gordon Smith, Richardson and Brown",17108.96,4,"35"" Round Marble Coffee Top",1.0,,,,,,False,,False,False,1,0.06889057152290301,False,Normal
batch1-0405.jpg,52230192,08/10/2012,"Campbell-Gordon Smith, Richardson and Brown",17108.96,5,24 Inches Marble Sofa Table Top,3.0,,,,,,False,,False,False,1,0.09996470912184524,False,Normal
batch1-0405.jpg,52230192,08/10/2012,"Campbell-Gordon Smith, Richardson and Brown",17108.96,6,6’x3' Marble Counter Height,2.0,,,,,,False,,False,False,1,0.08969061827656727,False,Normal
batch1-0406.jpg,59334099,12/04/2019,Jones LLC,106.7,1,Used Couch Dark Blue,1.0,,,,,,False,,False,False,1,0.06889057152290301,False,Normal
batch1-0407.jpg,46915335,07/08/2020,Aguilar-Thompson,22.0,1,Wine Bottle Holder From Costa Rica Has A Parrot Painted On It,,,,,,,False,,False,False,1,0.015377551514200227,False,Normal
batch1-0408.jpg,28618390,08/09/2014,"Vance Inc Brown, Smith and Blevins",328.42,1,The WORLD of ART Time Life,3.0,50.0,150.0,10.0,165.0,150.0,True,165.0,True,True,1,0.008449306197722772,False,Normal
batch1-0408.jpg,28618390,08/09/2014,"Vance Inc Brown, Smith and Blevins",328.42,2,Little Women by Louisa May,4.0,22.37,89.48,10.0,98.43,89.48,True,98.42800000000001,True,True,1,0.02825781543319683,False,Normal
batch1-0408.jpg,28618390,08/09/2014,"Vance Inc Brown, Smith and Blevins",328.42,3,The Ultimate Guide to U.S. Army,4.0,,,,,,False,,False,False,1,0.09500330356536002,False,Normal
batch1-0409.jpg,77931288,38/40/42,Owens-Perez,329.83,1,Bottle tops lid reusable vacuume sealer stopper flip cap cork wine beer,5.0,,,,,,False,,False,False,1,0.07862962768810455,False,Normal
batch1-0409.jpg,77931288,38/40/42,Owens-Perez,329.83,2,6) Vintage Leaf Etched Straight Sided Wine Glasses. Set of 6 Unknown Maker,3.0,,,,,,False,,False,False,1,0.09996470912184524,False,Normal
batch1-0409.jpg,77931288,38/40/42,Owens-Perez,329.83,3,38/40/42/44mm Silicone Sport iWatch Band Strap for Apple Watch Series 6 5 4 3 SE 4 a pair of wine glasses drawer 1 e,5.0,,,,,,False,,False,False,1,0.07862962768810455,False,Normal
batch1-0411.jpg,48844293,10/31/2020,Carter-Carroll Hansen-Barrett,4306.26,1,Magnavox Odyssey 2,5.0,155.0,775.0,10.0,852.5,775.0,True,852.5000000000001,True,True,-1,-0.06143932725151413,True,Unusual pattern detected by Isolation Forest
batch1-0411.jpg,48844293,10/31/2020,Carter-Carroll Hansen-Barrett,4306.26,2,Sony PlayStation 2 Fat Console,1.0,80.0,80.0,10.0,88.0,80.0,True,88.0,True,True,-1,-0.004816034656148549,True,Unusual pattern detected by Isolation Forest
batch1-0411.jpg,48844293,10/31/2020,Carter-Carroll Hansen-Barrett,4306.26,3,Microsoft Xbox Series X 1TB,3.0,729.98,2189.94,10.0,2408.93,2189.94,True,2408.934,True,True,-1,-0.1001342067235036,True,Unusual pattern detected by Isolation Forest
batch1-0411.jpg,48844293,10/31/2020,Carter-Carroll Hansen-Barrett,4306.26,4,Nintendo 3DS LL super famicom,1.0,269.89,269.89,10.0,296.88,269.89,True,296.879,True,True,-1,-0.07275844744412285,True,Unusual pattern detected by Isolation Forest
batch1-0411.jpg,48844293,10/31/2020,Carter-Carroll Hansen-Barrett,4306.26,5,Sony PlayStation 3 PS3,5.0,119.99,599.95,10.0,659.94,599.9499999999999,True,659.945,True,True,-1,-0.0517720458411457,True,Unusual pattern detected by Isolation Forest
batch1-0412.jpg,60866416,02/17/2021,"Parker, Patterson and Smith",284.86,1,ViewSonic VOT 133 Nettop Mini,4.0,,,,,,False,,False,False,1,0.09500330356536002,False,Normal
batch1-0412.jpg,60866416,02/17/2021,"Parker, Patterson and Smith",284.86,2,Custom Build Dell Desktop,1.0,,,,,,False,,False,False,1,0.06889057152290301,False,Normal
batch1-0413.jpg,77513425,02/12/2021,Wang and Sons,346.19,1,Kate Spade NY Sleeveless Ponte,3.0,,,,,,False,,False,False,1,0.09996470912184524,False,Normal
batch1-0413.jpg,77513425,02/12/2021,Wang and Sons,346.19,2,Speechless Green Brown White,3.0,,,,,,False,,False,False,1,0.09996470912184524,False,Normal
batch1-0413.jpg,77513425,02/12/2021,Wang and Sons,346.19,3,Zara Yellow Shift Dress XS,5.0,,,,,,False,,False,False,1,0.07862962768810455,False,Normal
batch1-0413.jpg,77513425,02/12/2021,Wang and Sons,346.19,4,Jones Wear Dress Women White,1.0,,,,,,False,,False,False,1,0.06889057152290301,False,Normal
batch1-0414.jpg,16543713,11/21/2016,"Hoover, Nunez and Lewis",113464.52,1,6'x3' Elegant Marble Black Top,2.0,,,,,,False,,False,False,1,0.08969061827656727,False,Normal
batch1-0414.jpg,16543713,11/21/2016,"Hoover, Nunez and Lewis",113464.52,2,36 Inches Marble Meeting Table,5.0,,,,,,False,,False,False,1,0.07862962768810455,False,Normal
batch1-0414.jpg,16543713,11/21/2016,"Hoover, Nunez and Lewis",113464.52,3,6'x3' Black Marble Large Dining,2.0,,,,,,False,,False,False,1,0.08969061827656727,False,Normal
batch1-0414.jpg,16543713,11/21/2016,"Hoover, Nunez and Lewis",113464.52,4,60 Inches Marble Dinning Table,5.0,,,,,,False,,False,False,1,0.07862962768810455,False,Normal
batch1-0414.jpg,16543713,11/21/2016,"Hoover, Nunez and Lewis",113464.52,5,Yellow Stone Royal Art Marble,5.0,,,,,,False,,False,False,1,0.07862962768810455,False,Normal
batch1-0414.jpg,16543713,11/21/2016,"Hoover, Nunez and Lewis",113464.52,6,5'x2' Marble White Center Table,3.0,,,,,,False,,False,False,1,0.09996470912184524,False,Normal
batch1-0414.jpg,16543713,11/21/2016,"Hoover, Nunez and Lewis",113464.52,7,"12"" White Marble Side Coffee",2.0,,,,,,False,,False,False,1,0.08969061827656727,False,Normal
batch1-0415.jpg,78796145,03/28/2017,"Jones Ltd Coleman, Cowan and Mejia",21710.03,1,30 Inches Marble Patio Table,2.0,1023.75,2047.5,10.0,2252.25,2047.5,True,2252.25,True,True,-1,-0.12810182459266672,True,Unusual pattern detected by Isolation Forest
batch1-0415.jpg,78796145,03/28/2017,"Jones Ltd Coleman, Cowan and Mejia",21710.03,2,5'x2' Marble White Center Table,1.0,3888.89,3888.89,10.0,4277.78,3888.89,True,4277.779,True,True,-1,-0.17583765050652322,True,Unusual pattern detected by Isolation Forest
batch1-0415.jpg,78796145,03/28/2017,"Jones Ltd Coleman, Cowan and Mejia",21710.03,3,54 Inches Marble Dinning Table,3.0,4600.0,13800.0,10.0,15180.0,13800.0,True,15180.000000000002,True,True,-1,-0.16984955364528354,True,Unusual pattern detected by Isolation Forest
batch1-0416.jpg,62005229,03/05/2018,Harmon LLC,76.98,1,4 Tupperware Wine Stemless Cups Set Acrylic Plastic Shatter Proof Beverages New,2.0,,,,,,False,,False,False,1,0.08969061827656727,False,Normal
batch1-0417.jpg,88628178,07/18/2012,"Stone, Fernandez and Swanson Johnson, Newman and Nelson",1660.86,1,Desktop Computer AMD,5.0,9.99,49.95,10.0,54.95,49.95,True,54.94500000000001,True,True,1,0.00151157070137925,False,Normal
batch1-0417.jpg,88628178,07/18/2012,"Stone, Fernandez and Swanson Johnson, Newman and Nelson",1660.86,2,HP 2220 Desktop Computer,3.0,70.0,210.0,10.0,231.0,210.0,True,231.00000000000003,True,True,1,0.0004614896986945838,False,Normal
batch1-0417.jpg,88628178,07/18/2012,"Stone, Fernandez and Swanson Johnson, Newman and Nelson",1660.86,3,Dell Desktop Computer Tower,1.0,169.95,169.95,10.0,186.95,169.95,True,186.945,True,True,-1,-0.04563149232642627,True,Unusual pattern detected by Isolation Forest
batch1-0418.jpg,98964062,05/30/2018,Scott LLC,274.45,1,FABULOUS Nike Boy's Kyrie 3 White Basketball Shoes Size 5.5Y 859466-103 WITH BOX,3.0,,,,,,False,,False,False,1,0.09996470912184524,False,Normal
batch1-0418.jpg,98964062,05/30/2018,Scott LLC,274.45,2,Joma Youth Boys Gol 205 Piso Multitaco Soccer Cleats 5.5 White Blue Yellow NEW,5.0,,,,,,False,,False,False,1,0.07862962768810455,False,Normal
batch1-0418.jpg,98964062,05/30/2018,Scott LLC,274.45,3,Under Armour UA Curry 3 Black/Black Size 6Y,4.0,,,,,,False,,False,False,1,0.09500330356536002,False,Normal
batch1-0418.jpg,98964062,05/30/2018,Scott LLC,274.45,4,Diadora Youth Boys Avanti MD JR Soccer Cleats Size 2.5 Yellow Black NEW,2.0,,,,,,False,,False,False,1,0.08969061827656727,False,Normal
batch1-0420.jpg,35014787,01/17/2012,"Rich, Bentley and Schmidt Avila and Sons",156.45,1,Set Of 2 Etched * Hers” and,4.0,4.0,16.0,10.0,17.6,16.0,True,17.6,True,True,1,0.02361897258119966,False,Normal
batch1-0420.jpg,35014787,01/17/2012,"Rich, Bentley and Schmidt Avila and Sons",156.45,2,Galvanized Metal Wine Caddy,2.0,34.95,69.9,10.0,76.89,69.9,True,76.89000000000001,True,True,1,0.030131131961456226,False,Normal
batch1-0420.jpg,35014787,01/17/2012,"Rich, Bentley and Schmidt Avila and Sons",156.45,3,European Style Wine Rack,5.0,7.67,38.35,10.0,42.19,38.35,True,42.185,True,True,-1,-0.0004957087538937088,True,Unusual pattern detected by Isolation Forest
batch1-0420.jpg,35014787,01/17/2012,"Rich, Bentley and Schmidt Avila and Sons",156.45,4,One Pebbled Confetti Glass,2.0,8.99,17.98,10.0,19.78,17.98,True,19.778000000000002,True,True,1,0.04366522839142006,False,Normal
batch1-0421.jpg,52335893,09/30/2012,Stanley Group Mcbride-Sanchez,16537.65,1,Leopard Printed Rug Skin Mat,2.0,19.49,38.98,10.0,42.88,38.98,True,42.878,True,True,1,0.03530177957190844,False,Normal
batch1-0421.jpg,52335893,09/30/2012,Stanley Group Mcbride-Sanchez,16537.65,2,Fluffy Rugs Anti-slip Area Rug,2.0,4.99,9.98,10.0,10.98,9.98,True,10.978000000000002,True,True,1,0.0343358474775054,False,Normal
batch1-0421.jpg,52335893,09/30/2012,Stanley Group Mcbride-Sanchez,16537.65,3,Cartoon Rabbit Printed Round,2.0,177.08,354.16,10.0,389.58,354.16,True,389.5760000000001,True,True,-1,-0.0304526670463936,True,Unusual pattern detected by Isolation Forest
batch1-0421.jpg,52335893,09/30/2012,Stanley Group Mcbride-Sanchez,16537.65,4,3D Swirl Print Optical Illusion,5.0,11.96,59.8,10.0,65.78,59.800000000000004,True,65.78,True,True,1,0.008017232174818534,False,Normal
batch1-0421.jpg,52335893,09/30/2012,Stanley Group Mcbride-Sanchez,16537.65,5,War Horse Series Small Large,4.0,36.3,145.2,10.0,159.72,145.2,True,159.72,True,True,1,0.011543749973975614,False,Normal
batch1-0421.jpg,52335893,09/30/2012,Stanley Group Mcbride-Sanchez,16537.65,6,YILONG 4'x6' All over,4.0,3600.0,14400.0,10.0,15840.0,14400.0,True,15840.000000000002,True,True,-1,-0.17534357339301987,True,Unusual pattern detected by Isolation Forest
batch1-0421.jpg,52335893,09/30/2012,Stanley Group Mcbride-Sanchez,16537.65,7,Imitation Wool Carpet Rugs,1.0,26.11,26.11,10.0,28.72,26.11,True,28.721,True,True,1,0.020986529576785595,False,Normal
batch1-0422.jpg,54557938,08/03/2016,"Kim, Lloyd and White",5857.51,1,Custom Build HP Desktop Computer 16GB | 2TB | SSD | Windows 10 Windows 7 PC WiFi,1.0,,,,,,False,,False,False,1,0.06889057152290301,False,Normal
batch1-0422.jpg,54557938,08/03/2016,"Kim, Lloyd and White",5857.51,2,Custom Build Gaming RGB Mini ITX Computer PC,4.0,,,,,,False,,False,False,1,0.09500330356536002,False,Normal
batch1-0422.jpg,54557938,08/03/2016,"Kim, Lloyd and White",5857.51,3,Dell Desktop Computer intel Core i5 Windows 10 pro 64 250gb 3.1ghz 4gb Ram,2.0,,,,,,False,,False,False,1,0.08969061827656727,False,Normal
batch1-0422.jpg,54557938,08/03/2016,"Kim, Lloyd and White",5857.51,4,10-Core Gaming Computer Desktop PC Tower HOMI 8GB DDR4 R7 Graphic CUSTOM BUILT,4.0,,,,,,False,,False,False,1,0.09500330356536002,False,Normal
batch1-0422.jpg,54557938,08/03/2016,"Kim, Lloyd and White",5857.51,5,HP 6200 Pro Core i7 3.4GHz Quad Core 16GB 500GB Computer,3.0,,,,,,False,,False,False,1,0.09996470912184524,False,Normal
batch1-0422.jpg,54557938,08/03/2016,"Kim, Lloyd and White",5857.51,6,Dell Optiplex SFF Desktop Computer Windows 10 4GB 160GB,3.0,,,,,,False,,False,False,1,0.09996470912184524,False,Normal
batch1-0423.jpg,32530432,11/11/2014,"Smith, Gonzalez and Wallace",5597.66,1,Description Sony PlayStation2 SCPH-50000 TSS silyer Console JP GAME PS2 Japan tested working 8397 Nintendo DSi console Red Japan NOS x Super Nintendo SNES System Console Controller & Cables - SNS-001 + 3 Games Nintendo Wii White Console RVL-001 Bundle Game Cube Compatible Controllers senso New Sony Playstation 4 Slim 1TB 3 Game Bundle Console. Sealed!!! Xbox One X 1TB 4K Black Video Game Console System - FACTORY SEALED Brand NEW,3.0,,,,,,False,,False,False,1,0.09996470912184524,False,Normal
batch1-0424.jpg,18531177,04/30/2015,,245.2,1,Toddler Car Rain boots 5,3.0,,,,,,False,,False,False,1,0.09996470912184524,False,Normal
batch1-0424.jpg,18531177,04/30/2015,,245.2,2,Skechers Kids' Snap Sprints Sneaker Size 4 Blue/Black 975461,4.0,,,,,,False,,False,False,1,0.09500330356536002,False,Normal
batch1-0424.jpg,18531177,04/30/2015,,245.2,3,Skechers Blue Athletic Shoes Kids Size 2 EUC,3.0,,,,,,False,,False,False,1,0.09996470912184524,False,Normal
batch1-0424.jpg,18531177,04/30/2015,,245.2,4,Joma Youth Boy Supercopa 201 Soccer Cleats 4.5 Negro Verde Multitaco Black Green,2.0,,,,,,False,,False,False,1,0.08969061827656727,False,Normal
batch1-0425.jpg,30083114,12/19/2016,"Smith, Garcia and Brown",610.81,1,OC Kids Turbo Skate Shoe (Little,4.0,,,,,,False,,False,False,1,0.09500330356536002,False,Normal
batch1-0425.jpg,30083114,12/19/2016,"Smith, Garcia and Brown",610.81,2,All Mattel Disney Pixar Model,1.0,,,,,,False,,False,False,1,0.06889057152290301,False,Normal
batch1-0425.jpg,30083114,12/19/2016,"Smith, Garcia and Brown",610.81,3,5Ps Face Masks Men Women,2.0,,,,,,False,,False,False,1,0.08969061827656727,False,Normal
batch1-0425.jpg,30083114,12/19/2016,"Smith, Garcia and Brown",610.81,4,100Pcs Wall Stickers Home,1.0,,,,,,False,,False,False,1,0.06889057152290301,False,Normal
batch1-0425.jpg,30083114,12/19/2016,"Smith, Garcia and Brown",610.81,5,Reebok Boys Furylite Graphic,4.0,,,,,,False,,False,False,1,0.09500330356536002,False,Normal
batch1-0425.jpg,30083114,12/19/2016,"Smith, Garcia and Brown",610.81,6,Nike Dangeruss Wilson Youth,3.0,,,,,,False,,False,False,1,0.09996470912184524,False,Normal
batch1-0425.jpg,30083114,12/19/2016,"Smith, Garcia and Brown",610.81,7,Durango Lil' Little Kid Western,2.0,,,,,,False,,False,False,1,0.08969061827656727,False,Normal
batch1-0426.jpg,31386585,02/03/2021,Rodgers-Garcia,219.98,1,Sony PlayStation 3 Slim 120GB,2.0,,,,,,False,,False,False,1,0.08969061827656727,False,Normal
batch1-0427.jpg,17811597,07/24/2013,Jensen PLC,3756.43,1,NINTENDO 64 CONSOLE Plus 2 GAMES Barely Played With in PARTIAL ORIGINAL BOX,1.0,,,,,,False,,False,False,1,0.06889057152290301,False,Normal
batch1-0427.jpg,17811597,07/24/2013,Jensen PLC,3756.43,2,Nintendo Wii Console System Bundle GameCube Compatible w Controllers Games Cords,1.0,,,,,,False,,False,False,1,0.06889057152290301,False,Normal
batch1-0427.jpg,17811597,07/24/2013,Jensen PLC,3756.43,3,Xbox Series X Console CONFIRMED PRE-ORDER,4.0,,,,,,False,,False,False,1,0.09500330356536002,False,Normal
batch1-0427.jpg,17811597,07/24/2013,Jensen PLC,3756.43,4,Nintendo Switch Lite Yellow CONSOLE ONLY - No Accessories or Charger (B1-1],2.0,,,,,,False,,False,False,1,0.08969061827656727,False,Normal
batch1-0428.jpg,94215570,11/05/2017,Henry Inc,10.98,1,Bicycle Wine Bottle Holder/Excellent Condition,2.0,,,,,,False,,False,False,1,0.08969061827656727,False,Normal
batch1-0429.jpg,24060857,07/09/2015,"Gonzalez, Bauer and Taylor",287.55,1,Children’s sports shoes breathable mesh boys casual shoes,1.0,,,,,,False,,False,False,1,0.06889057152290301,False,Normal
batch1-0429.jpg,24060857,07/09/2015,"Gonzalez, Bauer and Taylor",287.55,2,"KushyShoo Children Kid Rain Boot Shoes Rubber, Monkey, Size Youth 1",3.0,,,,,,False,,False,False,1,0.09996470912184524,False,Normal
batch1-0429.jpg,24060857,07/09/2015,"Gonzalez, Bauer and Taylor",287.55,3,Nike ZOOM KD 9 KEVIN DURANT Youth Women's Shoes Sneakers,5.0,,,,,,False,,False,False,1,0.07862962768810455,False,Normal
batch1-0430.jpg,37763406,08/17/2015,Kaufman-Martin,70053.37,1,Christmas Carpet For Kitchen Rug Living Room Floor Mat Non-slip Area Rugs Decor,4.0,,,,,,False,,False,False,1,0.09500330356536002,False,Normal
batch1-0430.jpg,37763406,08/17/2015,Kaufman-Martin,70053.37,2,Soft Sheepskin Mat Faux Fur Rug Small Shaggy Non Slip Floor Carpet Light Pink,4.0,,,,,,False,,False,False,1,0.09500330356536002,False,Normal
batch1-0430.jpg,37763406,08/17/2015,Kaufman-Martin,70053.37,3,"Rug Beni Ourain, Moroccan Handmade 100% Wool Area Rug Berber Beni Ouarain Carpet",5.0,,,,,,False,,False,False,1,0.07862962768810455,False,Normal
batch1-0430.jpg,37763406,08/17/2015,Kaufman-Martin,70053.37,4,YILONG 4'x6' Traditional Handmade Carpet Parlor Home Hand Knotted Silk Rugs 084B,2.0,,,,,,False,,False,False,1,0.08969061827656727,False,Normal
batch1-0430.jpg,37763406,08/17/2015,Kaufman-Martin,70053.37,5,120cm*160cm Large Faux Rabbit Fur Carpet Soft Living Room Bedroom Warm Carpet,2.0,,,,,,False,,False,False,1,0.08969061827656727,False,Normal
batch1-0430.jpg,37763406,08/17/2015,Kaufman-Martin,70053.37,6,Deluxe Soft Faux Sheepskin Shaggy Area Floor Rugs Kids Play Carpet,3.0,,,,,,False,,False,False,1,0.09996470912184524,False,Normal
batch1-0430.jpg,37763406,08/17/2015,Kaufman-Martin,70053.37,7,Yilong 6‘x9' Handknotted Silk Area Rug Medallion Deep Red Home Carpet 0962,5.0,,,,,,False,,False,False,1,0.07862962768810455,False,Normal
batch1-0432.jpg,74337375,11/26/2018,Trujillo-Johnson,191.57,1,Nightmares in the Sky: Gargoyles and Grotesques,5.0,,,,,,False,,False,False,1,0.07862962768810455,False,Normal
batch1-0432.jpg,74337375,11/26/2018,Trujillo-Johnson,191.57,2,"Warman's Star Wars Field Guide by Wells, Stuart W., Ill",1.0,,,,,,False,,False,False,1,0.06889057152290301,False,Normal
batch1-0432.jpg,74337375,11/26/2018,Trujillo-Johnson,191.57,3,The Great One: The Complete Wayne Gretzky Collection,2.0,,,,,,False,,False,False,1,0.08969061827656727,False,Normal
batch1-0432.jpg,74337375,11/26/2018,Trujillo-Johnson,191.57,4,Winnie the Pooh by A. A. Milne Illustrated by Shepard Collector's New Hardcover,5.0,,,,,,False,,False,False,1,0.07862962768810455,False,Normal
batch1-0432.jpg,74337375,11/26/2018,Trujillo-Johnson,191.57,5,Q&A a Day: 5-Year Journal,1.0,,,,,,False,,False,False,1,0.06889057152290301,False,Normal
batch1-0432.jpg,74337375,11/26/2018,Trujillo-Johnson,191.57,6,Entertaining,,,,,,,False,,False,False,1,0.015377551514200227,False,Normal
batch1-0433.jpg,25604558,03/08/2015,Mcdaniel Inc Taylor and Sons,306.82,1,MARC JACOBS IVORY COTTON,3.0,15.99,47.97,10.0,52.77,47.97,True,52.767,True,True,1,0.027798251031771692,False,Normal
batch1-0433.jpg,25604558,03/08/2015,Mcdaniel Inc Taylor and Sons,306.82,2,Cabi 5610 Striped White Blue,4.0,48.99,195.96,10.0,215.56,195.96,True,215.55600000000004,True,True,1,0.002830446047403068,False,Normal
batch1-0433.jpg,25604558,03/08/2015,Mcdaniel Inc Taylor and Sons,306.82,3,Boden Size 8 US Green & Navy,1.0,35.0,35.0,10.0,38.5,35.0,True,38.5,True,True,1,0.01024091034594421,False,Normal
batch1-0434.jpg,86504530,08/03/2014,"Campbell, Hernandez and Myers Ward, Stewart and Bennett",20986.37,1,5'x2' Marble White Center Table,3.0,,,,,,False,,False,False,1,0.09996470912184524,False,Normal
batch1-0434.jpg,86504530,08/03/2014,"Campbell, Hernandez and Myers Ward, Stewart and Bennett",20986.37,2,4'x2' Black Center Top Table,2.0,,,,,,False,,False,False,1,0.08969061827656727,False,Normal
batch1-0434.jpg,86504530,08/03/2014,"Campbell, Hernandez and Myers Ward, Stewart and Bennett",20986.37,3,4Pcs Adjustable Stainless Steel,3.0,,,,,,False,,False,False,1,0.09996470912184524,False,Normal
batch1-0435.jpg,61819195,08/28/2019,Mason-Beltran,312.04,1,Sing My Way Home: Voices of,2.0,,,,,,False,,False,False,1,0.08969061827656727,False,Normal
batch1-0435.jpg,61819195,08/28/2019,Mason-Beltran,312.04,2,Goodnight from London: A,5.0,,,,,,False,,False,False,1,0.07862962768810455,False,Normal
batch1-0435.jpg,61819195,08/28/2019,Mason-Beltran,312.04,3,The WORLD of ART Time Life,5.0,,,,,,False,,False,False,1,0.07862962768810455,False,Normal
batch1-0436.jpg,56427222,11/26/2018,"Padilla, Webb and Pearson Marsh-Kennedy",307.93,1,SONY Playstation2 Console,1.0,50.0,50.0,10.0,55.0,50.0,True,55.00000000000001,True,True,1,0.014115146192825667,False,Normal
batch1-0436.jpg,56427222,11/26/2018,"Padilla, Webb and Pearson Marsh-Kennedy",307.93,2,B360 Nintendo 2DS console,1.0,29.99,29.99,10.0,32.99,29.99,True,32.989000000000004,True,True,1,0.020203102247718097,False,Normal
batch1-0436.jpg,56427222,11/26/2018,"Padilla, Webb and Pearson Marsh-Kennedy",307.93,3,Nintendo 64 game console unit /,5.0,39.99,199.95,10.0,219.95,199.95000000000002,True,219.945,True,True,-1,-0.013709894093166142,True,Unusual pattern detected by Isolation Forest
batch1-0437.jpg,67851927,09/22/2016,"Forbes, Young and Fisher Moore and Sons",1037.38,1,Garden Flower Carpet Quilted,1.0,45.5,45.5,10.0,50.05,45.5,True,50.050000000000004,True,True,1,0.011226641745517796,False,Normal
batch1-0437.jpg,67851927,09/22/2016,"Forbes, Young and Fisher Moore and Sons",1037.38,2,Egg Bathroom Rug Carpet Area,1.0,68.1,68.1,10.0,74.91,68.1,True,74.91,True,True,-1,-0.001351228244783842,True,Unusual pattern detected by Isolation Forest
batch1-0437.jpg,67851927,09/22/2016,"Forbes, Young and Fisher Moore and Sons",1037.38,3,Round Rug Carpets for Living,4.0,4.38,17.52,10.0,19.27,17.52,True,19.272000000000002,True,True,1,0.022358066647857555,False,Normal
batch1-0437.jpg,67851927,09/22/2016,"Forbes, Young and Fisher Moore and Sons",1037.38,4,New Candy Color Soft Anti-Skid,5.0,188.0,752.0,10.0,827.2,940.0,False,827.2,True,False,-1,-0.06058567944156723,True,Unusual pattern detected by Isolation Forest
batch1-0437.jpg,67851927,09/22/2016,"Forbes, Young and Fisher Moore and Sons",1037.38,5,YILONG 1.2x1.7' 300L Tree And,4.0,,,,,,False,,False,False,1,0.09500330356536002,False,Normal
batch1-0438.jpg,32483210,11/29/2011,"Robles, Carroll and Pittman",76.99,1,LuLaRoe Nicole Dress Size Large 25,1.0,,,,,,False,,False,False,1,0.06889057152290301,False,Normal
batch1-0438.jpg,32483210,11/29/2011,"Robles, Carroll and Pittman",76.99,2,Old Navy Womens Sleeveless Rayon Dress Hawaiian Floral Print Size XS,4.0,,,,,,False,,False,False,1,0.09500330356536002,False,Normal
batch1-0438.jpg,32483210,11/29/2011,"Robles, Carroll and Pittman",76.99,3,Banana Republic Maroon Abstract ruffled wrap Dress With slip xs 0,4.0,,,,,,False,,False,False,1,0.09500330356536002,False,Normal
batch1-0439.jpg,42498094,03/21/2017,Hall LLC,141.87,1,Saucony Boys' Ride ISO,3.0,,,,,,False,,False,False,1,0.09996470912184524,False,Normal
batch1-0439.jpg,42498094,03/21/2017,Hall LLC,141.87,2,Fila Shoes Sneakers Kids size 11,1.0,,,,,,False,,False,False,1,0.06889057152290301,False,Normal
batch1-0439.jpg,42498094,03/21/2017,Hall LLC,141.87,3,Nike 7y Black,2.0,,,,,,False,,False,False,1,0.08969061827656727,False,Normal
batch1-0441.jpg,81149702,02/05/2012,Vega Inc,924.44,1,6 Pairs Of Jordan's Size 7y,2.0,,,,,,False,,False,False,1,0.08969061827656727,False,Normal
batch1-0441.jpg,81149702,02/05/2012,Vega Inc,924.44,2,Little Boys Size 2 Son Of Mars,2.0,,,,,,False,,False,False,1,0.08969061827656727,False,Normal
batch1-0441.jpg,81149702,02/05/2012,Vega Inc,924.44,3,Timberland Women's/Junior's,2.0,,,,,,False,,False,False,1,0.08969061827656727,False,Normal
batch1-0441.jpg,81149702,02/05/2012,Vega Inc,924.44,4,"New KID CUDI “WZRD"" Rap Hip",5.0,,,,,,False,,False,False,1,0.07862962768810455,False,Normal
batch1-0442.jpg,39193381,06/19/2015,Miller-Nunez,3607.73,1,HP ProDesk 600 G4 Desktop,5.0,,,,,,False,,False,False,1,0.07862962768810455,False,Normal
batch1-0442.jpg,39193381,06/19/2015,Miller-Nunez,3607.73,2,Dell Desktop Computer(Intel,4.0,,,,,,False,,False,False,1,0.09500330356536002,False,Normal
batch1-0443.jpg,21024792,02/23/2013,,6.38,1,Waterfowl Illustrated,1.0,,,,,,False,,False,False,1,0.06889057152290301,False,Normal
batch1-0444.jpg,44048791,06/30/2015,Baird-Morris,12955.61,1,"Microsoft Xbox Series X 1TB Video Game Console - Black, Preorder Confirm PRESALE",4.0,,,,,,False,,False,False,1,0.09500330356536002,False,Normal
batch1-0444.jpg,44048791,06/30/2015,Baird-Morris,12955.61,2,"VTech Game Console Bundle- Console, Art Studio, Games, 2 Controllers- TESTED!",5.0,,,,,,False,,False,False,1,0.07862962768810455,False,Normal
batch1-0444.jpg,44048791,06/30/2015,Baird-Morris,12955.61,3,Nintendo Switch Lite Yellow CONSOLE ONLY - No Accessories or Charger [B1-2]),2.0,,,,,,False,,False,False,1,0.08969061827656727,False,Normal
batch1-0444.jpg,44048791,06/30/2015,Baird-Morris,12955.61,4,N64 Nintendo System Console Lot Bundle W/ 2 Games 1 Controller Tested Working,3.0,,,,,,False,,False,False,1,0.09996470912184524,False,Normal
batch1-0444.jpg,44048791,06/30/2015,Baird-Morris,12955.61,5,Xbox Series X Console CONFIRMED PRE-ORDER,4.0,,,,,,False,,False,False,1,0.09500330356536002,False,Normal
batch1-0444.jpg,44048791,06/30/2015,Baird-Morris,12955.61,6,PSS5- PlayStation 5 Console Disc Version **Confirmed PREORDER**,5.0,,,,,,False,,False,False,1,0.07862962768810455,False,Normal
batch1-0444.jpg,44048791,06/30/2015,Baird-Morris,12955.61,7,Nintendo Wii White Console RVL-001 Bundle Game Cube Compatible Controllers senso,1.0,,,,,,False,,False,False,1,0.06889057152290301,False,Normal
batch1-0445.jpg,67123367,03/19/2020,Bennett PLC Hernandez LLC,1770.9,1,Fast HP Desktop PC Computer,5.0,,,,,,False,,False,False,1,0.07862962768810455,False,Normal
batch1-0445.jpg,67123367,03/19/2020,Bennett PLC Hernandez LLC,1770.9,2,$,5.0,,,,,,False,,False,False,1,0.07862962768810455,False,Normal
batch1-0445.jpg,67123367,03/19/2020,Bennett PLC Hernandez LLC,1770.9,3,Dell Desktop Computer PC,4.0,,,,,,False,,False,False,1,0.09500330356536002,False,Normal
batch1-0446.jpg,13865937,10/05/2014,White and Sons,359.26,1,Adult Girl Version Hermione,5.0,,,,,,False,,False,False,1,0.07862962768810455,False,Normal
batch1-0446.jpg,13865937,10/05/2014,White and Sons,359.26,2,boys shoes size 5,1.0,,,,,,False,,False,False,1,0.06889057152290301,False,Normal
batch1-0447.jpg,81432357,07/30/2020,"Tran LLC Golden, Gross and Rivera",10305.77,1,"18"" Handmade White Top Chess",2.0,,,,,,False,,False,False,1,0.08969061827656727,False,Normal
batch1-0447.jpg,81432357,07/30/2020,"Tran LLC Golden, Gross and Rivera",10305.77,2,Marble Top Side Table Tiger Eye,3.0,,,,,,False,,False,False,1,0.09996470912184524,False,Normal
batch1-0447.jpg,81432357,07/30/2020,"Tran LLC Golden, Gross and Rivera",10305.77,3,6 Pack Metal Plated Table Locks,3.0,,,,,,False,,False,False,1,0.09996470912184524,False,Normal
batch1-0447.jpg,81432357,07/30/2020,"Tran LLC Golden, Gross and Rivera",10305.77,4,36 Inches Marble Dinning Table,5.0,,,,,,False,,False,False,1,0.07862962768810455,False,Normal
batch1-0448.jpg,40217081,09/15/2014,,714.03,1,Christmas Dress Grace Karin Sleeveless Christmas dress Red Black size Large,3.0,,,,,,False,,False,False,1,0.09996470912184524,False,Normal
batch1-0448.jpg,40217081,09/15/2014,,714.03,2,Matilda Jane Women's Light Rising High Low Green Floral Dress Size L Pockets,4.0,,,,,,False,,False,False,1,0.09500330356536002,False,Normal
batch1-0448.jpg,40217081,09/15/2014,,714.03,3,Lands End Womens 3/4 Sleeve Oress Plus 3X Navy Blue Floral Cotton Knit 482038,5.0,,,,,,False,,False,False,1,0.07862962768810455,False,Normal
batch1-0448.jpg,40217081,09/15/2014,,714.03,4,fire los angeles dress Medium,2.0,,,,,,False,,False,False,1,0.08969061827656727,False,Normal
batch1-0448.jpg,40217081,09/15/2014,,714.03,5,Burent Orange Long Dress With Beads SUE WONG SIZE 2,4.0,,,,,,False,,False,False,1,0.09500330356536002,False,Normal
batch1-0449.jpg,95296819,06/19/2011,"Wright, Pineda and Walker",17711.25,1,‘Fluffy Floor Mat Anti-Skid,3.0,3.89,11.67,10.0,12.84,11.67,True,12.837000000000002,True,True,1,0.03197220105153853,False,Normal
batch1-0449.jpg,95296819,06/19/2011,"Wright, Pineda and Walker",17711.25,2,Round Carpets Bedroom Decor,4.0,45.46,181.84,10.0,200.02,181.84,True,200.02400000000003,True,True,1,0.006135997816979155,False,Normal
batch1-0449.jpg,95296819,06/19/2011,"Wright, Pineda and Walker",17711.25,3,Geometry Hippie Non-slip Area,1.0,13.66,13.66,10.0,15.03,13.66,True,15.026000000000002,True,True,1,0.028326781594397665,False,Normal
batch1-0449.jpg,95296819,06/19/2011,"Wright, Pineda and Walker",17711.25,4,New Candy Color Soft Anti-Skid,5.0,11.99,59.95,10.0,65.95,59.95,True,65.94500000000001,True,True,1,0.008017232174818534,False,Normal
batch1-0449.jpg,95296819,06/19/2011,"Wright, Pineda and Walker",17711.25,5,Imitation Wool Carpet Rugs,2.0,26.11,52.22,10.0,57.44,52.22,True,57.442,True,True,1,0.033234047503982955,False,Normal
batch1-0449.jpg,95296819,06/19/2011,"Wright, Pineda and Walker",17711.25,6,Muted Mauve Floral Design 4X6,5.0,276.36,1381.8,10.0,1519.98,1381.8000000000002,True,1519.98,True,True,-1,-0.0641850848484703,True,Unusual pattern detected by Isolation Forest
batch1-0449.jpg,95296819,06/19/2011,"Wright, Pineda and Walker",17711.25,7,YILONG 4‘x6' Golden Handmade,4.0,3600.0,14400.0,10.0,15840.0,14400.0,True,15840.000000000002,True,True,-1,-0.17534357339301987,True,Unusual pattern detected by Isolation Forest
batch1-0450.jpg,14139811,09/05/2018,Anderson-Nguyen,524.67,1,Deer Stag Kids Landry Boys,3.0,,,,,,False,,False,False,1,0.09996470912184524,False,Normal
batch1-0450.jpg,14139811,09/05/2018,Anderson-Nguyen,524.67,2,6 Pairs Of Jordan’s Size 7y,3.0,,,,,,False,,False,False,1,0.09996470912184524,False,Normal
batch1-0452.jpg,77715322,08/23/2013,Pena-Boyd,39.53,1,"Lives of the Artists, Vol. 2",4.0,,,,,,False,,False,False,1,0.09500330356536002,False,Normal
batch1-0452.jpg,77715322,08/23/2013,Pena-Boyd,39.53,2,Herbal Tarot Deck,1.0,,,,,,False,,False,False,1,0.06889057152290301,False,Normal
batch1-0453.jpg,20802870,02/08/2017,,29087.53,1,YILONG 4'x6' Golden Handmade Carpet Antique Hand Knotted Silk Area Rugs 087B,4.0,3600.0,14400.0,10.0,15840.0,14400.0,True,15840.000000000002,True,True,-1,-0.17534357339301987,True,Unusual pattern detected by Isolation Forest
batch1-0453.jpg,20802870,02/08/2017,,29087.53,2,YILONG 2.5'x4' Small Hand Knotted Silk Carpets Antistatic Floor Area Rug 844B,2.0,2000.0,4000.0,10.0,4400.0,4000.0,True,4400.0,True,True,-1,-0.15587669633945989,True,Unusual pattern detected by Isolation Forest
batch1-0453.jpg,20802870,02/08/2017,,29087.53,3,Galaxy Butterfly Area Rugs Children Bedroom Non-Slip Doormat Floor Mat Carpet,1.0,13.69,13.69,10.0,15.06,13.69,True,15.059000000000001,True,True,1,0.028711936534830007,False,Normal
batch1-0453.jpg,20802870,02/08/2017,,29087.53,4,Yilong 5'x8’ Handknotted Silk Area Rug Living Room Black Classic Carpet L38B,1.0,8000.0,8000.0,10.0,8800.0,8000.0,True,8800.0,True,True,-1,-0.19410950448751796,True,Unusual pattern detected by Isolation Forest
batch1-0453.jpg,20802870,02/08/2017,,29087.53,5,Soft Sheepskin Mat Faux Fur Fake Rug Shaggy Non Slip Floor Carpet Black,3.0,9.84,29.52,10.0,32.47,29.52,True,32.472,True,True,1,0.028522170127426305,False,Normal
batch1-0454.jpg,73019594,05/11/2020,"Knight, Howell and Pugh",993.96,1,Newborn Toddler Baby Girls,4.0,,,,,,False,,False,False,1,0.09500330356536002,False,Normal
batch1-0454.jpg,73019594,05/11/2020,"Knight, Howell and Pugh",993.96,2,HERVE LEGER Bandage Dress,3.0,,,,,,False,,False,False,1,0.09996470912184524,False,Normal
batch1-0455.jpg,74494433,09/12/2017,Huynh-Ruiz,4008.74,1,4'x6' Wool Floral Handmade Rugs Carpet Moroccan Pastel Color Living Room Navajo,4.0,,,,,,False,,False,False,1,0.09500330356536002,False,Normal
batch1-0455.jpg,74494433,09/12/2017,Huynh-Ruiz,4008.74,2,Tie Dyeing Fluffy Rugs Anti-Skid Area Rug Dining Room Carpet Floor Bedroom Mat,2.0,,,,,,False,,False,False,1,0.08969061827656727,False,Normal
batch1-0455.jpg,74494433,09/12/2017,Huynh-Ruiz,4008.74,3,Checkered Modern Kashkoli Oriental Area Rug Foyer Hand-knotted Wool Carpet 4'x6',2.0,,,,,,False,,False,False,1,0.08969061827656727,False,Normal
batch1-0455.jpg,74494433,09/12/2017,Huynh-Ruiz,4008.74,4,Galaxy Butterfly Area Rugs Children Bedroom Non-Slip Doormat Floor Mat Carpet,3.0,,,,,,False,,False,False,1,0.09996470912184524,False,Normal
batch1-0455.jpg,74494433,09/12/2017,Huynh-Ruiz,4008.74,5,Soft Sheepskin Mat Faux Fur Rug Small Shaggy Non Slip Floor Carpet White Gray,4.0,,,,,,False,,False,False,1,0.09500330356536002,False,Normal
batch1-0455.jpg,74494433,09/12/2017,Huynh-Ruiz,4008.74,6,Cartoon Rabbit Printed Round Carpet Area Rug Children Play Tent Floor Mat Rug,4.0,,,,,,False,,False,False,1,0.09500330356536002,False,Normal
batch1-0456.jpg,36985569,12/07/2015,Martinez PLC,99.0,1,"Intel Compute Stick (32GB, Intel",2.0,,,,,,False,,False,False,1,0.08969061827656727,False,Normal
batch1-0457.jpg,18670724,02/02/2018,Davis-Shepherd,2441.81,1,8351 Nintendo new 3DS console White Japan w/stylus pen,3.0,,,,,,False,,False,False,1,0.09996470912184524,False,Normal
batch1-0457.jpg,18670724,02/02/2018,Davis-Shepherd,2441.81,2,"SONY Playstation2 Console SCPH-50000 "" Peal Color “/ TESTED 11177",3.0,,,,,,False,,False,False,1,0.09996470912184524,False,Normal
batch1-0457.jpg,18670724,02/02/2018,Davis-Shepherd,2441.81,3,PS2 SAKURA PINK Console System Boxed SCPH-50000 Tested Japan,4.0,,,,,,False,,False,False,1,0.09500330356536002,False,Normal
batch1-0457.jpg,18670724,02/02/2018,Davis-Shepherd,2441.81,4,HUGE Sony PlayStation 3 Console Lot w/ 30 Games! System Bundle PS3,2.0,,,,,,False,,False,False,1,0.08969061827656727,False,Normal
batch1-0457.jpg,18670724,02/02/2018,Davis-Shepherd,2441.81,5,Nintendo Gameboy Original Console Gray with Box Manual OMB-01 Japan Tested 67,1.0,,,,,,False,,False,False,1,0.06889057152290301,False,Normal
batch1-0457.jpg,18670724,02/02/2018,Davis-Shepherd,2441.81,6,Nintendo 3DS Handheld Console Purple,4.0,,,,,,False,,False,False,1,0.09500330356536002,False,Normal
batch1-0458.jpg,31311902,06/04/2017,"Hodges, Porter and Bass",467.17,1,Wine spoon,5.0,,,,,,False,,False,False,1,0.07862962768810455,False,Normal
batch1-0458.jpg,31311902,06/04/2017,"Hodges, Porter and Bass",467.17,2,Black Pug wine holder,5.0,,,,,,False,,False,False,1,0.07862962768810455,False,Normal
batch1-0458.jpg,31311902,06/04/2017,"Hodges, Porter and Bass",467.17,3,Vintage Crystal Red Wine,2.0,,,,,,False,,False,False,1,0.08969061827656727,False,Normal
batch1-0458.jpg,31311902,06/04/2017,"Hodges, Porter and Bass",467.17,4,mDesign Metal Wine Rack,5.0,,,,,,False,,False,False,1,0.07862962768810455,False,Normal
batch1-0458.jpg,31311902,06/04/2017,"Hodges, Porter and Bass",467.17,5,Pier 1 Multi-color Cordial,1.0,,,,,,False,,False,False,1,0.06889057152290301,False,Normal
batch1-0458.jpg,31311902,06/04/2017,"Hodges, Porter and Bass",467.17,6,3 Ikea Stainless Steel 4-bottle,4.0,,,,,,False,,False,False,1,0.09500330356536002,False,Normal
batch1-0458.jpg,31311902,06/04/2017,"Hodges, Porter and Bass",467.17,7,Wine Glass Hanging Metal Wine,1.0,,,,,,False,,False,False,1,0.06889057152290301,False,Normal
batch1-0459.jpg,29998351,12/21/2012,Johnson-Mcdonald,20085.99,1,4'x6' Wool Floral Handmade Rugs Carpet Moroccan Pastel Color Living Room Navajo,3.0,,,,,,False,,False,False,1,0.09996470912184524,False,Normal
batch1-0459.jpg,29998351,12/21/2012,Johnson-Mcdonald,20085.99,2,YILONG 4'x6' Golden Handmade Carpet House Decor Hand Knotted Silk Rugs 0888,4.0,,,,,,False,,False,False,1,0.09500330356536002,False,Normal
batch1-0459.jpg,29998351,12/21/2012,Johnson-Mcdonald,20085.99,3,Fluffy Floor Mat Anti-Skid Shaggy Area Rugs Dining Living Room Carpet Home Decor,3.0,,,,,,False,,False,False,1,0.09996470912184524,False,Normal
batch1-0459.jpg,29998351,12/21/2012,Johnson-Mcdonald,20085.99,4,Home Christmas Santa Claus Anti-slip Room Floor Mat Decor Carpet Rug Xmas Decor,4.0,,,,,,False,,False,False,1,0.09500330356536002,False,Normal
batch1-0459.jpg,29998351,12/21/2012,Johnson-Mcdonald,20085.99,5,Rug Area Hand Knotted Wool Oriental Carpet Vintage Geometric Traditional Handmad,3.0,,,,,,False,,False,False,1,0.09996470912184524,False,Normal
batch1-0459.jpg,29998351,12/21/2012,Johnson-Mcdonald,20085.99,6,Striped Contemporary Gabbeh Kashkoli Oriental Area Rug Handmade Wool Carpet 6x8,4.0,,,,,,False,,False,False,1,0.09500330356536002,False,Normal
batch1-0460.jpg,45743873,02/23/2014,Smith PLC,64.99,1,Little Women by Louisa May Alcott Illustrated Brand New Collectible Hardcover,,,,,,,False,,False,False,1,0.015377551514200227,False,Normal
batch1-0461.jpg,95216794,08/10/2017,"Nguyen, Russell and Rodriguez Adams-Burns",48.14,1,Entertaining,3.0,4.49,13.47,10.0,14.82,13.47,True,14.817000000000002,True,True,1,0.03322557780898494,False,Normal
batch1-0461.jpg,95216794,08/10/2017,"Nguyen, Russell and Rodriguez Adams-Burns",48.14,2,Collectors Paperweights 86,3.0,5.74,17.22,10.0,18.94,17.22,True,18.942,True,True,1,0.03090348105770624,False,Normal
batch1-0461.jpg,95216794,08/10/2017,"Nguyen, Russell and Rodriguez Adams-Burns",48.14,3,A History of Christianity Vol. 1:,1.0,4.09,4.09,10.0,4.5,4.09,True,4.4990000000000006,True,True,1,0.009026701763210743,False,Normal
batch1-0461.jpg,95216794,08/10/2017,"Nguyen, Russell and Rodriguez Adams-Burns",48.14,4,An Hour With Jesus,2.0,4.49,8.98,10.0,9.88,8.98,True,9.878000000000002,True,True,1,0.02894938644197592,False,Normal
batch1-0462.jpg,85432283,12/13/2014,Stanton-Williams Thompson-Perry,125.3,1,Winnie the Pooh by A. A. Milne,5.0,19.73,98.65,10.0,108.52,98.65,True,108.51500000000001,True,True,1,0.01092694070197714,False,Normal
batch1-0462.jpg,85432283,12/13/2014,Stanton-Williams Thompson-Perry,125.3,2,Endurance : Shackleton's,3.0,4.09,12.27,10.0,13.5,12.27,True,13.497,True,True,1,0.033014832989827825,False,Normal
batch1-0462.jpg,85432283,12/13/2014,Stanton-Williams Thompson-Perry,125.3,3,Christmas Cupcake Murder: A,1.0,2.99,2.99,10.0,3.29,2.99,True,3.2890000000000006,True,True,1,0.00335737548038495,False,Normal
batch1-0463.jpg,40044178,04/05/2019,Valenzuela PLC Wilson Group,2069.23,1,NEW Sony PlayStation 4 PS4,1.0,399.99,399.99,10.0,439.99,399.99,True,439.98900000000003,True,True,-1,-0.07818840880715894,True,Unusual pattern detected by Isolation Forest
batch1-0463.jpg,40044178,04/05/2019,Valenzuela PLC Wilson Group,2069.23,2,Nintendo 3DS Handheld Console,5.0,280.23,1401.15,10.0,1541.27,1401.15,True,1541.2650000000003,True,True,-1,-0.06533140755702127,True,Unusual pattern detected by Isolation Forest
batch1-0463.jpg,40044178,04/05/2019,Valenzuela PLC Wilson Group,2069.23,3,Nintendo Famicom (NES),2.0,39.99,79.98,10.0,87.98,79.98,True,87.97800000000001,True,True,1,0.02428336587727925,False,Normal
batch1-0464.jpg,45904441,02/14/2019,"Raymond, Mejia and Thomas",633.96,1,Adult Girl Version Hermione Granger Cosplay Costume Gryffindor Kid size In Stock,3.0,,,,,,False,,False,False,1,0.09996470912184524,False,Normal
batch1-0464.jpg,45904441,02/14/2019,"Raymond, Mejia and Thomas",633.96,2,Jordan Nike Kid Air 1 Retro High Black Gray Elephant Size 7Y 838850-013,5.0,,,,,,False,,False,False,1,0.07862962768810455,False,Normal
batch1-0464.jpg,45904441,02/14/2019,"Raymond, Mejia and Thomas",633.96,3,RICOSTA BGE boys everyday casual sandals NEW Size 33/ US 2,1.0,,,,,,False,,False,False,1,0.06889057152290301,False,Normal
batch1-0464.jpg,45904441,02/14/2019,"Raymond, Mejia and Thomas",633.96,4,Egyptian Comfort 1800 Count 4 Piece Bed Sheet Set Deep Pocket Bed Sheets,3.0,,,,,,False,,False,False,1,0.09996470912184524,False,Normal
batch1-0464.jpg,45904441,02/14/2019,"Raymond, Mejia and Thomas",633.96,5,Star Wars 100% 925 sterling silver BB8 Darth Vader Charm R2-D2 Fiit Pandora Gift,1.0,,,,,,False,,False,False,1,0.06889057152290301,False,Normal
batch1-0465.jpg,85765662,04/22/2017,Fisher PLC,108.06,1,Bobby Fischer s Chess Games,5.0,,,,,,False,,False,False,1,0.07862962768810455,False,Normal
batch1-0465.jpg,85765662,04/22/2017,Fisher PLC,108.06,2,Dutch Cooking (The Netherlands Cookbook) by Heleen A. M. Halverhout Book The,1.0,,,,,,False,,False,False,1,0.06889057152290301,False,Normal
batch1-0465.jpg,85765662,04/22/2017,Fisher PLC,108.06,3,Philadelphia Museum of Art: Handbook of the Collec,4.0,,,,,,False,,False,False,1,0.09500330356536002,False,Normal
batch1-0466.jpg,72492750,02/03/2013,Ramsey-Marshall,377.52,1,Lilly Pulitzer 8 Sunkissed with Glow Janice Shift Dress,5.0,,,,,,False,,False,False,1,0.07862962768810455,False,Normal
batch1-0466.jpg,72492750,02/03/2013,Ramsey-Marshall,377.52,2,Newborn Toddler Baby Girls Floral Print Romper Dress Bodysuits Ouftits Clothes,5.0,,,,,,False,,False,False,1,0.07862962768810455,False,Normal
batch1-0466.jpg,72492750,02/03/2013,Ramsey-Marshall,377.52,3,fire los angeles dress Medium,2.0,,,,,,False,,False,False,1,0.08969061827656727,False,Normal
batch1-0467.jpg,85303612,07/08/2016,Dixon-Hebert,2149.21,1,BRAND NEW Metrokane Rabbit,3.0,,,,,,False,,False,False,1,0.09996470912184524,False,Normal
batch1-0467.jpg,85303612,07/08/2016,Dixon-Hebert,2149.21,2,Vintage Set of 4 Clear Iridescent,3.0,,,,,,False,,False,False,1,0.09996470912184524,False,Normal
batch1-0467.jpg,85303612,07/08/2016,Dixon-Hebert,2149.21,3,Press Wine 15L Fruit Cider,5.0,,,,,,False,,False,False,1,0.07862962768810455,False,Normal
batch1-0467.jpg,85303612,07/08/2016,Dixon-Hebert,2149.21,4,2 Hand Blown Wine Water,4.0,,,,,,False,,False,False,1,0.09500330356536002,False,Normal
batch1-0467.jpg,85303612,07/08/2016,Dixon-Hebert,2149.21,5,Wine Opener Accessories Gift,5.0,,,,,,False,,False,False,1,0.07862962768810455,False,Normal
batch1-0467.jpg,85303612,07/08/2016,Dixon-Hebert,2149.21,6,Apc Wine Display Rack Wine,3.0,,,,,,False,,False,False,1,0.09996470912184524,False,Normal
batch1-0467.jpg,85303612,07/08/2016,Dixon-Hebert,2149.21,7,Black Pug wine holder,5.0,,,,,,False,,False,False,1,0.07862962768810455,False,Normal
batch1-0468.jpg,45562249,10/19/2018,Mccormick PLC,424.93,1,(NEW] A Divine Revelation Of Hell by Mary K. Baxter,1.0,,,,,,False,,False,False,1,0.06889057152290301,False,Normal
batch1-0468.jpg,45562249,10/19/2018,Mccormick PLC,424.93,2,Seashells of North America: A Guide to Field Ident,5.0,,,,,,False,,False,False,1,0.07862962768810455,False,Normal
batch1-0468.jpg,45562249,10/19/2018,Mccormick PLC,424.93,3,Master and God,3.0,,,,,,False,,False,False,1,0.09996470912184524,False,Normal
batch1-0468.jpg,45562249,10/19/2018,Mccormick PLC,424.93,4,A Woman of Substance,5.0,,,,,,False,,False,False,1,0.07862962768810455,False,Normal
batch1-0468.jpg,45562249,10/19/2018,Mccormick PLC,424.93,5,"KING JAMES VERSION (KJV), RAINBOW STUDY BIBLE, BLACK LEATHER with INDEX",5.0,,,,,,False,,False,False,1,0.07862962768810455,False,Normal
batch1-0468.jpg,45562249,10/19/2018,Mccormick PLC,424.93,6,"Harry Potter and the Chamber of Secrets (Book 2) by Rowling, J. K. Paperback The",5.0,,,,,,False,,False,False,1,0.07862962768810455,False,Normal
batch1-0469.jpg,29870205,03/15/2013,"Banks, Wright and Mills",1214.29,1,Durango Lil' Little Kid Western Casual Western Purple Boys - Size2M,3.0,,,,,,False,,False,False,1,0.09996470912184524,False,Normal
batch1-0469.jpg,29870205,03/15/2013,"Banks, Wright and Mills",1214.29,2,NWT adidas Pulseboost HD (Big Kid) Casual Running Shoes Boys BLACK SIZE 4,5.0,,,,,,False,,False,False,1,0.07862962768810455,False,Normal
batch1-0469.jpg,29870205,03/15/2013,"Banks, Wright and Mills",1214.29,3,RICOSTA BGE boys everyday casual sandals NEW Size 33/ US 2,5.0,,,,,,False,,False,False,1,0.07862962768810455,False,Normal
batch1-0469.jpg,29870205,03/15/2013,"Banks, Wright and Mills",1214.29,4,Timberland Kid's Brown Field Scuff-Proof Boots Size 7,4.0,,,,,,False,,False,False,1,0.09500330356536002,False,Normal
batch1-0469.jpg,29870205,03/15/2013,"Banks, Wright and Mills",1214.29,5,5 YOUTH Boys Big Kids Nike Jordan 6-17-23 Basketball White red Black 428818 100,1.0,,,,,,False,,False,False,1,0.06889057152290301,False,Normal
batch1-0470.jpg,39772830,03/30/2016,Gentry-Villarreal,823.66,1,Gold Framework on Broken,1.0,,,,,,False,,False,False,1,0.06889057152290301,False,Normal
batch1-0470.jpg,39772830,03/30/2016,Gentry-Villarreal,823.66,2,Soft Sheepskin Mat Faux Fur,1.0,,,,,,False,,False,False,1,0.06889057152290301,False,Normal
batch1-0470.jpg,39772830,03/30/2016,Gentry-Villarreal,823.66,3,YILONG,1.21,,,,,,False,,False,False,1,0.04259542871158811,False,Normal
batch1-0470.jpg,39772830,03/30/2016,Gentry-Villarreal,823.66,4,Indian Rectangular Beautifully,5.0,,,,,,False,,False,False,1,0.07862962768810455,False,Normal
batch1-0471.jpg,99173131,08/30/2011,Williams Group,40.3,1,Evolutionary Analysis,5.0,,,,,,False,,False,False,1,0.07862962768810455,False,Normal
batch1-0471.jpg,99173131,08/30/2011,Williams Group,40.3,2,One Year through the Bible by,1.0,,,,,,False,,False,False,1,0.06889057152290301,False,Normal
batch1-0472.jpg,76322049,05/21/2021,"Carter, Molina and Garcia Jones LLC",194.82,1,Straw Dogs : Thoughts on,4.0,13.99,55.96,10.0,61.56,55.96,True,61.556000000000004,True,True,1,0.02602750200132936,False,Normal
batch1-0472.jpg,76322049,05/21/2021,"Carter, Molina and Garcia Jones LLC",194.82,2,Titans of the Rising Sun -,3.0,7.53,22.59,10.0,24.85,22.59,True,24.849,True,True,1,0.02953437038495843,False,Normal
batch1-0472.jpg,76322049,05/21/2021,"Carter, Molina and Garcia Jones LLC",194.82,3,The Graphic Design Reference,2.0,20.18,40.36,10.0,44.4,40.36,True,44.396,True,True,1,0.03572441157371742,False,Normal
batch1-0473.jpg,63246591,01/07/2020,"Rose, Smith and Moreno",19.76,1,The Italians by Luigi Barzini,4.0,,,,,,False,,False,False,1,0.09500330356536002,False,Normal
batch1-0474.jpg,30208398,05/24/2019,"Thomas, White and Smith",44.28,1,3D Stones Florals Corridor,2.0,,,,,,False,,False,False,1,0.08969061827656727,False,Normal
batch1-0474.jpg,30208398,05/24/2019,"Thomas, White and Smith",44.28,2,Round Rug Carpet For Living,1.0,,,,,,False,,False,False,1,0.06889057152290301,False,Normal
batch1-0475.jpg,97776691,04/16/2014,Acosta-Mendoza,1883.91,1,Handheld Video Game Console,1.0,,,,,,False,,False,False,1,0.06889057152290301,False,Normal
batch1-0475.jpg,97776691,04/16/2014,Acosta-Mendoza,1883.91,2,SONY Playstation2 Slim Console,3.0,,,,,,False,,False,False,1,0.09996470912184524,False,Normal
batch1-0475.jpg,97776691,04/16/2014,Acosta-Mendoza,1883.91,3,Ex+ PlayStation PS Vita console,4.0,,,,,,False,,False,False,1,0.09500330356536002,False,Normal
batch1-0475.jpg,97776691,04/16/2014,Acosta-Mendoza,1883.91,4,"8GB 4.3"" Retro Handheld Game",3.0,,,,,,False,,False,False,1,0.09996470912184524,False,Normal
batch1-0475.jpg,97776691,04/16/2014,Acosta-Mendoza,1883.91,5,8400 Nintendo 3DS console,3.0,,,,,,False,,False,False,1,0.09996470912184524,False,Normal
batch1-0475.jpg,97776691,04/16/2014,Acosta-Mendoza,1883.91,6,Nintendo Gameboy Color,4.0,,,,,,False,,False,False,1,0.09500330356536002,False,Normal
batch1-0475.jpg,97776691,04/16/2014,Acosta-Mendoza,1883.91,7,Nintendo Wil Black Console,4.0,,,,,,False,,False,False,1,0.09500330356536002,False,Normal
batch1-0476.jpg,29515593,03/21/2021,"Thompson, Jackson and Ware",330.29,1,"{2) stacking Metal 8 Wine bottle holder Storage Rack, 8 bottles counter Display",3.0,,,,,,False,,False,False,1,0.09996470912184524,False,Normal
batch1-0476.jpg,29515593,03/21/2021,"Thompson, Jackson and Ware",330.29,2,Wine Bottle Opener Corkscrew Set RED 5 pc Stopper Pourer Foil Cutter Bottle,4.0,,,,,,False,,False,False,1,0.09500330356536002,False,Normal
batch1-0476.jpg,29515593,03/21/2021,"Thompson, Jackson and Ware",330.29,3,"Waterford Elegance Chardonnay Wine Glass, Pair - 40001097 New In Box",4.0,,,,,,False,,False,False,1,0.09500330356536002,False,Normal
batch1-0476.jpg,29515593,03/21/2021,"Thompson, Jackson and Ware",330.29,4,USB Charging Bar Home Pumps Wine Opener Bottles Electric Automatic Kitchen Tool,1.0,,,,,,False,,False,False,1,0.06889057152290301,False,Normal
batch1-0476.jpg,29515593,03/21/2021,"Thompson, Jackson and Ware",330.29,5,Wine Glasses - set of 6,3.0,,,,,,False,,False,False,1,0.09996470912184524,False,Normal
batch1-0476.jpg,29515593,03/21/2021,"Thompson, Jackson and Ware",330.29,6,Set of 2 Stemless Christmas Wine Glasses NEW,4.0,,,,,,False,,False,False,1,0.09500330356536002,False,Normal
batch1-0476.jpg,29515593,03/21/2021,"Thompson, Jackson and Ware",330.29,7,Wine Bottle Holder,2.0,,,,,,False,,False,False,1,0.08969061827656727,False,Normal
batch1-0477.jpg,65981953,05/14/2020,Horton LLC,1028.36,1,"iBUYPOWER Gaming Computer AMD Ryzen 3 3100, Radeon RX 550, 240GB SSD, WiFi Ready",1.0,,,,,,False,,False,False,1,0.06889057152290301,False,Normal
batch1-0477.jpg,65981953,05/14/2020,Horton LLC,1028.36,2,Dell Desktop Computer PC Core iS 3.1GHz 8GB RAM 500GB HD Wifi DVD Windows 10,1.0,,,,,,False,,False,False,1,0.06889057152290301,False,Normal
batch1-0477.jpg,65981953,05/14/2020,Horton LLC,1028.36,3,HP 8300 Slim Desktop Small Computer PC i5 3.2GHz 4GB 500GB Windows 10 Pro WiFi,3.0,,,,,,False,,False,False,1,0.09996470912184524,False,Normal
batch1-0478.jpg,50357965,2/06/2015,,387.11,1,"KING JAMES VERSION (KJV),",4.0,,,,,,False,,False,False,1,0.09500330356536002,False,Normal
batch1-0478.jpg,50357965,2/06/2015,,387.11,2,The Nature Notes of an,1.0,,,,,,False,,False,False,1,0.06889057152290301,False,Normal
batch1-0478.jpg,50357965,2/06/2015,,387.11,3,The Four Agreements: A,1.0,,,,,,False,,False,False,1,0.06889057152290301,False,Normal
batch1-0478.jpg,50357965,2/06/2015,,387.11,4,Merry Robin Hood by H. Pyle,5.0,,,,,,False,,False,False,1,0.07862962768810455,False,Normal
batch1-0478.jpg,50357965,2/06/2015,,387.11,5,Astronomy: A Visual Guide,2.0,,,,,,False,,False,False,1,0.08969061827656727,False,Normal
batch1-0479.jpg,69721323,05/07/2019,"Murray-Eaton Cuevas, Reid and Hurst",9145.62,1,Tie Dyeing Fluffy Rugs Anti-Skid,4.0,25.48,101.92,10.0,112.11,101.92,True,112.11200000000001,True,True,1,0.0265093390085826,False,Normal
batch1-0479.jpg,69721323,05/07/2019,"Murray-Eaton Cuevas, Reid and Hurst",9145.62,2,Galaxy Butterfly Area Rugs,2.0,13.69,27.38,10.0,30.12,27.38,True,30.118000000000002,True,True,1,0.03960949245833745,False,Normal
batch1-0479.jpg,69721323,05/07/2019,"Murray-Eaton Cuevas, Reid and Hurst",9145.62,3,Colorful Marbie Printed Living,2.0,12.49,24.98,10.0,27.48,24.98,True,27.478,True,True,1,0.040486485376755366,False,Normal
batch1-0479.jpg,69721323,05/07/2019,"Murray-Eaton Cuevas, Reid and Hurst",9145.62,4,Red Traditional Oriental,4.0,39.98,159.92,10.0,175.91,159.92,True,175.912,True,True,1,0.0074011983400529835,False,Normal
batch1-0479.jpg,69721323,05/07/2019,"Murray-Eaton Cuevas, Reid and Hurst",9145.62,5,YILONG 2.5'x4’ Small Hand,4.0,2000.0,8000.0,10.0,8800.0,8000.0,True,8800.0,True,True,-1,-0.1683902690293022,True,Unusual pattern detected by Isolation Forest
batch1-0480.jpg,99214533,05/25/2017,"Burns, Padilla and Daniels",9809.8,1,"26""x26* Marble Black Top",2.0,,,,,,False,,False,False,1,0.08969061827656727,False,Normal
batch1-0480.jpg,99214533,05/25/2017,"Burns, Padilla and Daniels",9809.8,2,"24x24"" Black Marble Round",5.0,,,,,,False,,False,False,1,0.07862962768810455,False,Normal
batch1-0481.jpg,40631256,02/05/2014,,395.75,1,Birthday Girl 15 oz Hand,5.0,12.99,64.95,10.0,71.45,64.95,True,71.44500000000001,True,True,1,0.007985590435181933,False,Normal
batch1-0481.jpg,40631256,02/05/2014,,395.75,2,Vintage Set of 4 Clear Iridescent,3.0,8.99,26.97,10.0,29.67,26.97,True,29.667,True,True,1,0.02806586018807622,False,Normal
batch1-0481.jpg,40631256,02/05/2014,,395.75,3,6Pc set Blue Wine Glass 7.5”,3.0,55.0,220.0,10.0,242.0,165.0,False,242.00000000000003,True,False,-1,-0.0016766953962131792,True,Unusual pattern detected by Isolation Forest
batch1-0481.jpg,40631256,02/05/2014,,395.75,4,set of 6 German Roemer wine,4.0,,,,,,False,,False,False,1,0.09500330356536002,False,Normal
batch1-0482.jpg,60595703,08/13/2019,"Bullock, Jenkins and Harrison",8605.01,1,Nintendo 64 console complete,5.0,249.99,1249.95,10.0,1374.95,1249.95,True,1374.9450000000002,True,True,-1,-0.07042580421845845,True,Unusual pattern detected by Isolation Forest
batch1-0482.jpg,60595703,08/13/2019,"Bullock, Jenkins and Harrison",8605.01,2,Sony PlayStation Gray PS1,4.0,21.99,87.96,10.0,96.76,87.96,True,96.756,True,True,1,0.028740119436704237,False,Normal
batch1-0482.jpg,60595703,08/13/2019,"Bullock, Jenkins and Harrison",8605.01,3,Nintendo 64 complete Boxed,5.0,,,,,,False,,False,False,1,0.07862962768810455,False,Normal
batch1-0482.jpg,60595703,08/13/2019,"Bullock, Jenkins and Harrison",8605.01,4,Nintendo Switch Lite Turquoise,5.0,,,,,,False,,False,False,1,0.07862962768810455,False,Normal
batch1-0482.jpg,60595703,08/13/2019,"Bullock, Jenkins and Harrison",8605.01,5,Nintendo Wii Console With,2.0,,,,,,False,,False,False,1,0.08969061827656727,False,Normal
batch1-0482.jpg,60595703,08/13/2019,"Bullock, Jenkins and Harrison",8605.01,6,Nintendo Wii White Console,5.0,,,,,,False,,False,False,1,0.07862962768810455,False,Normal
batch1-0482.jpg,60595703,08/13/2019,"Bullock, Jenkins and Harrison",8605.01,7,PlayStation 5 Console Disc,5.0,,,,,,False,,False,False,1,0.07862962768810455,False,Normal
batch1-0483.jpg,37575831,08/27/2017,Mcbride-Smith,205.29,1,Pictures From a Distant Country: Seeing America Through Oid Paper Money,4.0,,,,,,False,,False,False,1,0.09500330356536002,False,Normal
batch1-0483.jpg,37575831,08/27/2017,Mcbride-Smith,205.29,2,Diabetic Dream Desserts,2.0,,,,,,False,,False,False,1,0.08969061827656727,False,Normal
batch1-0483.jpg,37575831,08/27/2017,Mcbride-Smith,205.29,3,A History of Christianity Vol. 1: Beginnings to 1500 by Kenneth S. Latourette,5.0,,,,,,False,,False,False,1,0.07862962768810455,False,Normal
batch1-0483.jpg,37575831,08/27/2017,Mcbride-Smith,205.29,4,King Arthur And His Knights New Sealed Illustrated Leather Bound Gift Hardback,3.0,,,,,,False,,False,False,1,0.09996470912184524,False,Normal
batch1-0483.jpg,37575831,08/27/2017,Mcbride-Smith,205.29,5,How to Repair Home Laundry Appliances,3.0,,,,,,False,,False,False,1,0.09996470912184524,False,Normal
batch1-0483.jpg,37575831,08/27/2017,Mcbride-Smith,205.29,6,Tumbling by Caela Carter,1.0,,,,,,False,,False,False,1,0.06889057152290301,False,Normal
batch1-0484.jpg,69638281,07/09/2014,Powers-Parker,66.0,1,Jordan 10 Retro Fusion Red Size,1.0,,,,,,False,,False,False,1,0.06889057152290301,False,Normal
batch1-0485.jpg,71388340,02/21/2021,Berg Ltd,14317.42,1,"12"" White Marble Coffee Table Top Lapis Turquoise Fioral inlay Home Decors W538",5.0,,,,,,False,,False,False,1,0.07862962768810455,False,Normal
batch1-0485.jpg,71388340,02/21/2021,Berg Ltd,14317.42,2,24 Inches Marble Sofa Table Top Inlay Coffee Table with Malachite Stone Work,2.0,,,,,,False,,False,False,1,0.08969061827656727,False,Normal
batch1-0485.jpg,71388340,02/21/2021,Berg Ltd,14317.42,3,24 Inches Round Marble Coffee Table Top Inlay Sofa Table with Geometrical Design,3.0,,,,,,False,,False,False,1,0.09996470912184524,False,Normal
batch1-0485.jpg,71388340,02/21/2021,Berg Ltd,14317.42,4,Semi precious Stone Work Inlaid Dinning Table Top Marble Kitchen Table 42 Inches,3.0,,,,,,False,,False,False,1,0.09996470912184524,False,Normal
batch1-0485.jpg,71388340,02/21/2021,Berg Ltd,14317.42,5,"18"" White Top Chess Table Handmade Inlaid Mosaic Decorative Art Halloween Gift",1.0,,,,,,False,,False,False,1,0.06889057152290301,False,Normal
batch1-0485.jpg,71388340,02/21/2021,Berg Ltd,14317.42,6,"18""x18"" White Hand Curved Top Coffee Table Inlay Decorative Gift For Her Wedding",2.0,,,,,,False,,False,False,1,0.08969061827656727,False,Normal
batch1-0486.jpg,28807915,06/10/2020,Lucas-Hall,2861.8,1,Nintendo Wii Console RVL-001 Complete Hookups W/ Mario&Sonic; Tested / Working,2.0,,,,,,False,,False,False,1,0.08969061827656727,False,Normal
batch1-0486.jpg,28807915,06/10/2020,Lucas-Hall,2861.8,2,Anbernic Retro Games 500 in 1 8 Bit Classic Video Game Console Handheld Player,4.0,,,,,,False,,False,False,1,0.09500330356536002,False,Normal
batch1-0486.jpg,28807915,06/10/2020,Lucas-Hall,2861.8,3,Nintendo Wii White Console RVL-001 Bundle Game Cube Compatible Controllers senso,5.0,,,,,,False,,False,False,1,0.07862962768810455,False,Normal
batch1-0486.jpg,28807915,06/10/2020,Lucas-Hall,2861.8,4,Sega Game Gear Micro console 4 color complete set 30th Anniversary GG w/window,2.0,,,,,,False,,False,False,1,0.08969061827656727,False,Normal
batch1-0486.jpg,28807915,06/10/2020,Lucas-Hall,2861.8,5,Microsoft Xbox One X 1TB 4k Ultra HD Console black controller works great 1787,5.0,,,,,,False,,False,False,1,0.07862962768810455,False,Normal
batch1-0486.jpg,28807915,06/10/2020,Lucas-Hall,2861.8,6,Nintendo Switch 32 GB Black - Console Only - Works Perfect Fast Shipping!,1.0,,,,,,False,,False,False,1,0.06889057152290301,False,Normal
batch1-0486.jpg,28807915,06/10/2020,Lucas-Hall,2861.8,7,8397 Nintendo DSi console Red Japan NDS x,2.0,,,,,,False,,False,False,1,0.08969061827656727,False,Normal
batch1-0487.jpg,63279909,01/27/2012,Jacobson-Wilson,285.96,1,Nintendo 64 Pokemon Pikachu,1.0,,,,,,False,,False,False,1,0.06889057152290301,False,Normal
batch1-0487.jpg,63279909,01/27/2012,Jacobson-Wilson,285.96,2,B360 Nintendo 2DS console,2.0,,,,,,False,,False,False,1,0.08969061827656727,False,Normal
batch1-0488.jpg,11829549,05/13/2017,Smith-Myers,172.26,1,Whiskey Glass Mountain Wooden Bottom Wine Transparent,1.0,,,,,,False,,False,False,1,0.06889057152290301,False,Normal
batch1-0488.jpg,11829549,05/13/2017,Smith-Myers,172.26,2,Outdoor Wine Glass Beer Holder To Armrest With Attachments Red Wine Base _yoxq,5.0,,,,,,False,,False,False,1,0.07862962768810455,False,Normal
batch1-0488.jpg,11829549,05/13/2017,Smith-Myers,172.26,3,"Waterford Elegance Chardonnay Wine Glass, Pair - 40001097 New In Box",4.0,,,,,,False,,False,False,1,0.09500330356536002,False,Normal
batch1-0489.jpg,37451664,06/11/2020,Scott-Howard,153.92,1,PUMA Boys Youth Universal FG,2.0,,,,,,False,,False,False,1,0.08969061827656727,False,Normal
batch1-0489.jpg,37451664,06/11/2020,Scott-Howard,153.92,2,Lotto Youth Boys Fuerzapura,5.0,,,,,,False,,False,False,1,0.07862962768810455,False,Normal
batch1-0490.jpg,32135544,08/16/2014,,689.19,1,Wine Bottle Storage 6 Slots Modern Countertop Metal Rack Kitchen Bar Organizer,4.0,,,,,,False,,False,False,1,0.09500330356536002,False,Normal
batch1-0490.jpg,32135544,08/16/2014,,689.19,2,Anthropologie Gold Elegant Swan Decorative Metal Bottle Stopper Wine Saver,4.0,,,,,,False,,False,False,1,0.09500330356536002,False,Normal
batch1-0490.jpg,32135544,08/16/2014,,689.19,3,"mDesign Metal Wine Rack Storage Organizer, 12 Bottles - Dark Gray",4.0,,,,,,False,,False,False,1,0.09500330356536002,False,Normal
batch1-0490.jpg,32135544,08/16/2014,,689.19,4,Tiffany and Co Pair 2 Stemless Wine Champagne Glasses Original Stickers NO BOX,2.0,,,,,,False,,False,False,1,0.08969061827656727,False,Normal
batch1-0490.jpg,32135544,08/16/2014,,689.19,5,Outdoor Wine Glass Beer Holder To Armrest With Attachments Red Wine Base _yoxq,3.0,,,,,,False,,False,False,1,0.09996470912184524,False,Normal
batch1-0490.jpg,32135544,08/16/2014,,689.19,6,Hardwood Wine Rack 12 Bottles Very Nice Eonophiles Delight,3.0,,,,,,False,,False,False,1,0.09996470912184524,False,Normal
batch1-0491.jpg,10372826,05/15/2019,"Graham, Briggs and Anderson Moore Group",276.6,1,NEW TOMMY HILFIGER RED,5.0,34.5,172.5,10.0,189.75,172.5,True,189.75000000000003,True,True,-1,-0.003876527765850346,True,Unusual pattern detected by Isolation Forest
batch1-0491.jpg,10372826,05/15/2019,"Graham, Briggs and Anderson Moore Group",276.6,2,"10"" Cuphead Game Soft Plush",1.0,26.99,26.99,10.0,29.69,26.99,True,29.689,True,True,1,0.020986529576785595,False,Normal
batch1-0491.jpg,10372826,05/15/2019,"Graham, Briggs and Anderson Moore Group",276.6,3,2 Pair-Wonder Nation Childrens,4.0,12.99,51.96,10.0,57.16,51.96,True,57.156000000000006,True,True,1,0.02361950867601259,False,Normal
batch1-0492.jpg,45175273,03/30/2020,"Thomas and Sons Smith, Fox and Castaneda",771.54,1,Garden Flower Carpet Quilted,5.0,45.5,227.5,10.0,250.25,227.5,True,250.25000000000003,True,True,-1,-0.01892136161680391,True,Unusual pattern detected by Isolation Forest
batch1-0492.jpg,45175273,03/30/2020,"Thomas and Sons Smith, Fox and Castaneda",771.54,2,Rectangle Faux Fur Sheepskin,2.0,29.95,59.9,10.0,65.89,59.9,True,65.89,True,True,1,0.03365630737266617,False,Normal
batch1-0492.jpg,45175273,03/30/2020,"Thomas and Sons Smith, Fox and Castaneda",771.54,3,Color Skull Series Small Large,5.0,36.3,181.5,10.0,199.65,181.5,True,199.65,True,True,-1,-0.0038058293607828864,True,Unusual pattern detected by Isolation Forest
batch1-0492.jpg,45175273,03/30/2020,"Thomas and Sons Smith, Fox and Castaneda",771.54,4,Unicorn Series Small Large Long,5.0,46.5,232.5,10.0,255.75,232.5,True,255.75000000000003,True,True,-1,-0.022121467021086194,True,Unusual pattern detected by Isolation Forest
batch1-0493.jpg,22529030,02/02/2018,"Hogan, Adkins and Rogers",2389.07,1,PS2 Slim Console System,4.0,,,,,,False,,False,False,1,0.09500330356536002,False,Normal
batch1-0493.jpg,22529030,02/02/2018,"Hogan, Adkins and Rogers",2389.07,2,Nintendo Wii Console With,5.0,,,,,,False,,False,False,1,0.07862962768810455,False,Normal
batch1-0493.jpg,22529030,02/02/2018,"Hogan, Adkins and Rogers",2389.07,3,Nintendo Switch Gaming,1.0,,,,,,False,,False,False,1,0.06889057152290301,False,Normal
batch1-0493.jpg,22529030,02/02/2018,"Hogan, Adkins and Rogers",2389.07,4,Sony PlayStation Gray PS1,2.0,,,,,,False,,False,False,1,0.08969061827656727,False,Normal
batch1-0493.jpg,22529030,02/02/2018,"Hogan, Adkins and Rogers",2389.07,5,6408 Nintendo Gameboy Color,4.0,,,,,,False,,False,False,1,0.09500330356536002,False,Normal
batch1-0493.jpg,22529030,02/02/2018,"Hogan, Adkins and Rogers",2389.07,6,Nintendo DS Lite Onyx Black,1.0,,,,,,False,,False,False,1,0.06889057152290301,False,Normal
batch1-0493.jpg,22529030,02/02/2018,"Hogan, Adkins and Rogers",2389.07,7,Nintendo 64 N64 Game Console,3.0,,,,,,False,,False,False,1,0.09996470912184524,False,Normal
batch1-0494.jpg,84652373,02/23/2021,Nguyen-Roach Clark-Foster,232.95,1,Stemware Rack Display Kitchen,1.0,42.32,42.32,10.0,46.55,42.32,True,46.55200000000001,True,True,1,0.01162785410191769,False,Normal
batch1-0494.jpg,84652373,02/23/2021,Nguyen-Roach Clark-Foster,232.95,2,VTG (4) 7 Ounce Since 1852,1.0,14.0,14.0,10.0,15.4,14.0,True,15.400000000000002,True,True,1,0.028515569327703882,False,Normal
batch1-0494.jpg,84652373,02/23/2021,Nguyen-Roach Clark-Foster,232.95,3,Vintage Crystal Red Wine,1.0,35.45,35.45,10.0,39.0,35.45,True,38.995000000000005,True,True,1,0.010911021672283694,False,Normal
batch1-0494.jpg,84652373,02/23/2021,Nguyen-Roach Clark-Foster,232.95,4,3 Ikea Stainless Steel 4-bottle,4.0,25.0,100.0,10.0,110.0,100.0,True,110.00000000000001,True,True,1,0.02732092034631234,False,Normal
batch1-0494.jpg,84652373,02/23/2021,Nguyen-Roach Clark-Foster,232.95,5,"Lolita ""Wine Bouquet"" Hand",1.0,20.0,20.0,10.0,22.0,20.0,True,22.0,True,True,1,0.026726968341963753,False,Normal
batch1-0495.jpg,45302561,11/25/2015,Wright-Hall,137354.02,1,60 Inches Marble Dinning Table,2.0,,,,,,False,,False,False,1,0.08969061827656727,False,Normal
batch1-0495.jpg,45302561,11/25/2015,Wright-Hall,137354.02,2,7'x4' Marble Living Room Center,4.0,,,,,,False,,False,False,1,0.09500330356536002,False,Normal
batch1-0495.jpg,45302561,11/25/2015,Wright-Hall,137354.02,3,36 Inches Marble Dinning Table,5.0,,,,,,False,,False,False,1,0.07862962768810455,False,Normal
batch1-0495.jpg,45302561,11/25/2015,Wright-Hall,137354.02,4,5'x2' Marble White Center Table,4.0,,,,,,False,,False,False,1,0.09500330356536002,False,Normal
batch1-0495.jpg,45302561,11/25/2015,Wright-Hall,137354.02,5,Yellow Marble Royal Look,3.0,,,,,,False,,False,False,1,0.09996470912184524,False,Normal
batch1-0495.jpg,45302561,11/25/2015,Wright-Hall,137354.02,6,"26""x26"" Black Marble Round",3.0,,,,,,False,,False,False,1,0.09996470912184524,False,Normal
batch1-0495.jpg,45302561,11/25/2015,Wright-Hall,137354.02,7,Carnelian Stone Inlay Art Marble,4.0,,,,,,False,,False,False,1,0.09500330356536002,False,Normal
batch1-0496.jpg,75399670,03/25/2012,Roberts-Larson,246.28,1,Rebecca Minkoff Black Polyester Fringe and Lambskin Dress Sz 12,2.0,,,,,,False,,False,False,1,0.08969061827656727,False,Normal
batch1-0496.jpg,75399670,03/25/2012,Roberts-Larson,246.28,2,Socialite White Black Striped A Line Dress With Pockets Large,2.0,,,,,,False,,False,False,1,0.08969061827656727,False,Normal
batch1-0496.jpg,75399670,03/25/2012,Roberts-Larson,246.28,3,womens sparkle dress size 2X Holiday Party RED metallic,,,,,,,False,,False,False,1,0.015377551514200227,False,Normal
batch1-0496.jpg,75399670,03/25/2012,Roberts-Larson,246.28,4,1920s Flapper Gatsby Cocktail Dress Chiffon Wedding Party Evening Formal Dresses,,,,,,,False,,False,False,1,0.015377551514200227,False,Normal
batch1-0496.jpg,75399670,03/25/2012,Roberts-Larson,246.28,5,"New Wailis black floral midi dress sleeveles, size UK 12",,,,,,,False,,False,False,1,0.015377551514200227,False,Normal
batch1-0497.jpg,73285932,07/25/2017,"Merritt, Williams and Young Olson, Cisneros and Moore",677.47,1,Bcbhgeneration Black Sleeveless,2.0,2.99,5.98,10.0,6.58,5.98,True,6.578000000000001,True,True,1,0.020512546822197553,False,Normal
batch1-0497.jpg,73285932,07/25/2017,"Merritt, Williams and Young Olson, Cisneros and Moore",677.47,2,2pcs baby boys clothes cotton,5.0,10.99,54.95,10.0,60.45,54.95,True,60.44500000000001,True,True,1,0.00424499104717968,False,Normal
batch1-0497.jpg,73285932,07/25/2017,"Merritt, Williams and Young Olson, Cisneros and Moore",677.47,3,NWT $1200 J.Crew Silk Chiffon,1.0,295.0,295.0,10.0,324.5,295.0,True,324.5,True,True,-1,-0.06956397362493483,True,Unusual pattern detected by Isolation Forest
batch1-0497.jpg,73285932,07/25/2017,"Merritt, Williams and Young Olson, Cisneros and Moore",677.47,4,Shein Blue And White Striped,5.0,8.0,40.0,10.0,44.0,40.0,True,44.0,True,True,1,0.0005340817437799461,False,Normal
batch1-0497.jpg,73285932,07/25/2017,"Merritt, Williams and Young Olson, Cisneros and Moore",677.47,5,Guess Dress Size 6,2.0,20.0,40.0,10.0,44.0,40.0,True,44.0,True,True,1,0.03651119622011417,False,Normal
batch1-0497.jpg,73285932,07/25/2017,"Merritt, Williams and Young Olson, Cisneros and Moore",677.47,6,CLIFFORD & WILLS BLACK,5.0,5.99,29.95,10.0,32.95,29.950000000000003,True,32.945,True,True,-1,-0.00029060732233665565,True,Unusual pattern detected by Isolation Forest
batch1-0497.jpg,73285932,07/25/2017,"Merritt, Williams and Young Olson, Cisneros and Moore",677.47,7,Matilda Jane Women's Light,3.0,50.0,150.0,10.0,165.0,150.0,True,165.0,True,True,1,0.008449306197722772,False,Normal
batch1-0498.jpg,33310882,01/23/2020,Brown Group,2446.21,1,NEC PC Engine INTERFACE UNIT IFU-30 CD ROM Console PI-TGOO1 Tested Japan,5.0,,,,,,False,,False,False,1,0.07862962768810455,False,Normal
batch1-0498.jpg,33310882,01/23/2020,Brown Group,2446.21,2,"Original xbox console (Works Great, Tested)",3.0,,,,,,False,,False,False,1,0.09996470912184524,False,Normal
batch1-0498.jpg,33310882,01/23/2020,Brown Group,2446.21,3,Super Nintendo SNES System Console SNS-001 with 2 Controllers Cleaned And Tested,4.0,,,,,,False,,False,False,1,0.09500330356536002,False,Normal
batch1-0498.jpg,33310882,01/23/2020,Brown Group,2446.21,4,Nintendo BLUE Wii System Game Console Complete with 2 Motion Remotes Tested Work,4.0,,,,,,False,,False,False,1,0.09500330356536002,False,Normal
batch1-0498.jpg,33310882,01/23/2020,Brown Group,2446.21,5,Magnavox Odyssey 2 Microprocessor Console System w Joy Sticks & 15 Games - 1978,2.0,,,,,,False,,False,False,1,0.08969061827656727,False,Normal
batch1-0499.jpg,40108666,02/07/2020,"Bailey, Murray and Lewis Hester Inc",498.21,1,Microsoft Xbox One 1 - 500 GB,1.0,175.0,175.0,10.0,192.5,175.0,True,192.50000000000003,True,True,-1,-0.046077403609177336,True,Unusual pattern detected by Isolation Forest
batch1-0499.jpg,40108666,02/07/2020,"Bailey, Murray and Lewis Hester Inc",498.21,2,Nintendo DSOriginal NTR-001,3.0,0.99,2.97,10.0,3.27,2.9699999999999998,True,3.2670000000000003,True,True,1,0.013076620058942445,False,Normal
batch1-0499.jpg,40108666,02/07/2020,"Bailey, Murray and Lewis Hester Inc",498.21,3,Nintendo 20S Console Blue,5.0,54.99,274.95,10.0,302.45,274.95,True,302.445,True,True,-1,-0.030747304531439368,True,Unusual pattern detected by Isolation Forest
